model,pas,rep,layer,m_tokens,clock,clock_med,held,locked,ms_per_layer,power_w,idle_w,p_dyn_w,energy_mj_per_layer,e_dyn_mj_per_layer,tflops,kappa_mw_per_mhz_per_sm,replays,reps
qwen,0,0,0,7744,-1,1335,False,False,3.73579,404.87,63.1,341.77,1512.5074,1276.7794,156.5,2.37044,141,4
qwen,0,0,0,7744,1095,1095,True,True,4.39509,268.72,64.3,204.42,1181.0497,898.4452,133.02,1.72856,141,4
qwen,0,0,0,7744,1200,1200,True,True,4.04733,317.95,67.52,250.43,1286.8484,1013.5727,144.45,1.93233,154,4
qwen,0,0,0,7744,1065,1065,True,True,4.50748,256.94,63.42,193.52,1158.1521,872.2877,129.71,1.68249,138,4
qwen,0,0,0,7744,1005,1005,True,True,4.75366,241.74,62.5,179.24,1149.1508,852.0468,122.99,1.65137,131,4
qwen,0,0,0,7744,780,780,True,True,6.03386,202.36,61.08,141.28,1221.0117,852.4636,96.9,1.67711,103,4
qwen,0,0,0,7744,1080,1080,True,True,4.4519,263.1,63.97,199.13,1171.2956,886.5074,131.33,1.70722,140,4
qwen,0,0,0,7744,1155,1155,True,True,4.18915,297.12,66.65,230.47,1244.6792,965.4726,139.56,1.8476,148,4
qwen,0,0,0,7744,1185,1185,True,True,4.09296,310.91,68.12,242.79,1272.5421,993.7297,142.84,1.89709,152,4
qwen,0,0,0,7744,1140,1140,True,True,4.23861,290.09,66.65,223.44,1229.5775,947.0744,137.94,1.81481,147,4
qwen,0,0,0,7744,1290,1290,True,True,3.79734,379.77,73.1,306.67,1442.1163,1164.5307,153.96,2.20119,164,4
qwen,0,0,0,7744,510,510,True,True,9.0214,156.03,60.47,95.56,1407.6083,862.0845,64.81,1.73493,69,4
qwen,0,0,0,7744,1215,1215,True,True,4.00287,326.73,69.27,257.46,1307.8582,1030.5793,146.06,1.96205,155,4
qwen,0,0,0,7744,825,825,True,True,5.71351,212.08,62.23,149.85,1211.7205,856.169,102.33,1.68182,109,4
qwen,0,0,0,7744,1380,1320,False,True,3.72404,402.94,79.27,323.67,1500.5645,1205.3599,156.99,2.27041,174,4
qwen,0,0,0,7744,990,990,True,True,4.82047,239.37,63.42,175.95,1153.8756,848.1615,121.29,1.64562,129,4
qwen,0,0,0,7744,735,735,True,True,6.39357,195.65,61.62,134.03,1250.9017,856.93,91.44,1.68846,97,4
qwen,0,0,0,7744,690,690,True,True,6.81476,186.54,61.08,125.46,1271.2259,854.9801,85.79,1.68357,91,4
qwen,0,0,0,7744,1275,1275,True,True,3.83605,365.71,72.49,293.22,1402.8831,1124.8076,152.41,2.12941,162,4
qwen,0,0,0,7744,1125,1125,True,True,4.29362,280.71,66.05,214.66,1205.2621,921.6685,136.17,1.76675,145,4
qwen,0,0,0,7744,1020,1020,True,True,4.68641,246.68,63.7,182.98,1156.0428,857.5187,124.75,1.66104,132,4
qwen,0,0,0,7744,1110,1110,True,True,4.34789,273.69,65.45,208.24,1189.9747,905.4051,134.47,1.73707,143,4
qwen,0,0,0,7744,1050,1050,True,True,4.56618,252.85,63.7,189.15,1154.5581,863.6926,128.04,1.66799,136,4
qwen,0,0,0,7744,1035,1035,True,True,4.6258,246.68,63.42,183.26,1141.0934,847.7249,126.39,1.63947,134,4
qwen,0,0,0,7744,870,870,True,True,5.42192,220.59,62.5,158.09,1196.0221,857.1519,107.83,1.68252,115,4
qwen,0,0,0,7744,945,945,True,True,5.02555,231.45,62.83,168.62,1163.1643,847.4088,116.34,1.65217,124,4
qwen,0,0,0,7744,960,960,True,True,4.9572,233.94,62.83,171.11,1159.6879,848.2269,117.94,1.65037,125,4
qwen,0,0,0,7744,930,930,True,True,5.09651,229.1,62.83,166.27,1167.6101,847.3964,114.72,1.65542,122,4
qwen,0,0,0,7744,600,600,True,True,7.76992,170.44,60.47,109.97,1324.3048,854.4578,75.25,1.69707,80,4
qwen,0,0,0,7744,555,555,True,True,8.34167,163.07,60.15,102.92,1360.2761,858.5247,70.09,1.71705,74,4
qwen,0,0,0,7744,1170,1170,True,True,4.14024,304.2,67.19,237.01,1259.4599,981.2774,141.21,1.87567,150,4
qwen,0,0,0,7744,975,975,True,True,4.88662,236.41,63.1,173.31,1155.2466,846.9007,119.64,1.64587,127,4
qwen,0,0,0,7744,1245,1245,True,True,3.91716,348.43,71.34,277.09,1364.855,1085.405,149.25,2.06076,159,4
qwen,0,0,0,7744,645,645,True,True,7.28176,178.03,60.75,117.28,1296.3725,854.0053,80.29,1.68361,85,4
qwen,0,0,0,7744,1335,1320,True,True,3.7268,401.15,76.32,324.83,1495.0056,1210.5763,156.88,2.27855,169,4
qwen,0,0,0,7744,1260,1260,True,True,3.87611,358.07,72.22,285.85,1387.9181,1107.9856,150.83,2.1006,160,4
qwen,0,0,0,7744,1410,1320,False,True,3.72455,399.13,83.09,316.04,1486.5787,1177.1061,156.97,2.21689,177,4
qwen,0,0,0,7744,1230,1230,True,True,3.95898,341.99,71.62,270.37,1353.9325,1070.3901,147.68,2.03531,157,4
qwen,0,0,0,7744,915,915,True,True,5.18659,226.16,63.1,163.06,1173.0,845.7259,112.72,1.65007,120,4
qwen,1,0,0,7744,-1,1320,False,False,3.75213,398.8,65.18,333.62,1496.3502,1251.7862,155.82,2.34021,141,4
qwen,1,0,0,7744,600,600,True,True,7.76993,170.98,61.35,109.63,1328.5022,851.8171,75.25,1.69182,80,4
qwen,1,0,0,7744,1245,1245,True,True,3.91713,349.9,71.62,278.28,1370.604,1090.0591,149.26,2.06961,159,4
qwen,1,0,0,7744,1140,1140,True,True,4.24297,287.77,66.92,220.85,1221.0009,937.061,137.79,1.79378,147,4
qwen,1,0,0,7744,990,990,True,True,4.82055,238.76,63.42,175.34,1150.9542,845.235,121.28,1.63992,129,4
qwen,1,0,0,7744,1035,1035,True,True,4.62712,246.68,63.42,183.26,1141.4183,847.9663,126.35,1.63947,134,4
qwen,1,0,0,7744,1230,1230,True,True,3.959,341.39,71.02,270.37,1351.5616,1070.3937,147.68,2.03531,157,4
qwen,1,0,0,7744,1200,1200,True,True,4.04716,320.84,69.55,251.29,1298.4911,1017.011,144.46,1.93897,154,4
qwen,1,0,0,7744,1170,1170,True,True,4.14048,307.38,68.4,238.98,1272.7017,989.4927,141.2,1.89126,150,4
qwen,1,0,0,7744,1125,1125,True,True,4.29417,280.98,66.33,214.65,1206.5746,921.7426,136.15,1.76667,145,4
qwen,1,0,0,7744,945,945,True,True,5.02398,235.27,63.42,171.85,1181.992,863.3711,116.37,1.68381,124,4
qwen,1,0,0,7744,975,975,True,True,4.88889,239.64,63.42,176.22,1171.5737,861.5202,119.59,1.6735,127,4
qwen,1,0,0,7744,645,645,True,True,7.28187,178.35,60.75,117.6,1298.7218,856.3481,80.29,1.6882,85,4
qwen,1,0,0,7744,1290,1290,True,True,3.79726,380.65,73.1,307.55,1445.4276,1167.8478,153.97,2.20751,164,4
qwen,1,0,0,7744,1215,1215,True,True,4.00278,327.6,70.14,257.46,1311.3118,1030.5566,146.06,1.96205,155,4
qwen,1,0,0,7744,1065,1065,True,True,4.50697,259.01,64.57,194.44,1167.351,876.3358,129.72,1.69049,138,4
qwen,1,0,0,7744,510,510,True,True,9.0214,155.75,60.75,95.0,1405.083,857.033,64.81,1.72476,69,4
qwen,1,0,0,7744,555,555,True,True,8.3416,163.4,60.47,102.93,1363.0168,858.6005,70.09,1.71722,74,4
qwen,1,0,0,7744,960,960,True,True,4.95525,236.41,62.83,173.58,1171.4717,860.1331,117.99,1.67419,125,4
qwen,1,0,0,7744,1380,1320,False,True,3.71809,397.33,79.27,318.06,1477.3085,1182.5755,157.25,2.23106,174,4
qwen,1,0,0,7744,1260,1260,True,True,3.87615,358.95,72.49,286.46,1391.3457,1110.3632,150.83,2.10509,160,4
qwen,1,0,0,7744,735,735,True,True,6.3936,195.65,61.95,133.7,1250.9084,854.8247,91.44,1.6843,97,4
qwen,1,0,0,7744,690,690,True,True,6.81502,186.54,61.08,125.46,1271.274,855.0125,85.79,1.68357,91,4
qwen,1,0,0,7744,1275,1275,True,True,3.83611,366.58,72.49,294.09,1406.2411,1128.1615,152.41,2.13573,162,4
qwen,1,0,0,7744,1185,1185,True,True,4.09288,313.53,68.67,244.86,1283.242,1002.1836,142.85,1.91327,152,4
qwen,1,0,0,7744,930,930,True,True,5.09473,231.99,63.42,168.57,1181.9263,858.8185,114.76,1.67832,122,4
qwen,1,0,0,7744,1335,1320,True,True,3.72193,398.25,76.59,321.66,1482.2587,1197.1961,157.08,2.25631,169,4
qwen,1,0,0,7744,780,780,True,True,6.03342,204.44,62.5,141.94,1233.4723,856.3836,96.9,1.68495,103,4
qwen,1,0,0,7744,1410,1320,False,True,3.72773,399.13,83.09,316.04,1487.8474,1178.1106,156.84,2.21689,177,4
qwen,1,0,0,7744,1020,1020,True,True,4.68615,244.93,63.97,180.96,1147.7795,848.0063,124.76,1.6427,133,4
qwen,1,0,0,7744,1095,1095,True,True,4.40075,267.85,65.18,202.67,1178.7417,891.9006,132.85,1.71377,141,4
qwen,1,0,0,7744,915,915,True,True,5.18656,226.43,62.83,163.6,1174.3937,848.5219,112.72,1.65554,120,4
qwen,1,0,0,7744,870,870,True,True,5.42193,220.26,62.83,157.43,1194.2332,853.5737,107.83,1.6755,115,4
qwen,1,0,0,7744,1155,1155,True,True,4.19619,294.48,66.92,227.56,1235.6946,954.8854,139.33,1.82427,148,4
qwen,1,0,0,7744,1110,1110,True,True,4.34735,274.56,65.45,209.11,1193.6088,909.0747,134.48,1.74433,143,4
qwen,1,0,0,7744,1080,1080,True,True,4.45523,264.3,64.85,199.45,1177.5175,888.5958,131.23,1.70996,140,4
qwen,1,0,0,7744,1005,1005,True,True,4.75264,244.06,63.42,180.64,1159.9304,858.5177,123.02,1.66427,131,4
qwen,1,0,0,7744,825,825,True,True,5.71353,212.68,62.23,150.45,1215.1535,859.6005,102.33,1.68855,109,4
qwen,1,0,0,7744,1050,1050,True,True,4.56929,250.77,63.7,187.07,1145.8419,854.7779,127.95,1.64965,136,4
qwen,2,0,0,7744,-1,1320,False,False,3.78183,398.25,64.85,333.4,1506.114,1260.8623,154.6,2.33866,141,4
qwen,2,0,0,7744,1230,1230,True,True,3.95922,341.67,71.02,270.65,1352.746,1071.5624,147.67,2.03741,157,4
qwen,2,0,0,7744,1410,1320,False,True,3.72887,401.54,83.37,318.17,1497.2922,1186.4159,156.79,2.23183,177,4
qwen,2,0,0,7744,1140,1140,True,True,4.24358,288.33,66.92,221.41,1223.5514,939.5711,137.77,1.79833,146,4
qwen,2,0,0,7744,945,945,True,True,5.02379,231.72,63.1,168.62,1164.1131,847.1118,116.38,1.65217,124,4
qwen,2,0,0,7744,990,990,True,True,4.82046,239.03,63.1,175.93,1152.2353,848.0641,121.29,1.64544,129,4
qwen,2,0,0,7744,1290,1290,True,True,3.79684,380.65,73.97,306.68,1445.2676,1164.4153,153.98,2.20126,164,4
qwen,2,0,0,7744,735,735,True,True,6.39393,193.3,61.62,131.68,1235.9458,841.9521,91.44,1.65886,97,4
qwen,2,0,0,7744,1215,1215,True,True,4.0027,330.22,69.87,260.35,1321.7732,1042.1042,146.06,1.98407,155,4
qwen,2,0,0,7744,915,915,True,True,5.18667,225.55,62.5,163.05,1169.8526,845.686,112.72,1.64997,120,4
qwen,2,0,0,7744,930,930,True,True,5.09476,228.78,62.83,165.95,1165.579,845.4753,114.76,1.65223,122,4
qwen,2,0,0,7744,1245,1245,True,True,3.9172,349.9,71.62,278.28,1370.6267,1090.0772,149.25,2.06961,159,4
qwen,2,0,0,7744,510,510,True,True,9.02136,156.36,60.75,95.61,1410.5805,862.5326,64.81,1.73584,69,4
qwen,2,0,0,7744,1035,1035,True,True,4.62631,247.0,63.7,183.3,1142.6982,848.0023,126.38,1.63983,134,4
qwen,2,0,0,7744,690,690,True,True,6.81506,186.26,61.08,125.18,1269.3729,853.1091,85.79,1.67982,91,4
qwen,2,0,0,7744,1275,1275,True,True,3.83608,366.31,72.22,294.09,1405.1943,1128.1526,152.41,2.13573,162,4
qwen,2,0,0,7744,600,600,True,True,7.77013,170.98,61.08,109.9,1328.5375,853.9377,75.24,1.69599,80,4
qwen,2,0,0,7744,1095,1095,True,True,4.40193,266.93,64.57,202.36,1175.0084,890.7755,132.82,1.71114,141,4
qwen,2,0,0,7744,1005,1005,True,True,4.75348,242.85,63.42,179.43,1154.3834,852.9175,122.99,1.65312,131,4
qwen,2,0,0,7744,1260,1260,True,True,3.87608,357.48,71.9,285.58,1385.6196,1106.9298,150.84,2.09862,161,4
qwen,2,0,0,7744,1020,1020,True,True,4.68617,244.06,63.42,180.64,1143.7059,846.5092,124.76,1.6398,132,4
qwen,2,0,0,7744,825,825,True,True,5.71345,210.33,62.23,148.1,1201.7105,846.1623,102.33,1.66218,109,4
qwen,2,0,0,7744,960,960,True,True,4.95678,233.8,63.1,170.7,1158.8948,846.1221,117.95,1.64641,125,4
qwen,2,0,0,7744,1125,1125,True,True,4.29327,280.73,65.77,214.96,1205.2508,922.8822,136.18,1.76922,145,4
qwen,2,0,0,7744,780,780,True,True,6.03346,203.56,61.95,141.61,1228.1711,854.3983,96.9,1.68103,103,4
qwen,2,0,0,7744,1185,1185,True,True,4.09539,311.46,68.67,242.79,1275.5502,994.3197,142.76,1.89709,152,4
qwen,2,0,0,7744,1110,1110,True,True,4.34926,273.41,65.18,208.23,1189.1324,905.6474,134.43,1.73699,143,4
qwen,2,0,0,7744,555,555,True,True,8.34178,163.4,60.47,102.93,1363.0476,858.6199,70.09,1.71722,74,4
qwen,2,0,0,7744,975,975,True,True,4.88596,238.16,62.83,175.33,1163.6405,856.6556,119.66,1.66505,127,4
qwen,2,0,0,7744,1155,1155,True,True,4.19629,293.64,66.65,226.99,1232.198,952.5154,139.33,1.8197,148,4
qwen,2,0,0,7744,1065,1065,True,True,4.51697,254.32,63.97,190.35,1148.7556,859.8051,129.43,1.65493,138,4
qwen,2,0,0,7744,1380,1320,False,True,3.72319,398.53,79.54,318.99,1483.8039,1187.6612,157.03,2.23758,174,4
qwen,2,0,0,7744,870,870,True,True,5.42184,218.79,62.83,155.96,1186.2435,845.5895,107.83,1.65986,115,4
qwen,2,0,0,7744,645,645,True,True,7.28177,178.35,61.08,117.27,1298.7038,853.9332,80.29,1.68346,85,4
qwen,2,0,0,7744,1050,1050,True,True,4.57454,248.15,63.7,184.45,1135.1724,843.7741,127.81,1.62654,136,4
qwen,2,0,0,7744,1200,1200,True,True,4.04821,320.56,69.0,251.56,1297.6948,1018.3682,144.42,1.94105,153,4
qwen,2,0,0,7744,1080,1080,True,True,4.46383,260.75,64.57,196.18,1163.9438,875.7143,130.98,1.68193,139,4
qwen,2,0,0,7744,1170,1170,True,True,4.14755,301.81,67.52,234.29,1251.7733,971.7305,140.96,1.85415,150,4
qwen,2,0,0,7744,1335,1320,True,True,3.7282,398.53,76.32,322.21,1485.8002,1201.2639,156.82,2.26017,169,4
qwen,3,0,0,7744,-1,1320,False,False,3.75709,398.25,65.18,333.07,1496.2599,1251.373,155.61,2.33635,141,4
qwen,3,0,0,7744,1020,1020,True,True,4.68929,244.65,63.97,180.68,1147.2342,847.2605,124.68,1.64016,132,4
qwen,3,0,0,7744,1410,1320,False,True,3.72748,400.27,83.09,317.18,1491.9984,1182.2821,156.85,2.22489,177,4
qwen,3,0,0,7744,1110,1110,True,True,4.34985,273.96,66.05,207.91,1191.6861,904.3782,134.41,1.73432,143,4
qwen,3,0,0,7744,1065,1065,True,True,4.51594,255.46,64.3,191.16,1153.6412,863.2665,129.46,1.66197,138,4
qwen,3,0,0,7744,1275,1275,True,True,3.83599,367.18,73.1,294.08,1408.4997,1128.0886,152.41,2.13566,162,4
qwen,3,0,0,7744,510,510,True,True,9.02135,156.03,60.75,95.28,1407.6008,859.5539,64.81,1.72985,69,4
qwen,3,0,0,7744,1260,1260,True,True,3.87602,358.24,72.22,286.02,1388.547,1108.6205,150.84,2.10185,160,4
qwen,3,0,0,7744,1050,1050,True,True,4.57254,249.62,64.3,185.32,1141.3972,847.383,127.86,1.63422,136,4
qwen,3,0,0,7744,930,930,True,True,5.09713,230.57,63.42,167.15,1175.2463,851.9861,114.7,1.66418,122,4
qwen,3,0,0,7744,645,645,True,True,7.2818,178.35,61.08,117.27,1298.7095,853.937,80.29,1.68346,85,4
qwen,3,0,0,7744,1290,1290,True,True,3.79763,379.77,73.1,306.67,1442.2258,1164.6191,153.95,2.20119,164,4
qwen,3,0,0,7744,945,945,True,True,5.02476,231.13,63.1,168.03,1161.3728,844.3104,116.35,1.64638,124,4
qwen,3,0,0,7744,1170,1170,True,True,4.14635,301.21,67.52,233.69,1248.9208,968.9596,141.0,1.8494,150,4
qwen,3,0,0,7744,825,825,True,True,5.71329,212.35,62.5,149.85,1213.2177,856.1369,102.33,1.68182,109,4
qwen,3,0,0,7744,1140,1140,True,True,4.24386,287.77,66.33,221.44,1221.2562,939.7608,137.76,1.79857,146,4
qwen,3,0,0,7744,1215,1215,True,True,4.0035,330.22,69.87,260.35,1322.0367,1042.312,146.04,1.98407,155,4
qwen,3,0,0,7744,735,735,True,True,6.39371,195.65,61.95,133.7,1250.9285,854.8384,91.44,1.6843,97,4
qwen,3,0,0,7744,1125,1125,True,True,4.29335,280.73,66.05,214.68,1205.273,921.697,136.18,1.76691,145,4
qwen,3,0,0,7744,975,975,True,True,4.88882,239.64,63.42,176.22,1171.5561,861.5073,119.59,1.6735,127,4
qwen,3,0,0,7744,600,600,True,True,7.76994,170.61,60.75,109.86,1325.6287,853.6051,75.25,1.69537,80,4
qwen,3,0,0,7744,780,780,True,True,6.03344,203.29,61.62,141.67,1226.5372,854.7569,96.9,1.68174,103,4
qwen,3,0,0,7744,1095,1095,True,True,4.40207,266.65,64.57,202.08,1173.8118,889.5702,132.81,1.70878,141,4
qwen,3,0,0,7744,1230,1230,True,True,3.95899,341.67,70.48,271.19,1352.6673,1073.6378,147.68,2.04148,157,4
qwen,3,0,0,7744,960,960,True,True,4.95528,237.02,63.1,173.92,1174.5008,861.8225,117.99,1.67747,125,4
qwen,3,0,0,7744,690,690,True,True,6.81487,186.4,61.08,125.32,1270.2911,854.039,85.79,1.6817,91,4
qwen,3,0,0,7744,1380,1320,False,True,3.7178,399.68,79.27,320.41,1485.9284,1191.2188,157.26,2.24754,174,4
qwen,3,0,0,7744,555,555,True,True,8.34164,161.6,60.47,101.13,1348.0088,843.5899,70.09,1.68719,74,4
qwen,3,0,0,7744,1155,1155,True,True,4.19709,293.3,66.65,226.65,1231.0057,951.2698,139.3,1.81698,148,4
qwen,3,0,0,7744,870,870,True,True,5.42193,219.72,62.83,156.89,1191.3072,850.6471,107.83,1.66975,115,4
qwen,3,0,0,7744,1335,1320,True,True,3.7263,402.62,76.32,326.3,1500.2829,1215.8917,156.9,2.28886,169,4
qwen,3,0,0,7744,990,990,True,True,4.82051,238.49,63.7,174.79,1149.644,842.5773,121.28,1.63477,129,4
qwen,3,0,0,7744,915,915,True,True,5.18655,225.55,62.83,162.72,1169.826,843.9551,112.72,1.64663,120,4
qwen,3,0,0,7744,1035,1035,True,True,4.6263,246.41,63.7,182.71,1139.9668,845.2715,126.38,1.63455,135,4
qwen,3,0,0,7744,1200,1200,True,True,4.04719,321.44,69.0,252.44,1300.9281,1021.6721,144.46,1.94784,154,4
qwen,3,0,0,7744,1080,1080,True,True,4.46336,260.48,64.57,195.91,1162.6156,874.4165,130.99,1.67961,139,4
qwen,3,0,0,7744,1185,1185,True,True,4.09986,309.44,68.12,241.32,1268.6622,989.3794,142.6,1.88561,151,4
qwen,3,0,0,7744,1245,1245,True,True,3.91728,350.44,71.62,278.82,1372.7708,1092.2153,149.25,2.07363,159,4
qwen,3,0,0,7744,1005,1005,True,True,4.75372,241.71,63.97,177.74,1149.0223,844.9266,122.99,1.63755,131,4
qwen,4,0,0,7744,-1,1320,False,False,3.78117,399.68,65.18,334.5,1511.2568,1264.8003,154.62,2.34638,141,4
qwen,4,0,0,7744,1065,1065,True,True,4.51558,255.19,64.3,190.89,1152.3299,861.9783,129.47,1.65962,138,4
qwen,4,0,0,7744,1200,1200,True,True,4.04725,322.1,69.55,252.55,1303.6204,1022.1339,144.46,1.94869,154,4
qwen,4,0,0,7744,1245,1245,True,True,3.91725,351.04,71.9,279.14,1375.1107,1093.4606,149.25,2.07601,159,4
qwen,4,0,0,7744,1215,1215,True,True,4.0028,329.94,70.48,259.46,1320.6837,1038.5664,146.06,1.97729,155,4
qwen,4,0,0,7744,1035,1035,True,True,4.62706,247.0,63.97,183.03,1142.8829,846.8901,126.36,1.63741,134,4
qwen,4,0,0,7744,1230,1230,True,True,3.95899,342.26,71.02,271.24,1355.0039,1073.8364,147.68,2.04185,157,4
qwen,4,0,0,7744,600,600,True,True,7.7699,170.01,60.75,109.26,1320.9614,848.9397,75.25,1.68611,80,4
qwen,4,0,0,7744,510,510,True,True,9.02116,156.19,60.47,95.72,1409.0144,863.5051,64.81,1.73784,69,4
qwen,4,0,0,7744,1125,1125,True,True,4.29394,280.73,65.77,214.96,1205.4383,923.0258,136.16,1.76922,145,4
qwen,4,0,0,7744,1020,1020,True,True,4.68629,244.33,63.42,180.91,1145.0018,847.7972,124.76,1.64225,133,4
qwen,4,0,0,7744,645,645,True,True,7.28182,177.75,60.75,117.0,1294.343,851.9726,80.29,1.67959,85,4
qwen,4,0,0,7744,1155,1155,True,True,4.19627,293.34,66.65,226.69,1230.9336,951.2523,139.33,1.8173,148,4
qwen,4,0,0,7744,960,960,True,True,4.95795,235.11,63.1,172.01,1165.6635,852.8169,117.92,1.65905,125,4
qwen,4,0,0,7744,1410,1320,False,True,3.72681,404.09,82.49,321.6,1505.9656,1198.5412,156.88,2.25589,177,4
qwen,4,0,0,7744,1095,1095,True,True,4.40207,267.79,65.45,202.34,1178.8298,890.7145,132.81,1.71098,141,4
qwen,4,0,0,7744,930,930,True,True,5.0958,229.1,63.42,165.68,1167.4485,844.2727,114.73,1.64954,122,4
qwen,4,0,0,7744,1335,1320,True,True,3.72862,402.62,76.32,326.3,1501.2171,1216.6488,156.8,2.28886,169,4
qwen,4,0,0,7744,555,555,True,True,8.34197,163.84,61.08,102.76,1366.7482,857.2207,70.09,1.71438,74,4
qwen,4,0,0,7744,780,780,True,True,6.03334,204.05,61.95,142.1,1231.1035,857.338,96.9,1.68685,103,4
qwen,4,0,0,7744,1260,1260,True,True,3.87602,358.15,71.9,286.25,1388.1967,1109.5108,150.84,2.10354,160,4
qwen,4,0,0,7744,690,690,True,True,6.81497,186.73,61.35,125.38,1272.5584,854.4603,85.79,1.6825,91,4
qwen,4,0,0,7744,1380,1320,False,True,3.72212,399.13,79.54,319.59,1485.6082,1189.5511,157.08,2.24179,174,4
qwen,4,0,0,7744,990,990,True,True,4.82059,239.03,63.7,175.33,1152.2657,845.1941,121.28,1.63982,128,4
qwen,4,0,0,7744,870,870,True,True,5.42189,218.51,62.83,155.68,1184.7377,844.0802,107.83,1.65688,115,4
qwen,4,0,0,7744,1185,1185,True,True,4.09295,313.86,68.4,245.46,1284.6135,1004.6556,142.84,1.91796,152,4
qwen,4,0,0,7744,915,915,True,True,5.18682,228.23,62.83,165.4,1183.7891,857.9009,112.72,1.67375,120,4
qwen,4,0,0,7744,825,825,True,True,5.71342,212.68,62.23,150.45,1215.1308,859.5845,102.33,1.68855,109,4
qwen,4,0,0,7744,975,975,True,True,4.88629,237.89,63.1,174.79,1162.3999,854.0749,119.65,1.65992,127,4
qwen,4,0,0,7744,1110,1110,True,True,4.3495,272.82,65.18,207.64,1186.6301,903.1298,134.42,1.73207,143,4
qwen,4,0,0,7744,1275,1275,True,True,3.83604,366.58,72.49,294.09,1406.2173,1128.1425,152.41,2.13573,162,4
qwen,4,0,0,7744,1080,1080,True,True,4.46011,261.63,64.57,197.06,1166.8997,878.9101,131.08,1.68947,139,4
qwen,4,0,0,7744,1005,1005,True,True,4.75358,241.99,63.42,178.57,1150.3185,848.8466,122.99,1.6452,131,4
qwen,4,0,0,7744,1290,1290,True,True,3.7972,380.05,73.37,306.68,1443.1242,1164.524,153.97,2.20126,164,4
qwen,4,0,0,7744,1050,1050,True,True,4.56632,252.85,63.77,189.08,1154.5935,863.3994,128.04,1.66737,136,4
qwen,4,0,0,7744,1140,1140,True,True,4.24441,287.44,66.65,220.79,1220.0139,937.1238,137.75,1.79329,147,4
qwen,4,0,0,7744,1170,1170,True,True,4.144,303.6,67.8,235.8,1258.1179,977.1548,141.08,1.8661,150,4
qwen,4,0,0,7744,945,945,True,True,5.02396,234.07,63.42,170.65,1175.9595,857.3396,116.37,1.67206,124,4
qwen,4,0,0,7744,735,735,True,True,6.39388,195.52,61.62,133.9,1250.1306,856.14,91.44,1.68682,97,4
qwen,5,0,0,7744,-1,1320,False,False,3.74382,400.43,64.85,335.58,1499.1384,1256.3516,156.16,2.35396,141,4
qwen,5,0,0,7744,780,780,True,True,6.03324,204.05,62.23,141.82,1231.0826,855.6341,96.91,1.68352,103,4
qwen,5,0,0,7744,960,960,True,True,4.95704,234.94,63.1,171.84,1164.6075,851.8181,117.94,1.65741,125,4
qwen,5,0,0,7744,990,990,True,True,4.82054,239.37,63.1,176.27,1153.8934,849.7172,121.28,1.64862,129,4
qwen,5,0,0,7744,1185,1185,True,True,4.09293,314.46,67.8,246.66,1287.0632,1009.5624,142.84,1.92733,152,4
qwen,5,0,0,7744,1110,1110,True,True,4.34856,273.23,65.45,207.78,1188.156,903.543,134.45,1.73323,142,4
qwen,5,0,0,7744,690,690,True,True,6.81488,186.63,61.08,125.55,1271.8607,855.6079,85.79,1.68478,91,4
qwen,5,0,0,7744,1410,1320,False,True,3.72445,403.82,82.22,321.6,1504.0074,1197.7832,156.98,2.25589,177,4
qwen,5,0,0,7744,1275,1275,True,True,3.83605,366.85,73.1,293.75,1407.2563,1126.8408,152.41,2.13326,162,4
qwen,5,0,0,7744,600,600,True,True,7.77007,171.49,61.35,110.14,1332.4896,855.7957,75.24,1.69969,80,4
qwen,5,0,0,7744,1335,1320,True,True,3.72864,402.48,76.59,325.89,1500.7048,1215.1279,156.8,2.28598,169,4
qwen,5,0,0,7744,510,510,True,True,9.02194,156.19,61.08,95.11,1409.1376,858.0772,64.8,1.72676,69,4
qwen,5,0,0,7744,1005,1005,True,True,4.75367,242.31,63.42,178.89,1151.8617,850.384,122.99,1.64815,131,4
qwen,5,0,0,7744,1230,1230,True,True,3.95892,340.87,70.75,270.12,1349.4781,1069.3843,147.68,2.03342,157,4
qwen,5,0,0,7744,555,555,True,True,8.34154,163.24,60.75,102.49,1361.6728,854.9243,70.09,1.70988,74,4
qwen,5,0,0,7744,1125,1125,True,True,4.29337,280.4,65.77,214.63,1203.8596,921.485,136.18,1.7665,145,4
qwen,5,0,0,7744,1170,1170,True,True,4.14791,300.98,67.52,233.46,1248.4366,968.37,140.95,1.84758,150,4
qwen,5,0,0,7744,1380,1320,False,True,3.72571,404.69,79.87,324.82,1507.7578,1210.1853,156.92,2.27848,174,4
qwen,5,0,0,7744,1020,1020,True,True,4.68707,245.53,63.97,181.56,1150.8153,850.9837,124.74,1.64815,133,4
qwen,5,0,0,7744,735,735,True,True,6.39386,195.65,61.95,133.7,1250.9596,854.8597,91.44,1.6843,97,4
qwen,5,0,0,7744,1245,1245,True,True,3.91735,349.9,71.34,278.56,1370.6804,1091.2167,149.25,2.07169,159,4
qwen,5,0,0,7744,825,825,True,True,5.71339,212.68,62.5,150.18,1215.1242,858.0372,102.33,1.68552,109,4
qwen,5,0,0,7744,945,945,True,True,5.02393,234.07,63.42,170.65,1175.9521,857.3342,116.37,1.67206,124,4
qwen,5,0,0,7744,1290,1290,True,True,3.79727,379.77,73.37,306.4,1442.0897,1163.4839,153.97,2.19925,164,4
qwen,5,0,0,7744,1095,1095,True,True,4.4033,267.52,65.18,202.34,1177.9698,890.9629,132.78,1.71098,141,4
qwen,5,0,0,7744,915,915,True,True,5.18669,228.51,62.96,165.55,1185.2111,858.6569,112.72,1.67527,120,4
qwen,5,0,0,7744,1065,1065,True,True,4.51531,255.19,63.7,191.49,1152.263,864.6375,129.48,1.66484,138,4
qwen,5,0,0,7744,1155,1155,True,True,4.19649,293.91,66.92,226.99,1233.3903,952.5612,139.32,1.8197,148,4
qwen,5,0,0,7744,1140,1140,True,True,4.24454,287.47,66.65,220.82,1220.1771,937.2787,137.74,1.79353,147,4
qwen,5,0,0,7744,870,870,True,True,5.42192,221.13,62.83,158.3,1198.9486,858.2895,107.83,1.68476,115,4
qwen,5,0,0,7744,1215,1215,True,True,4.00278,330.22,69.55,260.67,1321.7985,1043.405,146.06,1.98651,155,4
qwen,5,0,0,7744,975,975,True,True,4.88893,238.49,63.42,175.07,1165.9613,855.9053,119.59,1.66258,127,4
qwen,5,0,0,7744,1260,1260,True,True,3.87618,357.8,72.22,285.58,1386.8959,1106.9585,150.83,2.09862,160,4
qwen,5,0,0,7744,1200,1200,True,True,4.04721,321.44,69.55,251.89,1300.9363,1019.4526,144.46,1.9436,154,4
qwen,5,0,0,7744,1035,1035,True,True,4.62723,247.0,63.7,183.3,1142.9259,848.1713,126.35,1.63983,134,4
qwen,5,0,0,7744,930,930,True,True,5.09479,229.1,63.1,166.0,1167.2164,845.7352,114.75,1.65273,122,4
qwen,5,0,0,7744,1050,1050,True,True,4.57583,248.15,63.42,184.73,1135.4911,845.2922,127.77,1.62901,136,4
qwen,5,0,0,7744,645,645,True,True,7.28202,176.0,60.47,115.53,1281.6355,841.2918,80.29,1.65848,85,4
qwen,5,0,0,7744,1080,1080,True,True,4.4644,259.89,63.97,195.92,1160.2522,874.6647,130.96,1.6797,139,4
