gemm,m,n,k,clock,clock_med,held,grid,waves,s_eff,ms,power_w,energy_mj,reps
gate_up,72,1024,2048,300,300,True,8,1,8.0,0.0525,70.83,3.717,48666
gate_up,355,1024,2048,300,300,True,24,1,24.0,0.0778,82.49,6.415,33172
gate_up,955,1024,2048,300,300,True,64,1,64.0,0.11,96.16,10.579,23747
gate_up,1702,1024,2048,300,300,True,112,2,56.0,0.1511,106.36,16.07,17570
gate_up,2598,1024,2048,300,300,True,168,2,84.0,0.2513,99.59,25.025,10972
gate_up,4244,1024,2048,300,300,True,272,3,90.7,0.3783,112.69,42.63,7631
gate_up,7652,1024,2048,300,300,True,480,5,96.0,0.6088,124.74,75.946,4618
gate_up,13581,1024,2048,300,300,True,856,8,107.0,0.9732,124.74,121.398,3591
gate_up,30754,1024,2048,300,300,True,1928,18,107.1,2.171,122.74,266.468,2174
down,72,2048,1024,300,300,True,16,1,16.0,0.0376,75.77,2.852,67449
down,355,2048,1024,300,300,True,48,1,48.0,0.0563,91.22,5.139,45397
down,955,2048,1024,300,300,True,128,2,64.0,0.1109,95.02,10.539,23564
down,1702,2048,1024,300,300,True,224,3,74.7,0.1563,107.55,16.814,17014
down,2598,2048,1024,300,300,True,336,4,84.0,0.2578,105.81,27.28,10719
down,4244,2048,1024,300,300,True,544,6,90.7,0.3901,108.9,42.479,7432
down,7652,2048,1024,300,300,True,960,9,106.7,0.5946,124.15,73.821,5227
down,13581,2048,1024,300,300,True,1712,16,107.0,1.0323,125.61,129.672,3444
down,30754,2048,1024,300,300,True,3856,36,107.1,2.2516,123.87,278.901,2133
gate_up,72,1024,2048,510,510,True,8,1,8.0,0.0328,78.1,2.56,77298
gate_up,355,1024,2048,510,510,True,24,1,24.0,0.0477,96.75,4.618,53397
gate_up,955,1024,2048,510,510,True,64,1,64.0,0.0671,120.08,8.054,38296
gate_up,1702,1024,2048,510,510,True,112,2,56.0,0.0936,135.4,12.678,27723
gate_up,2598,1024,2048,510,510,True,168,2,84.0,0.1499,126.81,19.013,17697
gate_up,4244,1024,2048,510,510,True,272,3,90.7,0.2248,148.51,33.379,12146
gate_up,7652,1024,2048,510,510,True,480,5,96.0,0.3652,167.42,61.147,7357
gate_up,13581,1024,2048,510,510,True,856,8,107.0,0.5756,169.47,97.55,5366
gate_up,30754,1024,2048,510,510,True,1928,18,107.1,1.2842,165.96,213.119,2969
down,72,2048,1024,510,510,True,16,1,16.0,0.024,85.1,2.042,105200
down,355,2048,1024,510,510,True,48,1,48.0,0.035,110.15,3.855,72462
down,955,2048,1024,510,510,True,128,2,64.0,0.0676,117.95,7.968,38029
down,1702,2048,1024,510,510,True,224,3,74.7,0.0944,138.92,13.119,27496
down,2598,2048,1024,510,510,True,336,4,84.0,0.154,137.27,21.136,17259
down,4244,2048,1024,510,510,True,544,6,90.7,0.2313,143.25,33.139,11830
down,7652,2048,1024,510,510,True,960,9,106.7,0.3538,167.32,59.19,8090
down,13581,2048,1024,510,510,True,1712,16,107.0,0.6143,170.07,104.474,5092
down,30754,2048,1024,510,510,True,3856,36,107.1,1.3308,168.61,224.379,2901
gate_up,72,1024,2048,705,705,True,8,1,8.0,0.0244,85.69,2.089,103562
gate_up,355,1024,2048,705,705,True,24,1,24.0,0.0351,111.35,3.906,72293
gate_up,955,1024,2048,705,705,True,64,1,64.0,0.0494,142.98,7.06,51652
gate_up,1702,1024,2048,705,705,True,112,2,56.0,0.0708,161.89,11.454,36358
gate_up,2598,1024,2048,705,705,True,168,2,84.0,0.1091,153.44,16.736,23944
gate_up,4244,1024,2048,705,705,True,272,3,90.7,0.1636,183.46,30.018,16302
gate_up,7652,1024,2048,705,705,True,480,5,96.0,0.2683,208.49,55.938,9829
gate_up,13581,1024,2048,705,705,True,856,8,107.0,0.418,212.87,88.97,7004
gate_up,30754,1024,2048,705,705,True,1928,18,107.1,0.932,205.29,191.34,3705
down,72,2048,1024,705,705,True,16,1,16.0,0.018,94.43,1.699,139991
down,355,2048,1024,705,705,True,48,1,48.0,0.026,128.54,3.344,97132
down,955,2048,1024,705,705,True,128,2,64.0,0.0497,140.06,6.959,51340
down,1702,2048,1024,705,705,True,224,3,74.7,0.0697,168.88,11.767,36902
down,2598,2048,1024,705,705,True,336,4,84.0,0.1122,168.01,18.853,23302
down,4244,2048,1024,705,705,True,544,6,90.7,0.168,176.74,29.69,15906
down,7652,2048,1024,705,705,True,960,9,106.7,0.2578,209.22,53.939,10720
down,13581,2048,1024,705,705,True,1712,16,107.0,0.4477,210.22,94.121,6606
down,30754,2048,1024,705,705,True,3856,36,107.1,0.9677,208.87,202.12,3606
gate_up,72,1024,2048,900,900,True,8,1,8.0,0.0192,93.29,1.791,131271
gate_up,355,1024,2048,900,900,True,24,1,24.0,0.0275,127.08,3.493,91972
gate_up,955,1024,2048,900,900,True,64,1,64.0,0.039,167.15,6.511,65198
gate_up,1702,1024,2048,900,900,True,112,2,56.0,0.057,189.25,10.789,44877
gate_up,2598,1024,2048,900,900,True,168,2,84.0,0.0857,178.79,15.32,30199
gate_up,4244,1024,2048,900,900,True,272,3,90.7,0.1287,216.34,27.85,20443
gate_up,7652,1024,2048,900,900,True,480,5,96.0,0.2124,246.95,52.459,12280
gate_up,13581,1024,2048,900,900,True,856,8,107.0,0.3283,255.68,83.932,8638
gate_up,30754,1024,2048,900,900,True,1928,18,107.1,0.7317,248.42,181.764,4439
down,72,2048,1024,900,900,True,16,1,16.0,0.0174,97.85,1.699,144021
down,355,2048,1024,900,900,True,48,1,48.0,0.0208,145.59,3.022,121485
down,955,2048,1024,900,900,True,128,2,64.0,0.0392,161.02,6.305,64871
down,1702,2048,1024,900,900,True,224,3,74.7,0.0558,195.97,10.934,45831
down,2598,2048,1024,900,900,True,336,4,84.0,0.0884,196.83,17.394,29313
down,4244,2048,1024,900,900,True,544,6,90.7,0.1317,208.49,27.457,20006
down,7652,2048,1024,900,900,True,960,9,106.7,0.2029,249.29,50.571,13346
down,13581,2048,1024,900,900,True,1712,16,107.0,0.3522,254.54,89.645,8121
down,30754,2048,1024,900,900,True,3856,36,107.1,0.761,249.62,189.954,4308
gate_up,72,1024,2048,1050,1050,True,8,1,8.0,0.0166,101.15,1.684,150217
gate_up,355,1024,2048,1050,1050,True,24,1,24.0,0.0238,139.19,3.312,106094
gate_up,955,1024,2048,1050,1050,True,64,1,64.0,0.0338,185.19,6.265,74915
gate_up,1702,1024,2048,1050,1050,True,112,2,56.0,0.0497,210.55,10.466,51318
gate_up,2598,1024,2048,1050,1050,True,168,2,84.0,0.0738,203.55,15.023,34896
gate_up,4244,1024,2048,1050,1050,True,272,3,90.7,0.1112,247.55,27.536,23498
gate_up,7652,1024,2048,1050,1050,True,480,5,96.0,0.1845,278.41,51.375,14060
gate_up,13581,1024,2048,1050,1050,True,856,8,107.0,0.2833,290.59,82.313,9848
gate_up,30754,1024,2048,1050,1050,True,1928,18,107.1,0.6319,282.2,178.313,4979
down,72,2048,1024,1050,1050,True,16,1,16.0,0.0174,101.05,1.763,143329
down,355,2048,1024,1050,1050,True,48,1,48.0,0.0181,162.22,2.935,139201
down,955,2048,1024,1050,1050,True,128,2,64.0,0.0339,181.12,6.145,74705
down,1702,2048,1024,1050,1050,True,224,3,74.7,0.0487,222.19,10.814,52388
down,2598,2048,1024,1050,1050,True,336,4,84.0,0.0769,223.65,17.203,33525
down,4244,2048,1024,1050,1050,True,544,6,90.7,0.1138,238.77,27.169,22994
down,7652,2048,1024,1050,1050,True,960,9,106.7,0.1755,282.47,49.571,15269
down,13581,2048,1024,1050,1050,True,1712,16,107.0,0.304,289.18,87.902,9247
down,30754,2048,1024,1050,1050,True,3856,36,107.1,0.6556,288.26,188.982,4836
gate_up,72,1024,2048,1200,1200,True,8,1,8.0,0.0167,115.41,1.932,149330
gate_up,355,1024,2048,1200,1200,True,24,1,24.0,0.0209,174.41,3.638,120868
gate_up,955,1024,2048,1200,1200,True,64,1,64.0,0.0296,240.31,7.115,85458
gate_up,1702,1024,2048,1200,1200,True,112,2,56.0,0.0439,275.18,12.073,58008
gate_up,2598,1024,2048,1200,1200,True,168,2,84.0,0.0644,271.11,17.462,39836
gate_up,4244,1024,2048,1200,1200,True,272,3,90.7,0.0974,325.82,31.749,26679
gate_up,7652,1024,2048,1200,1200,True,480,5,96.0,0.1619,373.24,60.44,15950
gate_up,13581,1024,2048,1200,1200,True,856,8,107.0,0.2476,402.07,99.569,11115
gate_up,30754,1024,2048,1200,1200,True,1928,18,107.1,0.5506,389.99,214.713,5563
down,72,2048,1024,1200,1200,True,16,1,16.0,0.0173,117.36,2.027,144745
down,355,2048,1024,1200,1200,True,48,1,48.0,0.0167,202.09,3.372,149833
down,955,2048,1024,1200,1200,True,128,2,64.0,0.0296,236.18,6.994,85451
down,1702,2048,1024,1200,1200,True,224,3,74.7,0.0426,299.36,12.756,59694
down,2598,2048,1024,1200,1200,True,336,4,84.0,0.0671,302.55,20.292,38296
down,4244,2048,1024,1200,1200,True,544,6,90.7,0.0994,321.9,31.983,26189
down,7652,2048,1024,1200,1200,True,960,9,106.7,0.1532,388.94,59.604,17336
down,13581,2048,1024,1200,1200,True,1712,16,107.0,0.2657,399.61,106.169,10432
down,30754,2048,1024,1200,1200,True,3856,36,107.1,0.5741,400.48,229.922,5378
gate_up,72,1024,2048,1305,1305,True,8,1,8.0,0.0171,132.2,2.259,146285
gate_up,355,1024,2048,1305,1305,True,24,1,24.0,0.0193,212.87,4.099,130847
gate_up,955,1024,2048,1305,1305,True,64,1,64.0,0.0271,306.01,8.289,93311
gate_up,1702,1024,2048,1305,1305,True,112,2,56.0,0.04,354.62,14.189,63503
gate_up,2598,1024,2048,1305,1305,True,168,2,84.0,0.0593,340.65,20.196,43191
gate_up,4244,1024,2048,1305,1290,True,272,3,90.7,0.0906,399.61,36.187,28629
gate_up,7652,1024,2048,1305,1230,False,480,5,96.0,0.1587,396.69,62.964,16263
gate_up,13581,1024,2048,1305,1200,False,856,8,107.0,0.2484,405.67,100.769,11090
gate_up,30754,1024,2048,1305,1215,False,1928,18,107.1,0.547,398.69,218.064,5595
down,72,2048,1024,1305,1305,True,16,1,16.0,0.0173,132.79,2.296,144581
down,355,2048,1024,1305,1305,True,48,1,48.0,0.0167,233.0,3.882,150041
down,955,2048,1024,1305,1305,True,128,2,64.0,0.0272,297.3,8.088,92921
down,1702,2048,1024,1305,1305,True,224,3,74.7,0.0391,376.9,14.728,64998
down,2598,2048,1024,1305,1305,True,336,4,84.0,0.0616,380.69,23.466,41580
down,4244,2048,1024,1305,1305,True,544,6,90.7,0.0917,402.8,36.956,28274
down,7652,2048,1024,1305,1215,False,960,9,106.7,0.1521,402.8,61.278,17451
down,13581,2048,1024,1305,1200,False,1712,16,107.0,0.266,402.48,107.061,10419
down,30754,2048,1024,1305,1200,False,3856,36,107.1,0.5748,402.48,231.349,5371
gate_up,72,1024,2048,1410,1410,True,8,1,8.0,0.0168,157.23,2.647,148522
gate_up,355,1024,2048,1410,1410,True,24,1,24.0,0.0178,273.16,4.862,141494
gate_up,955,1024,2048,1410,1395,True,64,1,64.0,0.0252,393.18,9.909,100227
gate_up,1702,1024,2048,1410,1350,False,112,2,56.0,0.0387,400.48,15.488,65664
gate_up,2598,1024,2048,1410,1365,False,168,2,84.0,0.0567,399.29,22.634,45124
gate_up,4244,1024,2048,1410,1290,False,272,3,90.7,0.0909,402.21,36.547,28532
gate_up,7652,1024,2048,1410,1215,False,480,5,96.0,0.1589,399.01,63.399,16249
gate_up,13581,1024,2048,1410,1185,False,856,8,107.0,0.2487,398.15,99.035,11077
gate_up,30754,1024,2048,1410,1215,False,1928,18,107.1,0.5474,398.69,218.26,5589
down,72,2048,1024,1410,1410,True,16,1,16.0,0.0172,156.64,2.7,145037
down,355,2048,1024,1410,1410,True,48,1,48.0,0.0167,285.94,4.778,149622
down,955,2048,1024,1410,1410,True,128,2,64.0,0.0252,397.29,9.998,100367
down,1702,2048,1024,1410,1320,False,224,3,74.7,0.0385,400.06,15.382,66047
down,2598,2048,1024,1410,1320,False,336,4,84.0,0.0608,394.05,23.949,42161
down,4244,2048,1024,1410,1305,False,544,6,90.7,0.0921,400.15,36.834,28178
down,7652,2048,1024,1410,1200,False,960,9,106.7,0.1523,396.69,60.405,17446
down,13581,2048,1024,1410,1200,False,1712,16,107.0,0.2663,402.48,107.165,10409
down,30754,2048,1024,1410,1200,False,3856,36,107.1,0.5752,403.67,232.206,5367
