case,pas,clock,clock_med,sm_light,sm_heavy,light_experts,tile_share_light,ms,power_w,energy_mj,tflops
pinned_L16_sm3,0,1200,1200,3,105,16,0.0455,5.29583,264.91,1402.918,110.4
pinned_L96_sm62,0,1200,1200,62,46,96,0.5956,4.34807,314.13,1365.8584,134.46
pinned_L48_sm18,0,1200,1200,18,90,48,0.2077,4.55198,304.43,1385.7607,128.44
pinned_L48_sm22,0,1200,1200,22,86,48,0.2077,4.29771,319.43,1372.8187,136.04
pinned_L8_sm2,0,1200,1200,2,106,8,0.0164,4.28036,318.22,1362.0967,136.59
pinned_L64_sm35,0,1200,1200,35,73,64,0.3242,4.30288,322.31,1386.8617,135.87
queue,0,1200,1200,,,,,4.04872,328.2,1328.7885,144.4
pinned_L32_sm13,0,1200,1200,13,95,32,0.1202,4.3066,318.22,1370.4472,135.76
pinned_L96_sm60,0,1200,1200,60,48,96,0.5956,4.45007,310.91,1383.5706,131.38
pinned_L16_sm1,0,1200,1200,1,107,16,0.0455,12.0366,159.66,1921.764,48.57
pinned_L32_sm9,0,1200,1200,9,99,32,0.1202,4.88855,288.32,1409.4657,119.6
pinned_L16_sm7,0,1200,1200,7,101,16,0.0455,4.36959,314.46,1374.0597,133.8
pinned_L8_sm6,0,1200,1200,6,102,8,0.0164,4.4231,310.77,1374.5667,132.18
pinned_L64_sm33,0,1200,1200,33,75,64,0.3242,4.34939,319.42,1389.2809,134.42
pinned_L96_sm68,0,1200,1200,68,40,96,0.5956,4.48423,308.89,1385.1337,130.38
pinned_L96_sm64,0,1200,1200,64,44,96,0.5956,4.30017,321.5,1382.5042,135.96
pinned_L16_sm5,0,1200,1200,5,103,16,0.0455,4.2781,320.56,1371.389,136.66
pinned_L32_sm15,0,1200,1200,15,93,32,0.1202,4.36679,319.15,1393.6609,133.89
pinned_L64_sm31,0,1200,1200,31,77,64,0.3242,4.38827,317.95,1395.2507,133.23
pinned_L48_sm20,0,1200,1200,20,88,48,0.2077,4.44194,314.46,1396.8137,131.62
pinned_L64_sm39,0,1200,1200,39,69,64,0.3242,4.47374,313.86,1404.1287,130.69
pinned_L96_sm66,0,1200,1200,66,42,96,0.5956,4.37892,317.95,1392.2774,133.52
pinned_L48_sm26,0,1200,1200,26,82,48,0.2077,4.43875,317.41,1408.905,131.72
pinned_L8_sm1,0,1200,1200,1,107,8,0.0164,5.52815,265.18,1465.9553,105.76
pinned_L16_sm9,0,1200,1200,9,99,16,0.0455,4.42151,315.61,1395.472,132.23
pinned_L48_sm24,0,1200,1200,24,84,48,0.2077,4.3598,318.55,1388.8148,134.1
pinned_L8_sm4,0,1200,1200,4,104,8,0.0164,4.35557,317.08,1381.0645,134.23
persistent_2blk_per_sm,0,1200,1200,,,,,4.24148,321.77,1364.7802,137.84
pinned_L64_sm37,0,1200,1200,37,71,64,0.3242,4.35665,320.62,1396.8297,134.2
pinned_L32_sm11,0,1200,1200,11,97,32,0.1202,4.50424,311.24,1401.8986,129.8
persistent_1blk_per_sm,0,1200,1200,,,,,5.04523,273.96,1382.1923,115.88
pinned_L32_sm17,0,1200,1200,17,91,32,0.1202,4.4315,315.61,1398.6263,131.93
pinned_L64_sm37,1,1200,1200,37,71,64,0.3242,4.35735,320.3,1395.6578,134.18
pinned_L96_sm62,1,1200,1200,62,46,96,0.5956,4.34917,320.62,1394.4297,134.43
pinned_L96_sm68,1,1200,1200,68,40,96,0.5956,4.47967,312.38,1399.3605,130.51
pinned_L32_sm13,1,1200,1200,13,95,32,0.1202,4.30439,321.77,1385.0222,135.83
queue,1,1200,1200,,,,,4.05186,328.21,1329.8598,144.29
pinned_L32_sm9,1,1200,1200,9,99,32,0.1202,4.8812,293.94,1434.7804,119.78
persistent_2blk_per_sm,1,1200,1200,,,,,4.24076,322.1,1365.9474,137.87
pinned_L16_sm3,1,1200,1200,3,105,16,0.0455,5.28855,273.69,1447.4228,110.55
pinned_L8_sm1,1,1200,1200,1,107,8,0.0164,5.52128,265.18,1464.132,105.89
pinned_L96_sm66,1,1200,1200,66,42,96,0.5956,4.37801,317.95,1391.9877,133.54
pinned_L8_sm2,1,1200,1200,2,106,8,0.0164,4.28178,320.46,1372.1384,136.54
pinned_L8_sm4,1,1200,1200,4,104,8,0.0164,4.35533,317.68,1383.6028,134.24
pinned_L64_sm33,1,1200,1200,33,75,64,0.3242,4.34661,322.38,1401.2598,134.51
persistent_1blk_per_sm,1,1200,1200,,,,,5.04443,274.24,1383.3844,115.9
pinned_L48_sm26,1,1200,1200,26,82,48,0.2077,4.43792,317.41,1408.6408,131.74
pinned_L64_sm35,1,1200,1200,35,73,64,0.3242,4.30508,323.51,1392.7358,135.81
pinned_L16_sm9,1,1200,1200,9,99,16,0.0455,4.42076,316.8,1400.4976,132.25
pinned_L64_sm31,1,1200,1200,31,77,64,0.3242,4.38251,320.03,1402.535,133.41
pinned_L16_sm5,1,1200,1200,5,103,16,0.0455,4.27651,322.38,1378.6623,136.71
pinned_L96_sm60,1,1200,1200,60,48,96,0.5956,4.4462,315.06,1400.82,131.49
pinned_L32_sm15,1,1200,1200,15,93,32,0.1202,4.36539,320.62,1399.63,133.93
pinned_L48_sm22,1,1200,1200,22,86,48,0.2077,4.3005,322.97,1388.934,135.95
pinned_L16_sm1,1,1200,1200,1,107,16,0.0455,12.00646,162.96,1956.5719,48.69
pinned_L96_sm64,1,1200,1200,64,44,96,0.5956,4.29829,320.62,1378.1169,136.02
pinned_L32_sm11,1,1200,1200,11,97,32,0.1202,4.50319,310.37,1397.6546,129.83
pinned_L16_sm7,1,1200,1200,7,101,16,0.0455,4.36734,317.24,1385.4935,133.87
pinned_L48_sm18,1,1200,1200,18,90,48,0.2077,4.5512,308.56,1404.318,128.46
pinned_L8_sm6,1,1200,1200,6,102,8,0.0164,4.42117,313.58,1386.3895,132.24
pinned_L64_sm39,1,1200,1200,39,69,64,0.3242,4.47346,313.99,1404.6208,130.69
pinned_L48_sm24,1,1200,1200,24,84,48,0.2077,4.35996,318.82,1390.043,134.1
pinned_L48_sm20,1,1200,1200,20,88,48,0.2077,4.44153,316.2,1404.4124,131.63
pinned_L32_sm17,1,1200,1200,17,91,32,0.1202,4.43105,316.48,1402.3393,131.94
pinned_L16_sm1,2,1200,1200,1,107,16,0.0455,12.00805,162.96,1956.8321,48.69
pinned_L96_sm64,2,1200,1200,64,44,96,0.5956,4.29897,320.3,1376.9615,136.0
pinned_L96_sm66,2,1200,1200,66,42,96,0.5956,4.37885,315.93,1383.4101,133.52
pinned_L32_sm9,2,1200,1200,9,99,32,0.1202,4.88242,292.74,1429.2789,119.75
pinned_L32_sm13,2,1200,1200,13,95,32,0.1202,4.30404,320.3,1378.5851,135.84
pinned_L16_sm9,2,1200,1200,9,99,16,0.0455,4.42117,315.61,1395.3669,132.24
pinned_L8_sm2,2,1200,1200,2,106,8,0.0164,4.28262,320.03,1370.5664,136.52
pinned_L8_sm4,2,1200,1200,4,104,8,0.0164,4.35579,317.08,1381.1349,134.22
pinned_L16_sm7,2,1200,1200,7,101,16,0.0455,4.36743,318.55,1391.2462,133.87
pinned_L96_sm62,2,1200,1200,62,46,96,0.5956,4.34913,320.3,1393.0277,134.43
pinned_L32_sm17,2,1200,1200,17,91,32,0.1202,4.43121,316.8,1403.8068,131.94
queue,2,1200,1200,,,,,4.05201,327.87,1328.5313,144.29
pinned_L48_sm22,2,1200,1200,22,86,48,0.2077,4.30178,322.91,1389.0866,135.91
pinned_L64_sm35,2,1200,1200,35,73,64,0.3242,4.3051,324.12,1395.3693,135.8
pinned_L96_sm68,2,1200,1200,68,40,96,0.5956,4.48263,312.71,1401.7618,130.43
pinned_L16_sm3,2,1200,1200,3,105,16,0.0455,5.29025,274.84,1453.972,110.52
pinned_L8_sm6,2,1200,1200,6,102,8,0.0164,4.42072,314.13,1388.6793,132.25
pinned_L48_sm20,2,1200,1200,20,88,48,0.2077,4.44053,315.93,1402.8968,131.66
persistent_1blk_per_sm,2,1200,1200,,,,,5.04422,274.24,1383.3269,115.91
pinned_L64_sm37,2,1200,1200,37,71,64,0.3242,4.35656,320.29,1395.3611,134.2
pinned_L48_sm24,2,1200,1200,24,84,48,0.2077,4.35963,319.59,1393.295,134.11
persistent_2blk_per_sm,2,1200,1200,,,,,4.24044,322.38,1367.0341,137.88
pinned_L64_sm39,2,1200,1200,39,69,64,0.3242,4.47196,315.61,1411.3968,130.74
pinned_L48_sm18,2,1200,1200,18,90,48,0.2077,4.55287,309.44,1408.8401,128.41
pinned_L32_sm15,2,1200,1200,15,93,32,0.1202,4.36483,320.62,1399.4521,133.95
pinned_L16_sm5,2,1200,1200,5,103,16,0.0455,4.27635,322.97,1381.1343,136.72
pinned_L8_sm1,2,1200,1200,1,107,8,0.0164,5.51082,266.32,1467.6418,106.09
pinned_L96_sm60,2,1200,1200,60,48,96,0.5956,4.44623,314.46,1398.1601,131.49
pinned_L32_sm11,2,1200,1200,11,97,32,0.1202,4.50064,312.99,1408.6545,129.9
pinned_L64_sm31,2,1200,1200,31,77,64,0.3242,4.38329,319.75,1401.5555,133.38
pinned_L48_sm26,2,1200,1200,26,82,48,0.2077,4.43806,318.28,1412.5472,131.74
pinned_L64_sm33,2,1200,1200,33,75,64,0.3242,4.34651,322.65,1402.4011,134.51
pinned_L96_sm62,3,1200,1200,62,46,96,0.5956,4.34905,321.17,1396.7851,134.43
pinned_L32_sm17,3,1200,1200,17,91,32,0.1202,4.4308,317.68,1407.5756,131.95
pinned_L64_sm35,3,1200,1200,35,73,64,0.3242,4.30501,324.44,1396.7184,135.81
pinned_L64_sm31,3,1200,1200,31,77,64,0.3242,4.3846,320.03,1403.2046,133.34
queue,3,1200,1200,,,,,4.05132,328.81,1332.1132,144.31
pinned_L16_sm9,3,1200,1200,9,99,16,0.0455,4.41997,317.68,1404.1352,132.28
pinned_L16_sm7,3,1200,1200,7,101,16,0.0455,4.36655,319.75,1396.2047,133.89
pinned_L48_sm22,3,1200,1200,22,86,48,0.2077,4.3003,322.97,1388.8672,135.96
pinned_L96_sm68,3,1200,1200,68,40,96,0.5956,4.48274,313.26,1404.2624,130.42
pinned_L8_sm6,3,1200,1200,6,102,8,0.0164,4.42099,315.33,1394.071,132.24
pinned_L16_sm1,3,1200,1200,1,107,16,0.0455,12.00404,162.63,1952.217,48.7
pinned_L96_sm64,3,1200,1200,64,44,96,0.5956,4.29835,320.89,1379.296,136.02
pinned_L96_sm66,3,1200,1200,66,42,96,0.5956,4.37913,316.8,1387.3091,133.51
pinned_L32_sm15,3,1200,1200,15,93,32,0.1202,4.36529,318.82,1391.7415,133.93
pinned_L48_sm24,3,1200,1200,24,84,48,0.2077,4.35986,318.55,1388.8335,134.1
pinned_L16_sm3,3,1200,1200,3,105,16,0.0455,5.28813,273.37,1445.6162,110.56
pinned_L32_sm9,3,1200,1200,9,99,32,0.1202,4.88217,293.01,1430.525,119.75
pinned_L16_sm5,3,1200,1200,5,103,16,0.0455,4.27661,321.5,1374.9307,136.71
persistent_1blk_per_sm,3,1200,1200,,,,,5.04481,273.37,1379.0988,115.89
pinned_L8_sm4,3,1200,1200,4,104,8,0.0164,4.35566,316.8,1379.874,134.23
pinned_L8_sm1,3,1200,1200,1,107,8,0.0164,5.51738,264.3,1458.2444,105.97
pinned_L64_sm37,3,1200,1200,37,71,64,0.3242,4.35693,319.15,1390.5146,134.19
pinned_L96_sm60,3,1200,1200,60,48,96,0.5956,4.44649,313.58,1394.3307,131.49
pinned_L32_sm11,3,1200,1200,11,97,32,0.1202,4.50099,311.51,1402.1047,129.89
pinned_L32_sm13,3,1200,1200,13,95,32,0.1202,4.30474,321.5,1383.973,135.82
pinned_L48_sm18,3,1200,1200,18,90,48,0.2077,4.55092,309.44,1408.2362,128.47
pinned_L64_sm33,3,1200,1200,33,75,64,0.3242,4.34657,322.38,1401.2464,134.51
pinned_L48_sm20,3,1200,1200,20,88,48,0.2077,4.44049,315.93,1402.8842,131.66
pinned_L64_sm39,3,1200,1200,39,69,64,0.3242,4.47292,315.06,1409.2389,130.71
pinned_L48_sm26,3,1200,1200,26,82,48,0.2077,4.43814,317.95,1411.1053,131.73
persistent_2blk_per_sm,3,1200,1200,,,,,4.24083,322.38,1367.1575,137.86
pinned_L8_sm2,3,1200,1200,2,106,8,0.0164,4.28221,321.17,1375.3182,136.53
pinned_L96_sm60,4,1200,1200,60,48,96,0.5956,4.44699,314.73,1399.6012,131.47
pinned_L32_sm13,4,1200,1200,13,95,32,0.1202,4.30415,322.1,1386.3669,135.83
pinned_L96_sm66,4,1200,1200,66,42,96,0.5956,4.37854,319.42,1398.5935,133.53
pinned_L8_sm2,4,1200,1200,2,106,8,0.0164,4.28185,321.77,1377.7701,136.54
pinned_L96_sm68,4,1200,1200,68,40,96,0.5956,4.48267,312.38,1400.2962,130.43
pinned_L64_sm37,4,1200,1200,37,71,64,0.3242,4.35637,321.17,1399.1343,134.21
pinned_L16_sm9,4,1200,1200,9,99,16,0.0455,4.42042,317.41,1403.0863,132.26
pinned_L48_sm18,4,1200,1200,18,90,48,0.2077,4.55263,311.51,1418.191,128.42
pinned_L48_sm26,4,1200,1200,26,82,48,0.2077,4.43799,318.28,1412.5234,131.74
persistent_2blk_per_sm,4,1200,1200,,,,,4.24065,322.1,1365.9118,137.87
pinned_L32_sm17,4,1200,1200,17,91,32,0.1202,4.43069,317.41,1406.345,131.96
pinned_L64_sm35,4,1200,1200,35,73,64,0.3242,4.30504,324.44,1396.7264,135.81
pinned_L8_sm4,4,1200,1200,4,104,8,0.0164,4.35534,318.82,1388.5681,134.24
pinned_L48_sm20,4,1200,1200,20,88,48,0.2077,4.43966,317.08,1407.7261,131.69
pinned_L96_sm62,4,1200,1200,62,46,96,0.5956,4.34907,321.17,1396.7904,134.43
pinned_L32_sm15,4,1200,1200,15,93,32,0.1202,4.36477,320.89,1400.612,133.95
pinned_L64_sm31,4,1200,1200,31,77,64,0.3242,4.3843,320.03,1403.107,133.35
pinned_L16_sm7,4,1200,1200,7,101,16,0.0455,4.36666,319.75,1396.2396,133.89
pinned_L64_sm33,4,1200,1200,33,75,64,0.3242,4.34714,323.24,1405.168,134.49
pinned_L16_sm1,4,1200,1200,1,107,16,0.0455,12.02564,162.63,1955.7304,48.62
pinned_L8_sm6,4,1200,1200,6,102,8,0.0164,4.42083,311.51,1377.132,132.25
persistent_1blk_per_sm,4,1200,1200,,,,,5.04475,272.22,1373.2808,115.89
pinned_L8_sm1,4,1200,1200,1,107,8,0.0164,5.52925,263.98,1459.6118,105.74
pinned_L48_sm24,4,1200,1200,24,84,48,0.2077,4.35979,317.41,1383.8395,134.1
pinned_L96_sm64,4,1200,1200,64,44,96,0.5956,4.29854,322.65,1386.9244,136.01
pinned_L16_sm3,4,1200,1200,3,105,16,0.0455,5.29888,275.44,1459.5225,110.34
pinned_L32_sm9,4,1200,1200,9,99,32,0.1202,4.88991,293.01,1432.7935,119.56
pinned_L16_sm5,4,1200,1200,5,103,16,0.0455,4.27736,321.17,1373.7597,136.69
pinned_L64_sm39,4,1200,1200,39,69,64,0.3242,4.47264,314.13,1404.9894,130.72
queue,4,1200,1200,,,,,4.05132,327.94,1328.5891,144.31
pinned_L48_sm22,4,1200,1200,22,86,48,0.2077,4.30157,322.38,1386.7388,135.92
pinned_L32_sm11,4,1200,1200,11,97,32,0.1202,4.50324,312.11,1405.5049,129.83
pinned_L64_sm31,5,1200,1200,31,77,64,0.3242,4.38553,318.99,1398.9406,133.31
pinned_L16_sm1,5,1200,1200,1,107,16,0.0455,12.02359,162.36,1952.1508,48.63
pinned_L8_sm1,5,1200,1200,1,107,8,0.0164,5.51535,262.51,1447.8337,106.0
pinned_L96_sm62,5,1200,1200,62,46,96,0.5956,4.35029,316.48,1376.7797,134.39
pinned_L96_sm64,5,1200,1200,64,44,96,0.5956,4.29877,321.77,1383.2137,136.0
queue,5,1200,1200,,,,,4.05041,328.47,1330.4393,144.34
pinned_L64_sm35,5,1200,1200,35,73,64,0.3242,4.30532,322.65,1389.113,135.8
pinned_L16_sm9,5,1200,1200,9,99,16,0.0455,4.42068,315.93,1396.6268,132.25
pinned_L32_sm13,5,1200,1200,13,95,32,0.1202,4.30434,321.17,1382.4239,135.83
pinned_L48_sm20,5,1200,1200,20,88,48,0.2077,4.44162,315.61,1401.8207,131.63
persistent_1blk_per_sm,5,1200,1200,,,,,5.04499,273.69,1380.7624,115.89
pinned_L16_sm3,5,1200,1200,3,105,16,0.0455,5.29397,275.44,1458.1719,110.44
pinned_L48_sm24,5,1200,1200,24,84,48,0.2077,4.35948,318.55,1388.7116,134.11
pinned_L32_sm9,5,1200,1200,9,99,32,0.1202,4.88693,292.6,1429.9154,119.64
pinned_L16_sm7,5,1200,1200,7,101,16,0.0455,4.36693,318.12,1389.2074,133.88
pinned_L48_sm22,5,1200,1200,22,86,48,0.2077,4.30133,322.38,1386.6633,135.92
pinned_L32_sm17,5,1200,1200,17,91,32,0.1202,4.43095,316.48,1402.307,131.95
pinned_L8_sm6,5,1200,1200,6,102,8,0.0164,4.42087,314.13,1388.7276,132.25
pinned_L64_sm39,5,1200,1200,39,69,64,0.3242,4.4728,314.73,1407.7244,130.71
pinned_L96_sm60,5,1200,1200,60,48,96,0.5956,4.44709,314.13,1396.9631,131.47
pinned_L96_sm66,5,1200,1200,66,42,96,0.5956,4.37886,318.55,1394.8849,133.52
pinned_L48_sm18,5,1200,1200,18,90,48,0.2077,4.55543,309.76,1411.0899,128.34
pinned_L8_sm2,5,1200,1200,2,106,8,0.0164,4.28189,321.5,1376.627,136.54
pinned_L32_sm15,5,1200,1200,15,93,32,0.1202,4.36534,320.62,1399.6145,133.93
pinned_L96_sm68,5,1200,1200,68,40,96,0.5956,4.47982,312.99,1402.1397,130.51
pinned_L8_sm4,5,1200,1200,4,104,8,0.0164,4.35532,318.28,1386.2105,134.24
pinned_L64_sm37,5,1200,1200,37,71,64,0.3242,4.35656,321.17,1399.1955,134.2
persistent_2blk_per_sm,5,1200,1200,,,,,4.24104,323.24,1370.8747,137.86
pinned_L16_sm5,5,1200,1200,5,103,16,0.0455,4.27627,322.97,1381.1085,136.72
pinned_L48_sm26,5,1200,1200,26,82,48,0.2077,4.4372,318.55,1413.47,131.76
pinned_L64_sm33,5,1200,1200,33,75,64,0.3242,4.34711,322.65,1402.596,134.49
pinned_L32_sm11,5,1200,1200,11,97,32,0.1202,4.50343,312.55,1407.5466,129.82
