tiles,waves,rem,gain_pct,s1,f1,f2,n1,f_uniform
110,2,2,-34.612,2,1380.0,735.0,4,1380.0
115,2,7,-31.999,7,1380.0,735.0,14,1380.0
120,2,12,-29.537,12,1380.0,735.0,24,1380.0
125,2,17,-27.213,17,1380.0,735.0,34,1380.0
130,2,22,-25.016,22,1380.0,735.0,44,1380.0
135,2,27,-22.906,27,1380.0,750.0,54,1380.0
140,2,32,-20.936,32,1380.0,750.0,64,1380.0
145,2,37,-19.04,37,1380.0,765.0,74,1380.0
150,2,42,-17.287,66,750.0,1380.0,66,1380.0
155,2,47,-15.593,61,750.0,1380.0,61,1380.0
160,2,52,-13.98,56,750.0,1380.0,56,1380.0
165,2,57,-12.456,51,735.0,1380.0,51,1380.0
170,2,62,-10.983,46,735.0,1380.0,46,1380.0
175,2,67,-9.575,41,735.0,1380.0,41,1380.0
180,2,72,-8.227,36,735.0,1380.0,36,1380.0
185,2,77,-6.936,31,735.0,1380.0,31,1380.0
190,2,82,-5.698,26,735.0,1380.0,26,1380.0
195,2,87,-4.509,21,735.0,1380.0,21,1380.0
200,2,92,-3.368,16,735.0,1380.0,16,1380.0
205,2,97,-2.271,11,735.0,1380.0,11,1380.0
210,2,102,-1.215,6,735.0,1380.0,6,1380.0
215,2,107,-0.963,1,690.0,735.0,2,690.0
220,3,4,-34.398,4,1380.0,915.0,12,1380.0
225,3,9,-32.208,9,1380.0,915.0,27,1380.0
230,3,14,-30.088,14,1380.0,915.0,42,1380.0
235,3,19,-28.036,19,1380.0,915.0,57,1380.0
240,3,24,-26.048,24,1380.0,915.0,72,1380.0
245,3,29,-24.121,29,1380.0,915.0,87,1380.0
250,3,34,-22.252,34,1380.0,915.0,102,1380.0
255,3,39,-20.44,39,1380.0,915.0,117,1380.0
260,3,44,-18.68,44,1380.0,915.0,132,1380.0
265,3,49,-16.971,49,1380.0,915.0,147,1380.0
270,3,54,-15.311,54,915.0,1380.0,108,1380.0
275,3,59,-13.698,49,915.0,1380.0,98,1380.0
280,3,64,-12.13,44,915.0,1380.0,88,1380.0
285,3,69,-10.604,39,915.0,1380.0,78,1380.0
290,3,74,-9.12,34,915.0,1380.0,68,1380.0
295,3,79,-7.675,29,915.0,1380.0,58,1380.0
300,3,84,-6.268,24,915.0,1380.0,48,1380.0
305,3,89,-4.898,19,915.0,1380.0,38,1380.0
310,3,94,-3.563,14,915.0,1380.0,28,1380.0
315,3,99,-2.261,9,915.0,1380.0,18,1380.0
320,3,104,-0.993,4,915.0,1380.0,8,1380.0
325,4,1,-35.734,1,1380.0,1050.0,4,1380.0
330,4,6,-33.674,6,1380.0,1050.0,24,1380.0
335,4,11,-31.51,11,1380.0,1035.0,44,1380.0
340,4,16,-29.551,16,1380.0,1035.0,64,1380.0
345,4,21,-27.636,21,1380.0,1035.0,84,1380.0
350,4,26,-25.762,26,1380.0,1035.0,104,1380.0
355,4,31,-23.929,31,1380.0,1035.0,124,1380.0
360,4,36,-22.136,36,1380.0,1035.0,144,1380.0
365,4,41,-20.38,41,1380.0,1035.0,164,1380.0
370,4,46,-18.661,46,1380.0,1035.0,184,1380.0
375,4,51,-16.978,51,1380.0,1035.0,204,1380.0
380,4,56,-15.33,52,1035.0,1380.0,156,1380.0
385,4,61,-13.715,47,1035.0,1380.0,141,1380.0
390,4,66,-12.132,42,1035.0,1380.0,126,1380.0
395,4,71,-10.581,37,1035.0,1380.0,111,1380.0
400,4,76,-9.061,32,1035.0,1380.0,96,1380.0
405,4,81,-7.571,27,1035.0,1380.0,81,1380.0
410,4,86,-6.109,22,1035.0,1380.0,66,1380.0
415,4,91,-4.675,17,1035.0,1380.0,51,1380.0
420,4,96,-3.284,12,1050.0,1380.0,36,1380.0
425,4,101,-1.898,7,1050.0,1380.0,21,1380.0
430,4,106,-0.963,1,690.0,735.0,4,690.0
435,5,3,-31.847,3,1380.0,1095.0,15,1380.0
440,5,8,-30.066,8,1380.0,1095.0,40,1380.0
445,5,13,-28.316,13,1380.0,1095.0,65,1380.0
450,5,18,-26.237,19,1380.0,1095.0,95,1380.0
455,5,23,-24.549,24,1380.0,1095.0,120,1380.0
460,5,28,-22.89,29,1380.0,1095.0,145,1380.0
465,5,33,-20.907,35,1380.0,1095.0,175,1380.0
470,5,38,-19.306,40,1380.0,1095.0,200,1380.0
475,5,43,-17.73,45,1380.0,1095.0,225,1380.0
480,5,48,-16.523,49,1380.0,1095.0,245,1380.0
485,5,53,-14.995,54,1095.0,1380.0,215,1380.0
490,5,58,-13.492,49,1095.0,1380.0,195,1380.0
495,5,63,-12.013,44,1095.0,1380.0,175,1380.0
500,5,68,-10.557,39,1095.0,1380.0,155,1380.0
505,5,73,-9.124,34,1095.0,1380.0,135,1380.0
510,5,78,-7.768,30,1110.0,1380.0,120,1380.0
515,5,83,-6.423,25,1110.0,1380.0,100,1380.0
520,5,88,-5.099,20,1110.0,1380.0,80,1380.0
525,5,93,-3.928,15,1095.0,1380.0,60,1380.0
530,5,98,-2.599,10,1095.0,1380.0,40,1380.0
535,5,103,-1.29,5,1095.0,1380.0,20,1380.0
540,5,108,-0.969,1,825.0,735.0,6,690.0
545,6,5,-28.142,5,1380.0,1140.0,30,1380.0
550,6,10,-26.587,10,1380.0,1140.0,60,1380.0
555,6,15,-24.421,17,1380.0,1140.0,102,1380.0
560,6,20,-22.914,22,1380.0,1140.0,132,1380.0
565,6,25,-21.428,27,1380.0,1140.0,162,1380.0
570,6,30,-19.962,32,1380.0,1140.0,192,1380.0
575,6,35,-18.516,37,1380.0,1140.0,222,1380.0
580,6,40,-17.09,42,1380.0,1140.0,252,1380.0
585,6,45,-15.682,47,1380.0,1140.0,282,1380.0
590,6,50,-14.294,52,1380.0,1140.0,312,1380.0
595,6,55,-12.923,51,1140.0,1380.0,253,1380.0
600,6,60,-11.571,46,1140.0,1380.0,228,1380.0
605,6,65,-10.237,41,1140.0,1380.0,203,1380.0
610,6,70,-9.213,37,1140.0,1380.0,184,1380.0
615,6,75,-7.911,32,1140.0,1380.0,159,1380.0
620,6,80,-6.659,28,1155.0,1380.0,140,1380.0
625,6,85,-5.435,23,1155.0,1380.0,115,1380.0
630,6,90,-4.226,18,1155.0,1380.0,90,1380.0
635,6,95,-3.033,13,1155.0,1380.0,65,1380.0
640,6,100,-1.927,8,1140.0,1380.0,40,1380.0
645,6,105,-0.963,1,690.0,735.0,6,690.0
650,7,2,-25.098,2,1380.0,1185.0,14,1380.0
655,7,7,-23.772,7,1380.0,1185.0,49,1380.0
