strategy,freq_mhz,msg_mib,latency_run1_ms,latency_run2_ms,abs_deviation_pct
AUTO,300,8.0,0.20717306797524238,0.20879506108412427,0.783
AUTO,300,16.0,0.5798716711619544,0.5797484460538321,0.021
AUTO,300,25.0,0.7533780655770932,0.7530870290902945,0.039
AUTO,300,32.0,0.8360709635416667,0.8358965743215461,0.021
AUTO,300,64.0,1.4043312862001618,1.399470279091283,0.346
AUTO,300,100.0,1.9988735961914064,1.9981875610351563,0.034
AUTO,300,128.0,2.4289404666785037,2.427388879024621,0.064
AUTO,300,256.0,4.769259643554688,4.7683584594726565,0.019
AUTO,510,8.0,0.18761067377519478,0.18796969719652862,0.191
AUTO,510,16.0,0.40316343470982147,0.40286023145053473,0.075
AUTO,510,25.0,0.5379927543744649,0.5383119336601828,0.059
AUTO,510,32.0,0.6038657308626576,0.6033090517502423,0.092
AUTO,510,64.0,1.079110843188142,1.0781169782366071,0.092
AUTO,510,100.0,1.574857626155931,1.572993562659439,0.118
AUTO,510,128.0,1.9374605618990384,1.9349401855468749,0.13
AUTO,510,256.0,3.7624003092447915,3.7566659109933034,0.152
AUTO,705,8.0,0.16621413389088419,0.16620314496118319,0.007
AUTO,705,16.0,0.32545255608514906,0.32533929213038026,0.035
AUTO,705,25.0,0.441582558371804,0.4420701113614169,0.11
AUTO,705,32.0,0.4979486993018617,0.4982939514932753,0.069
AUTO,705,64.0,0.9097663265535202,0.9097663265535202,0.0
AUTO,705,100.0,1.3392507618871228,1.3399345531798246,0.051
AUTO,705,128.0,1.6579584536345109,1.6579584536345109,0.0
AUTO,705,256.0,3.2332117716471354,3.241139221191406,0.245
AUTO,900,8.0,0.13992661874505538,0.13826548936631944,1.187
AUTO,900,16.0,0.2624782845993673,0.2619278166029188,0.21
AUTO,900,25.0,0.3574729440292874,0.35565696474653563,0.508
AUTO,900,32.0,0.4064219518361358,0.40545280943525597,0.238
AUTO,900,64.0,0.7500829496837798,0.7653607638377063,2.037
AUTO,900,100.0,1.1098683974322152,1.1108530238054801,0.089
AUTO,900,128.0,1.374025545987216,1.3756639515269886,0.119
AUTO,900,256.0,2.6771385455953665,2.679433677936422,0.086
AUTO,1200,8.0,0.10652014438643656,0.1062863100865844,0.22
AUTO,1200,16.0,0.20568725954729983,0.2054633953819977,0.109
AUTO,1200,25.0,0.28346068901523575,0.2827890652329174,0.237
AUTO,1200,32.0,0.3197075646202844,0.31855783336488164,0.36
AUTO,1200,64.0,0.5924474795002583,0.5939455817727481,0.253
AUTO,1200,100.0,0.8753714425223214,0.8765079707889767,0.13
AUTO,1200,128.0,1.076445613495291,1.077336205376519,0.083
AUTO,1200,256.0,2.067833187705592,2.0691428736636515,0.063
AUTO,1410,8.0,0.10152239793346773,0.10399352015711325,2.434
AUTO,1410,16.0,0.18549552680768944,0.18571420064786587,0.118
AUTO,1410,25.0,0.26001668580820864,0.26039943120950043,0.147
AUTO,1410,32.0,0.2942968389644834,0.29482240115894986,0.179
AUTO,1410,64.0,0.559517822265625,0.5600363564657999,0.093
AUTO,1410,100.0,0.8409626850328948,0.83907839457194,0.224
AUTO,1410,128.0,1.0337319906655844,1.034014188326322,0.027
AUTO,1410,256.0,1.9628531107088414,1.9633276962652437,0.024
MIN_LATENCY,300,8.0,0.20748107353604675,0.2101819746333397,1.302
MIN_LATENCY,300,16.0,0.35303622895637443,0.35529152508740014,0.639
MIN_LATENCY,300,25.0,0.5280087658958713,0.5273979944898592,0.116
MIN_LATENCY,300,32.0,0.6594955829011292,0.6598314412434896,0.051
MIN_LATENCY,300,64.0,1.25181884765625,1.2552607536315918,0.275
MIN_LATENCY,300,100.0,1.999129638671875,1.9972254043970352,0.095
MIN_LATENCY,300,128.0,2.431118681936553,2.4302312677556817,0.037
MIN_LATENCY,300,256.0,4.771522521972656,4.767354736328125,0.087
MIN_LATENCY,510,8.0,0.1878063190910933,0.1877548364492563,0.027
MIN_LATENCY,510,16.0,0.32982023885427425,0.3298942278618593,0.022
MIN_LATENCY,510,25.0,0.4943001556396484,0.4949072005900931,0.123
MIN_LATENCY,510,32.0,0.6203872203826905,0.6199278741820246,0.074
MIN_LATENCY,510,64.0,1.1838540148379197,1.1854368209838868,0.134
MIN_LATENCY,510,100.0,1.5677396733710105,1.569408530377327,0.106
MIN_LATENCY,510,128.0,1.9332909217247596,1.9331686401367185,0.006
MIN_LATENCY,510,256.0,3.7495855422247026,3.754481433686756,0.131
MIN_LATENCY,705,8.0,0.16803647481325026,0.16826778403901357,0.138
MIN_LATENCY,705,16.0,0.2932795837847856,0.2927069413034539,0.195
MIN_LATENCY,705,25.0,0.43921225531983776,0.44132350921630864,0.481
MIN_LATENCY,705,32.0,0.5507386961183347,0.551118232834507,0.069
MIN_LATENCY,705,64.0,1.0485598112407484,1.0457230461968314,0.271
MIN_LATENCY,705,100.0,1.3352228437151228,1.33308345249721,0.16
MIN_LATENCY,705,128.0,1.6541384489639945,1.6550111190132473,0.053
MIN_LATENCY,705,256.0,3.2263765970865883,3.2245076497395835,0.058
MIN_LATENCY,900,8.0,0.13815016313032671,0.13861219853940215,0.334
MIN_LATENCY,900,16.0,0.23825589981547163,0.2379941472036396,0.11
MIN_LATENCY,900,25.0,0.3558326721191406,0.3558494088730374,0.005
MIN_LATENCY,900,32.0,0.44591706557080923,0.4462279583774717,0.07
MIN_LATENCY,900,64.0,0.8588399472443953,0.8602646537449049,0.166
MIN_LATENCY,900,100.0,1.1074801276711856,1.1083195472831158,0.076
MIN_LATENCY,900,128.0,1.3726025172642298,1.3715821402413506,0.074
MIN_LATENCY,900,256.0,2.670980308795797,2.6730849693561423,0.079
MIN_LATENCY,1200,8.0,0.10632684778284143,0.10739069919960172,1.001
MIN_LATENCY,1200,16.0,0.1894797405793299,0.1899955280875691,0.272
MIN_LATENCY,1200,25.0,0.28504484407194364,0.28500149997837865,0.015
MIN_LATENCY,1200,32.0,0.3574656684277794,0.35759378572789635,0.036
MIN_LATENCY,1200,64.0,0.6935177729679988,0.693833433906987,0.046
MIN_LATENCY,1200,100.0,0.8713155589384192,0.8739781171426007,0.306
MIN_LATENCY,1200,128.0,1.067625257703993,1.0739185442243304,0.589
MIN_LATENCY,1200,256.0,2.066620676141036,2.0679787083675985,0.066
MIN_LATENCY,1410,8.0,0.10155774660759571,0.1012854245629641,0.268
MIN_LATENCY,1410,16.0,0.18267154871860397,0.1830027921022557,0.181
MIN_LATENCY,1410,25.0,0.2761318404586227,0.2760554631551107,0.028
MIN_LATENCY,1410,32.0,0.3481968394496985,0.3480938107686272,0.03
MIN_LATENCY,1410,64.0,0.6769707573784722,0.6770555284288194,0.013
MIN_LATENCY,1410,100.0,0.8376275031121223,0.8369706471761068,0.078
MIN_LATENCY,1410,128.0,1.0329606489701706,1.0314940603155838,0.142
MIN_LATENCY,1410,256.0,1.9595113614710367,1.9616493783346036,0.109
NCCL,300,8.0,0.381421071997186,0.37953836331192736,0.494
NCCL,300,16.0,0.5797593370616008,0.5798432933340828,0.014
NCCL,300,25.0,0.7516064224956192,0.7515451591705608,0.008
NCCL,300,32.0,0.8354965381408006,0.8353166760896382,0.022
NCCL,300,64.0,1.400066710354989,1.3988398881392046,0.088
NCCL,300,100.0,2.004981689453125,2.000061492919922,0.245
NCCL,300,128.0,2.428350830078125,2.424862948330966,0.144
NCCL,300,256.0,4.765368347167969,4.763842468261719,0.032
NCCL,510,8.0,0.2593565427339994,0.26065740752638433,0.502
NCCL,510,16.0,0.40283639975610724,0.4021005217562017,0.183
NCCL,510,25.0,0.5365507706351902,0.5357553910235969,0.148
NCCL,510,32.0,0.6008222507156489,0.6010038627210513,0.03
NCCL,510,64.0,1.0707967970106336,1.0704361625339673,0.034
NCCL,510,100.0,1.5673343505859374,1.5667534030213648,0.037
NCCL,510,128.0,1.9285554504394533,1.92574462890625,0.146
NCCL,510,256.0,3.7430027553013394,3.737638927641369,0.143
NCCL,705,8.0,0.20716531443041425,0.2065222552442175,0.31
NCCL,705,16.0,0.3250090789794922,0.32530190512097834,0.09
NCCL,705,25.0,0.43911808013916015,0.43952255249023436,0.092
NCCL,705,32.0,0.4959203155947403,0.4949632823038444,0.193
NCCL,705,64.0,0.9045373251271803,0.9033939756196121,0.126
NCCL,705,100.0,1.3334563156654096,1.3339012409078665,0.033
NCCL,705,128.0,1.6444237750509512,1.641389238073471,0.185
NCCL,705,256.0,3.2013397216796875,3.203490193684896,0.067
NCCL,900,8.0,0.16652040834780094,0.1674186421154146,0.539
NCCL,900,16.0,0.2616113864521118,0.2618850265724072,0.105
NCCL,900,25.0,0.3542457510571961,0.3548202166274258,0.162
NCCL,900,32.0,0.40418966854319854,0.4031414228616302,0.259
NCCL,900,64.0,0.7441015510915596,0.7437015141282126,0.054
NCCL,900,100.0,1.101042325731734,1.102152821715449,0.101
NCCL,900,128.0,1.3647907457853619,1.3674130031040737,0.192
NCCL,900,256.0,2.648784348060345,2.6522305192618534,0.13
NCCL,1200,8.0,0.13005100075258028,0.13026759624481202,0.167
NCCL,1200,16.0,0.20596353719522664,0.20579350503642907,0.083
NCCL,1200,25.0,0.28393648756020384,0.28164031864593386,0.809
NCCL,1200,32.0,0.3172286683344746,0.31792007013853746,0.218
NCCL,1200,64.0,0.590759142707376,0.5913531720196759,0.101
NCCL,1200,100.0,0.8730874294704861,0.8738861762152779,0.091
NCCL,1200,128.0,1.0654678135702054,1.0665338385595033,0.1
NCCL,1200,256.0,2.0524086400082235,2.0523924175061676,0.001
NCCL,1410,8.0,0.11322379119371265,0.11345889777966653,0.208
NCCL,1410,16.0,0.18590181905657854,0.18588447384717988,0.009
NCCL,1410,25.0,0.2589297301017198,0.25866106644417475,0.104
NCCL,1410,32.0,0.2939068289364085,0.29364568130437274,0.089
NCCL,1410,64.0,0.557357718198354,0.5556885704627403,0.299
NCCL,1410,100.0,0.8380634064370014,0.8382229487101236,0.019
NCCL,1410,128.0,1.0312126746544472,1.0289335593199118,0.221
NCCL,1410,256.0,1.9601008717606707,1.958671417236328,0.073
