coefficient,clock_mhz,index,index_kind,value,unit,note,source
a,300,,,0.51208,W per busy SM,P_gemm = a*S_eff + b,gemm_dcfs_char/data/gemm_dynamic_energy.csv (1080 rows)
kappa,300,,,0.00170693,W per SM per MHz,"a/f = C*V^2, the voltage curve; flat below ~1020 MHz",gemm_dcfs_char/data/gemm_dynamic_energy.csv (1080 rows)
P_static,300,,,56.366,W,"board floor, counted over the whole iteration",gemm_dcfs_char/data/gemm_dynamic_energy.csv (1080 rows)
b,300,32,N*K footprint MiB,5.021,W,residual intercept once a is fixed; collinear with a,gemm_dcfs_char/data/gemm_dynamic_energy.csv (1080 rows)
b,300,128,N*K footprint MiB,7.036,W,residual intercept once a is fixed; collinear with a,gemm_dcfs_char/data/gemm_dynamic_energy.csv (1080 rows)
b,300,512,N*K footprint MiB,8.122,W,residual intercept once a is fixed; collinear with a,gemm_dcfs_char/data/gemm_dynamic_energy.csv (1080 rows)
tau,300,,,0.000110836766,ms per wave per unit K,t_gemm = W*(K/splitK)*tau + t0.,gemm_dcfs_char/data/gemm_dynamic_energy.csv (1080 rows)
t0,300,,,0.11059588,ms,fixed per-launch cost.,gemm_dcfs_char/data/gemm_dynamic_energy.csv (1080 rows)
p0,300,,,24.692,W,P_comm = p0 + gamma*B,comm_dvfs_char/data/comm_trtllm_ar_ctas.csv (288 rows)
gamma,300,,,0.18501,W per GB/s,P_comm = p0 + gamma*B,comm_dvfs_char/data/comm_trtllm_ar_ctas.csv (288 rows)
B,300,1,NCCL CTAs,2.6842,GB/s algorithmic,world=4; 1 CTA = 1 SM (ncu-verified); unmeasured above 32,comm_dvfs_char/data/comm_trtllm_ar_ctas.csv (288 rows)
alpha,300,1,NCCL CTAs,108.71,microseconds,t_comm = alpha + S/B,comm_dvfs_char/data/comm_trtllm_ar_ctas.csv (288 rows)
B,300,2,NCCL CTAs,5.3712,GB/s algorithmic,world=4; 1 CTA = 1 SM (ncu-verified); unmeasured above 32,comm_dvfs_char/data/comm_trtllm_ar_ctas.csv (288 rows)
alpha,300,2,NCCL CTAs,131.781,microseconds,t_comm = alpha + S/B,comm_dvfs_char/data/comm_trtllm_ar_ctas.csv (288 rows)
B,300,4,NCCL CTAs,10.7559,GB/s algorithmic,world=4; 1 CTA = 1 SM (ncu-verified); unmeasured above 32,comm_dvfs_char/data/comm_trtllm_ar_ctas.csv (288 rows)
alpha,300,4,NCCL CTAs,163.475,microseconds,t_comm = alpha + S/B,comm_dvfs_char/data/comm_trtllm_ar_ctas.csv (288 rows)
B,300,8,NCCL CTAs,21.4452,GB/s algorithmic,world=4; 1 CTA = 1 SM (ncu-verified); unmeasured above 32,comm_dvfs_char/data/comm_trtllm_ar_ctas.csv (288 rows)
alpha,300,8,NCCL CTAs,210.145,microseconds,t_comm = alpha + S/B,comm_dvfs_char/data/comm_trtllm_ar_ctas.csv (288 rows)
B,300,16,NCCL CTAs,43.0218,GB/s algorithmic,world=4; 1 CTA = 1 SM (ncu-verified); unmeasured above 32,comm_dvfs_char/data/comm_trtllm_ar_ctas.csv (288 rows)
alpha,300,16,NCCL CTAs,265.923,microseconds,t_comm = alpha + S/B,comm_dvfs_char/data/comm_trtllm_ar_ctas.csv (288 rows)
B,300,32,NCCL CTAs,74.6299,GB/s algorithmic,world=4; 1 CTA = 1 SM (ncu-verified); unmeasured above 32,comm_dvfs_char/data/comm_trtllm_ar_ctas.csv (288 rows)
alpha,300,32,NCCL CTAs,286.87,microseconds,t_comm = alpha + S/B,comm_dvfs_char/data/comm_trtllm_ar_ctas.csv (288 rows)
a,510,,,0.86138,W per busy SM,P_gemm = a*S_eff + b,gemm_dcfs_char/data/gemm_dynamic_energy.csv (1080 rows)
kappa,510,,,0.00168897,W per SM per MHz,"a/f = C*V^2, the voltage curve; flat below ~1020 MHz",gemm_dcfs_char/data/gemm_dynamic_energy.csv (1080 rows)
P_static,510,,,57.602,W,"board floor, counted over the whole iteration",gemm_dcfs_char/data/gemm_dynamic_energy.csv (1080 rows)
b,510,32,N*K footprint MiB,4.438,W,residual intercept once a is fixed; collinear with a,gemm_dcfs_char/data/gemm_dynamic_energy.csv (1080 rows)
b,510,128,N*K footprint MiB,7.852,W,residual intercept once a is fixed; collinear with a,gemm_dcfs_char/data/gemm_dynamic_energy.csv (1080 rows)
b,510,512,N*K footprint MiB,9.602,W,residual intercept once a is fixed; collinear with a,gemm_dcfs_char/data/gemm_dynamic_energy.csv (1080 rows)
tau,510,,,6.5212787e-05,ms per wave per unit K,t_gemm = W*(K/splitK)*tau + t0.,gemm_dcfs_char/data/gemm_dynamic_energy.csv (1080 rows)
t0,510,,,0.06913138,ms,fixed per-launch cost.,gemm_dcfs_char/data/gemm_dynamic_energy.csv (1080 rows)
p0,510,,,24.138,W,P_comm = p0 + gamma*B,comm_dvfs_char/data/comm_trtllm_ar_ctas.csv (288 rows)
gamma,510,,,0.22103,W per GB/s,P_comm = p0 + gamma*B,comm_dvfs_char/data/comm_trtllm_ar_ctas.csv (288 rows)
B,510,1,NCCL CTAs,4.4271,GB/s algorithmic,world=4; 1 CTA = 1 SM (ncu-verified); unmeasured above 32,comm_dvfs_char/data/comm_trtllm_ar_ctas.csv (288 rows)
alpha,510,1,NCCL CTAs,83.194,microseconds,t_comm = alpha + S/B,comm_dvfs_char/data/comm_trtllm_ar_ctas.csv (288 rows)
B,510,2,NCCL CTAs,8.872,GB/s algorithmic,world=4; 1 CTA = 1 SM (ncu-verified); unmeasured above 32,comm_dvfs_char/data/comm_trtllm_ar_ctas.csv (288 rows)
alpha,510,2,NCCL CTAs,94.828,microseconds,t_comm = alpha + S/B,comm_dvfs_char/data/comm_trtllm_ar_ctas.csv (288 rows)
B,510,4,NCCL CTAs,17.6208,GB/s algorithmic,world=4; 1 CTA = 1 SM (ncu-verified); unmeasured above 32,comm_dvfs_char/data/comm_trtllm_ar_ctas.csv (288 rows)
alpha,510,4,NCCL CTAs,107.999,microseconds,t_comm = alpha + S/B,comm_dvfs_char/data/comm_trtllm_ar_ctas.csv (288 rows)
B,510,8,NCCL CTAs,34.0287,GB/s algorithmic,world=4; 1 CTA = 1 SM (ncu-verified); unmeasured above 32,comm_dvfs_char/data/comm_trtllm_ar_ctas.csv (288 rows)
alpha,510,8,NCCL CTAs,136.999,microseconds,t_comm = alpha + S/B,comm_dvfs_char/data/comm_trtllm_ar_ctas.csv (288 rows)
B,510,16,NCCL CTAs,63.508,GB/s algorithmic,world=4; 1 CTA = 1 SM (ncu-verified); unmeasured above 32,comm_dvfs_char/data/comm_trtllm_ar_ctas.csv (288 rows)
alpha,510,16,NCCL CTAs,172.19,microseconds,t_comm = alpha + S/B,comm_dvfs_char/data/comm_trtllm_ar_ctas.csv (288 rows)
B,510,32,NCCL CTAs,77.9782,GB/s algorithmic,world=4; 1 CTA = 1 SM (ncu-verified); unmeasured above 32,comm_dvfs_char/data/comm_trtllm_ar_ctas.csv (288 rows)
alpha,510,32,NCCL CTAs,146.952,microseconds,t_comm = alpha + S/B,comm_dvfs_char/data/comm_trtllm_ar_ctas.csv (288 rows)
a,705,,,1.19426,W per busy SM,P_gemm = a*S_eff + b,gemm_dcfs_char/data/gemm_dynamic_energy.csv (1080 rows)
kappa,705,,,0.00169398,W per SM per MHz,"a/f = C*V^2, the voltage curve; flat below ~1020 MHz",gemm_dcfs_char/data/gemm_dynamic_energy.csv (1080 rows)
P_static,705,,,59.376,W,"board floor, counted over the whole iteration",gemm_dcfs_char/data/gemm_dynamic_energy.csv (1080 rows)
b,705,32,N*K footprint MiB,4.435,W,residual intercept once a is fixed; collinear with a,gemm_dcfs_char/data/gemm_dynamic_energy.csv (1080 rows)
b,705,128,N*K footprint MiB,9.141,W,residual intercept once a is fixed; collinear with a,gemm_dcfs_char/data/gemm_dynamic_energy.csv (1080 rows)
b,705,512,N*K footprint MiB,11.475,W,residual intercept once a is fixed; collinear with a,gemm_dcfs_char/data/gemm_dynamic_energy.csv (1080 rows)
tau,705,,,4.7181887e-05,ms per wave per unit K,t_gemm = W*(K/splitK)*tau + t0.,gemm_dcfs_char/data/gemm_dynamic_energy.csv (1080 rows)
t0,705,,,0.05226279,ms,fixed per-launch cost.,gemm_dcfs_char/data/gemm_dynamic_energy.csv (1080 rows)
p0,705,,,23.734,W,P_comm = p0 + gamma*B,comm_dvfs_char/data/comm_trtllm_ar_ctas.csv (288 rows)
gamma,705,,,0.21894,W per GB/s,P_comm = p0 + gamma*B,comm_dvfs_char/data/comm_trtllm_ar_ctas.csv (288 rows)
B,705,1,NCCL CTAs,5.9096,GB/s algorithmic,world=4; 1 CTA = 1 SM (ncu-verified); unmeasured above 32,comm_dvfs_char/data/comm_trtllm_ar_ctas.csv (288 rows)
alpha,705,1,NCCL CTAs,62.889,microseconds,t_comm = alpha + S/B,comm_dvfs_char/data/comm_trtllm_ar_ctas.csv (288 rows)
B,705,2,NCCL CTAs,11.8576,GB/s algorithmic,world=4; 1 CTA = 1 SM (ncu-verified); unmeasured above 32,comm_dvfs_char/data/comm_trtllm_ar_ctas.csv (288 rows)
alpha,705,2,NCCL CTAs,74.738,microseconds,t_comm = alpha + S/B,comm_dvfs_char/data/comm_trtllm_ar_ctas.csv (288 rows)
B,705,4,NCCL CTAs,23.2915,GB/s algorithmic,world=4; 1 CTA = 1 SM (ncu-verified); unmeasured above 32,comm_dvfs_char/data/comm_trtllm_ar_ctas.csv (288 rows)
alpha,705,4,NCCL CTAs,82.886,microseconds,t_comm = alpha + S/B,comm_dvfs_char/data/comm_trtllm_ar_ctas.csv (288 rows)
B,705,8,NCCL CTAs,43.7229,GB/s algorithmic,world=4; 1 CTA = 1 SM (ncu-verified); unmeasured above 32,comm_dvfs_char/data/comm_trtllm_ar_ctas.csv (288 rows)
alpha,705,8,NCCL CTAs,98.059,microseconds,t_comm = alpha + S/B,comm_dvfs_char/data/comm_trtllm_ar_ctas.csv (288 rows)
B,705,16,NCCL CTAs,78.2831,GB/s algorithmic,world=4; 1 CTA = 1 SM (ncu-verified); unmeasured above 32,comm_dvfs_char/data/comm_trtllm_ar_ctas.csv (288 rows)
alpha,705,16,NCCL CTAs,133.437,microseconds,t_comm = alpha + S/B,comm_dvfs_char/data/comm_trtllm_ar_ctas.csv (288 rows)
B,705,32,NCCL CTAs,89.485,GB/s algorithmic,world=4; 1 CTA = 1 SM (ncu-verified); unmeasured above 32,comm_dvfs_char/data/comm_trtllm_ar_ctas.csv (288 rows)
alpha,705,32,NCCL CTAs,110.652,microseconds,t_comm = alpha + S/B,comm_dvfs_char/data/comm_trtllm_ar_ctas.csv (288 rows)
a,900,,,1.52401,W per busy SM,P_gemm = a*S_eff + b,gemm_dcfs_char/data/gemm_dynamic_energy.csv (1080 rows)
kappa,900,,,0.00169334,W per SM per MHz,"a/f = C*V^2, the voltage curve; flat below ~1020 MHz",gemm_dcfs_char/data/gemm_dynamic_energy.csv (1080 rows)
P_static,900,,,61.356,W,"board floor, counted over the whole iteration",gemm_dcfs_char/data/gemm_dynamic_energy.csv (1080 rows)
b,900,32,N*K footprint MiB,4.343,W,residual intercept once a is fixed; collinear with a,gemm_dcfs_char/data/gemm_dynamic_energy.csv (1080 rows)
b,900,128,N*K footprint MiB,10.666,W,residual intercept once a is fixed; collinear with a,gemm_dcfs_char/data/gemm_dynamic_energy.csv (1080 rows)
b,900,512,N*K footprint MiB,12.832,W,residual intercept once a is fixed; collinear with a,gemm_dcfs_char/data/gemm_dynamic_energy.csv (1080 rows)
tau,900,,,3.696406e-05,ms per wave per unit K,t_gemm = W*(K/splitK)*tau + t0.,gemm_dcfs_char/data/gemm_dynamic_energy.csv (1080 rows)
t0,900,,,0.0415361,ms,fixed per-launch cost.,gemm_dcfs_char/data/gemm_dynamic_energy.csv (1080 rows)
p0,900,,,24.063,W,P_comm = p0 + gamma*B,comm_dvfs_char/data/comm_trtllm_ar_ctas.csv (288 rows)
gamma,900,,,0.22536,W per GB/s,P_comm = p0 + gamma*B,comm_dvfs_char/data/comm_trtllm_ar_ctas.csv (288 rows)
B,900,1,NCCL CTAs,7.395,GB/s algorithmic,world=4; 1 CTA = 1 SM (ncu-verified); unmeasured above 32,comm_dvfs_char/data/comm_trtllm_ar_ctas.csv (288 rows)
alpha,900,1,NCCL CTAs,49.594,microseconds,t_comm = alpha + S/B,comm_dvfs_char/data/comm_trtllm_ar_ctas.csv (288 rows)
B,900,2,NCCL CTAs,14.8525,GB/s algorithmic,world=4; 1 CTA = 1 SM (ncu-verified); unmeasured above 32,comm_dvfs_char/data/comm_trtllm_ar_ctas.csv (288 rows)
alpha,900,2,NCCL CTAs,57.303,microseconds,t_comm = alpha + S/B,comm_dvfs_char/data/comm_trtllm_ar_ctas.csv (288 rows)
B,900,4,NCCL CTAs,28.864,GB/s algorithmic,world=4; 1 CTA = 1 SM (ncu-verified); unmeasured above 32,comm_dvfs_char/data/comm_trtllm_ar_ctas.csv (288 rows)
alpha,900,4,NCCL CTAs,58.762,microseconds,t_comm = alpha + S/B,comm_dvfs_char/data/comm_trtllm_ar_ctas.csv (288 rows)
B,900,8,NCCL CTAs,54.1112,GB/s algorithmic,world=4; 1 CTA = 1 SM (ncu-verified); unmeasured above 32,comm_dvfs_char/data/comm_trtllm_ar_ctas.csv (288 rows)
alpha,900,8,NCCL CTAs,79.522,microseconds,t_comm = alpha + S/B,comm_dvfs_char/data/comm_trtllm_ar_ctas.csv (288 rows)
B,900,16,NCCL CTAs,96.4983,GB/s algorithmic,world=4; 1 CTA = 1 SM (ncu-verified); unmeasured above 32,comm_dvfs_char/data/comm_trtllm_ar_ctas.csv (288 rows)
alpha,900,16,NCCL CTAs,102.898,microseconds,t_comm = alpha + S/B,comm_dvfs_char/data/comm_trtllm_ar_ctas.csv (288 rows)
B,900,32,NCCL CTAs,107.6681,GB/s algorithmic,world=4; 1 CTA = 1 SM (ncu-verified); unmeasured above 32,comm_dvfs_char/data/comm_trtllm_ar_ctas.csv (288 rows)
alpha,900,32,NCCL CTAs,86.028,microseconds,t_comm = alpha + S/B,comm_dvfs_char/data/comm_trtllm_ar_ctas.csv (288 rows)
a,1200,,,2.69466,W per busy SM,P_gemm = a*S_eff + b,gemm_dcfs_char/data/gemm_dynamic_energy.csv (1080 rows)
kappa,1200,,,0.00224555,W per SM per MHz,"a/f = C*V^2, the voltage curve; flat below ~1020 MHz",gemm_dcfs_char/data/gemm_dynamic_energy.csv (1080 rows)
P_static,1200,,,69.659,W,"board floor, counted over the whole iteration",gemm_dcfs_char/data/gemm_dynamic_energy.csv (1080 rows)
b,1200,32,N*K footprint MiB,-0.116,W,residual intercept once a is fixed; collinear with a,gemm_dcfs_char/data/gemm_dynamic_energy.csv (1080 rows)
b,1200,128,N*K footprint MiB,8.075,W,residual intercept once a is fixed; collinear with a,gemm_dcfs_char/data/gemm_dynamic_energy.csv (1080 rows)
b,1200,512,N*K footprint MiB,13.101,W,residual intercept once a is fixed; collinear with a,gemm_dcfs_char/data/gemm_dynamic_energy.csv (1080 rows)
tau,1200,,,2.7733324e-05,ms per wave per unit K,t_gemm = W*(K/splitK)*tau + t0.,gemm_dcfs_char/data/gemm_dynamic_energy.csv (1080 rows)
t0,1200,,,0.03267939,ms,fixed per-launch cost.,gemm_dcfs_char/data/gemm_dynamic_energy.csv (1080 rows)
p0,1200,,,24.623,W,P_comm = p0 + gamma*B,comm_dvfs_char/data/comm_trtllm_ar_ctas.csv (288 rows)
gamma,1200,,,0.25827,W per GB/s,P_comm = p0 + gamma*B,comm_dvfs_char/data/comm_trtllm_ar_ctas.csv (288 rows)
B,1200,1,NCCL CTAs,9.6296,GB/s algorithmic,world=4; 1 CTA = 1 SM (ncu-verified); unmeasured above 32,comm_dvfs_char/data/comm_trtllm_ar_ctas.csv (288 rows)
alpha,1200,1,NCCL CTAs,48.078,microseconds,t_comm = alpha + S/B,comm_dvfs_char/data/comm_trtllm_ar_ctas.csv (288 rows)
B,1200,2,NCCL CTAs,19.3585,GB/s algorithmic,world=4; 1 CTA = 1 SM (ncu-verified); unmeasured above 32,comm_dvfs_char/data/comm_trtllm_ar_ctas.csv (288 rows)
alpha,1200,2,NCCL CTAs,46.427,microseconds,t_comm = alpha + S/B,comm_dvfs_char/data/comm_trtllm_ar_ctas.csv (288 rows)
B,1200,4,NCCL CTAs,37.1249,GB/s algorithmic,world=4; 1 CTA = 1 SM (ncu-verified); unmeasured above 32,comm_dvfs_char/data/comm_trtllm_ar_ctas.csv (288 rows)
alpha,1200,4,NCCL CTAs,44.063,microseconds,t_comm = alpha + S/B,comm_dvfs_char/data/comm_trtllm_ar_ctas.csv (288 rows)
B,1200,8,NCCL CTAs,68.6551,GB/s algorithmic,world=4; 1 CTA = 1 SM (ncu-verified); unmeasured above 32,comm_dvfs_char/data/comm_trtllm_ar_ctas.csv (288 rows)
alpha,1200,8,NCCL CTAs,58.258,microseconds,t_comm = alpha + S/B,comm_dvfs_char/data/comm_trtllm_ar_ctas.csv (288 rows)
B,1200,16,NCCL CTAs,119.6632,GB/s algorithmic,world=4; 1 CTA = 1 SM (ncu-verified); unmeasured above 32,comm_dvfs_char/data/comm_trtllm_ar_ctas.csv (288 rows)
alpha,1200,16,NCCL CTAs,76.979,microseconds,t_comm = alpha + S/B,comm_dvfs_char/data/comm_trtllm_ar_ctas.csv (288 rows)
B,1200,32,NCCL CTAs,139.1251,GB/s algorithmic,world=4; 1 CTA = 1 SM (ncu-verified); unmeasured above 32,comm_dvfs_char/data/comm_trtllm_ar_ctas.csv (288 rows)
alpha,1200,32,NCCL CTAs,71.768,microseconds,t_comm = alpha + S/B,comm_dvfs_char/data/comm_trtllm_ar_ctas.csv (288 rows)
a,1410,,,4.4655,W per busy SM,P_gemm = a*S_eff + b,gemm_dcfs_char/data/gemm_dynamic_energy.csv (1080 rows)
kappa,1410,,,0.00316702,W per SM per MHz,"a/f = C*V^2, the voltage curve; flat below ~1020 MHz",gemm_dcfs_char/data/gemm_dynamic_energy.csv (1080 rows)
P_static,1410,,,85.372,W,"board floor, counted over the whole iteration",gemm_dcfs_char/data/gemm_dynamic_energy.csv (1080 rows)
b,1410,32,N*K footprint MiB,3.172,W,residual intercept once a is fixed; collinear with a,gemm_dcfs_char/data/gemm_dynamic_energy.csv (1080 rows)
b,1410,128,N*K footprint MiB,14.933,W,residual intercept once a is fixed; collinear with a,gemm_dcfs_char/data/gemm_dynamic_energy.csv (1080 rows)
b,1410,512,N*K footprint MiB,19.382,W,residual intercept once a is fixed; collinear with a,gemm_dcfs_char/data/gemm_dynamic_energy.csv (1080 rows)
tau,1410,,,2.3591549e-05,ms per wave per unit K,t_gemm = W*(K/splitK)*tau + t0. EXTRAPOLATED: 33 of 36 rows throttled at 1410,gemm_dcfs_char/data/gemm_dynamic_energy.csv (1080 rows)
t0,1410,,,0.02893741,ms,fixed per-launch cost. EXTRAPOLATED: 33 of 36 rows throttled at 1410,gemm_dcfs_char/data/gemm_dynamic_energy.csv (1080 rows)
p0,1410,,,24.95,W,P_comm = p0 + gamma*B,comm_dvfs_char/data/comm_trtllm_ar_ctas.csv (288 rows)
gamma,1410,,,0.31922,W per GB/s,P_comm = p0 + gamma*B,comm_dvfs_char/data/comm_trtllm_ar_ctas.csv (288 rows)
B,1410,1,NCCL CTAs,11.1476,GB/s algorithmic,world=4; 1 CTA = 1 SM (ncu-verified); unmeasured above 32,comm_dvfs_char/data/comm_trtllm_ar_ctas.csv (288 rows)
alpha,1410,1,NCCL CTAs,35.486,microseconds,t_comm = alpha + S/B,comm_dvfs_char/data/comm_trtllm_ar_ctas.csv (288 rows)
B,1410,2,NCCL CTAs,22.3694,GB/s algorithmic,world=4; 1 CTA = 1 SM (ncu-verified); unmeasured above 32,comm_dvfs_char/data/comm_trtllm_ar_ctas.csv (288 rows)
alpha,1410,2,NCCL CTAs,39.84,microseconds,t_comm = alpha + S/B,comm_dvfs_char/data/comm_trtllm_ar_ctas.csv (288 rows)
B,1410,4,NCCL CTAs,42.6009,GB/s algorithmic,world=4; 1 CTA = 1 SM (ncu-verified); unmeasured above 32,comm_dvfs_char/data/comm_trtllm_ar_ctas.csv (288 rows)
alpha,1410,4,NCCL CTAs,34.449,microseconds,t_comm = alpha + S/B,comm_dvfs_char/data/comm_trtllm_ar_ctas.csv (288 rows)
B,1410,8,NCCL CTAs,77.6948,GB/s algorithmic,world=4; 1 CTA = 1 SM (ncu-verified); unmeasured above 32,comm_dvfs_char/data/comm_trtllm_ar_ctas.csv (288 rows)
alpha,1410,8,NCCL CTAs,46.023,microseconds,t_comm = alpha + S/B,comm_dvfs_char/data/comm_trtllm_ar_ctas.csv (288 rows)
B,1410,16,NCCL CTAs,128.868,GB/s algorithmic,world=4; 1 CTA = 1 SM (ncu-verified); unmeasured above 32,comm_dvfs_char/data/comm_trtllm_ar_ctas.csv (288 rows)
alpha,1410,16,NCCL CTAs,64.395,microseconds,t_comm = alpha + S/B,comm_dvfs_char/data/comm_trtllm_ar_ctas.csv (288 rows)
B,1410,32,NCCL CTAs,144.7224,GB/s algorithmic,world=4; 1 CTA = 1 SM (ncu-verified); unmeasured above 32,comm_dvfs_char/data/comm_trtllm_ar_ctas.csv (288 rows)
alpha,1410,32,NCCL CTAs,53.947,microseconds,t_comm = alpha + S/B,comm_dvfs_char/data/comm_trtllm_ar_ctas.csv (288 rows)
eta_k,,,,0.118,dimensionless,"eta(S) = 1 + eta_k*(1 - S/108). Corrects the GEMM running slower than perfect wave scaling at low occupancy; fitted out of sample on the 14/27/54/81 SM rows, cuts latency error 6.62% -> 1.75%",gemm_dcfs_char/data/gemm_dynamic_energy.csv (1080 rows)
power_cap,,,,400.0,W,"A100-SXM4-40GB board limit, applied to the ITERATION MEAN",nvidia-smi
