mib,m,nk,ctas,tc_over_tg,E_dE_pct,E_dT_pct,T_dE_pct,T_dT_pct,EDP_dE_pct,EDP_dT_pct,matched_dE_pct,vs_measured_dE_pct,compose_bias_pct
128,1024,4096,4,13.323,-18.04,-12.94,-23.17,0.0,-23.17,0.0,-23.17,-25.52,-3.06
128,1024,4096,8,7.298,-15.3,-11.61,-22.42,0.0,-22.42,0.0,-22.42,-24.0,-2.05
128,1024,4096,16,4.387,-11.23,-7.51,-21.57,0.0,-11.23,-7.51,-21.57,-23.65,-2.65
128,1024,4096,32,3.899,-8.17,0.0,-19.63,0.0,-5.77,-4.2,-19.63,-22.64,-1.24
128,1024,8192,4,5.468,-18.03,-12.94,-18.03,-12.94,-18.03,-12.94,-18.03,-18.38,-0.44
128,1024,8192,8,2.995,-14.66,-30.44,-16.53,-11.61,-16.53,-11.61,-16.53,-16.5,0.04
128,1024,8192,16,1.8,-8.59,-27.14,-13.58,-7.51,-13.58,-7.51,-13.58,-14.19,-0.7
128,1024,8192,32,1.6,-3.85,-12.5,1.33,-4.2,1.33,-4.2,0.0,-15.5,-6.7
128,2048,4096,4,9.177,-17.97,-12.94,-17.97,-12.94,-17.97,-12.94,-17.97,-17.98,-0.01
128,2048,4096,8,5.027,-15.81,-11.61,-15.81,-11.61,-15.81,-11.61,-15.81,-15.56,0.3
128,2048,4096,16,3.022,-12.05,-27.14,-12.55,-7.51,-12.55,-7.51,-12.55,-12.78,-0.27
128,2048,4096,32,2.686,-9.36,-22.19,-8.04,-4.2,-8.04,-4.2,-10.0,-11.35,-1.5
128,2048,8192,4,2.959,-16.47,-32.13,-18.57,-12.94,-18.57,-12.94,-18.57,-19.85,-1.58
128,2048,8192,8,1.621,-8.97,-25.95,-3.07,-11.61,-15.55,-5.91,-15.55,-15.86,-0.36
128,2048,8192,16,0.974,-1.26,-3.46,0.16,-1.04,0.16,-1.04,0.0,-6.93,-6.93
128,2048,8192,32,0.866,-1.39,-5.71,1.73,-1.1,0.0,0.0,0.0,-8.75,-8.75
128,4096,4096,4,5.628,-18.13,-12.94,-18.13,-12.94,-18.13,-12.94,-18.13,-18.54,-0.51
128,4096,4096,8,3.083,-14.92,-30.44,-16.66,-11.61,-16.66,-11.61,-16.66,-16.77,-0.13
128,4096,4096,16,1.853,-8.69,-27.14,-13.55,-7.51,-13.55,-7.51,-13.55,-14.43,-1.03
128,4096,4096,32,1.647,-4.63,-15.0,1.35,-4.2,1.35,-4.2,0.0,-16.71,-7.42
128,8192,8192,4,0.795,-1.08,-1.29,-0.21,-0.54,-0.21,-0.54,-0.21,-3.3,-3.09
128,8192,8192,8,0.435,-0.41,-0.93,0.03,-0.53,0.03,-0.53,0.0,-5.34,-5.34
128,8192,8192,16,0.262,-0.04,-1.11,0.48,-0.41,0.0,0.0,0.0,-6.71,-6.71
128,8192,8192,32,0.233,0.0,0.0,1.4,-0.39,0.0,0.0,0.0,-5.47,-5.47
256,1024,4096,4,26.451,-20.38,-12.98,-22.93,0.0,-22.93,0.0,-22.93,-24.97,-2.65
256,1024,4096,8,14.361,-14.59,-11.86,-20.76,0.0,-20.76,0.0,-20.76,-21.74,-1.24
256,1024,4096,16,8.49,-8.55,0.0,-18.43,0.0,-7.46,-6.95,-18.43,-19.63,-1.47
256,1024,4096,32,7.448,-7.16,0.0,-16.06,0.0,-7.16,0.0,-16.06,-16.64,-0.69
256,1024,8192,4,10.855,-19.95,-12.98,-19.95,-12.98,-19.95,-12.98,-19.95,-20.38,-0.53
256,1024,8192,8,5.894,-15.21,-11.86,-15.21,-11.86,-15.21,-11.86,-15.21,-14.5,0.84
256,1024,8192,16,3.484,-10.01,-21.25,-10.45,-6.95,-10.45,-6.95,-11.23,-10.98,0.29
256,1024,8192,32,3.057,-8.37,-21.26,-6.77,-3.75,-10.39,0.0,-10.39,-10.0,0.47
256,2048,4096,4,18.219,-20.23,-12.98,-20.23,-12.98,-20.23,-12.98,-20.23,-20.48,-0.3
256,2048,4096,8,9.892,-14.78,-11.86,-14.78,-11.86,-14.78,-11.86,-14.78,-13.97,0.95
256,2048,4096,16,5.848,-9.53,0.0,-8.59,-6.95,-8.59,-6.95,-9.53,-9.97,-0.49
256,2048,4096,32,5.13,-8.47,0.0,-4.01,-3.75,-8.47,0.0,-8.47,-8.77,-0.33
256,2048,8192,4,5.874,-19.81,-12.98,-19.81,-12.98,-19.81,-12.98,-19.81,-19.91,-0.13
256,2048,8192,8,3.189,-14.39,-30.54,-16.24,-11.86,-16.24,-11.86,-16.24,-16.61,-0.44
256,2048,8192,16,1.885,-7.3,-19.27,-12.04,-6.95,-12.04,-6.95,-12.55,-12.93,-0.1
256,2048,8192,32,1.654,-4.16,-15.36,2.63,-3.75,-10.73,7.67,0.0,-17.16,-7.19
256,4096,4096,4,11.173,-20.05,-12.98,-20.05,-12.98,-20.05,-12.98,-20.05,-20.09,-0.05
256,4096,4096,8,6.066,-15.28,-11.86,-15.28,-11.86,-15.28,-11.86,-15.28,-14.8,0.57
256,4096,4096,16,3.586,-10.19,-21.25,-10.51,-6.95,-10.51,-6.95,-11.29,-10.53,0.86
256,4096,4096,32,3.146,-8.6,-21.39,-6.72,-3.75,-10.52,0.0,-10.52,-11.13,-0.68
256,8192,8192,4,1.578,-12.03,-32.36,-19.19,-12.98,-19.19,-12.98,-19.19,-20.14,-1.17
256,8192,8192,8,0.857,-1.05,-1.75,0.15,-1.02,0.15,-1.02,0.0,-1.89,-1.89
256,8192,8192,16,0.506,-0.41,-2.05,0.97,-0.7,0.0,0.0,0.0,-4.38,-4.38
256,8192,8192,32,0.444,-0.15,-3.37,1.91,-0.61,0.0,0.0,0.0,-7.93,-7.93
512,1024,4096,4,52.642,-20.05,-13.07,-22.38,0.0,-22.38,0.0,-22.38,-24.1,-2.21
512,1024,4096,8,28.377,-14.76,-11.94,-19.9,0.0,-19.9,0.0,-19.9,-20.9,-1.26
512,1024,4096,16,16.609,-8.41,0.0,-16.87,0.0,-7.14,-7.87,-16.87,-17.65,-0.93
512,1024,4096,32,14.538,-6.79,0.0,-14.1,0.0,-1.84,-5.38,-14.1,-15.09,-1.15
512,1024,8192,4,21.604,-19.84,-13.07,-19.84,-13.07,-19.84,-13.07,-19.84,-19.49,0.44
512,1024,8192,8,11.646,-15.03,-11.94,-15.03,-11.94,-15.03,-11.94,-15.03,-14.34,0.81
512,1024,8192,16,6.816,-9.78,0.0,-8.76,-7.87,-8.76,-7.87,-9.78,-9.14,0.72
512,1024,8192,32,5.966,-8.75,0.0,-4.67,-5.38,-4.67,-5.38,-8.75,-8.13,0.68
512,2048,4096,4,36.26,-19.98,-13.07,-19.98,-13.07,-19.98,-13.07,-19.98,-19.44,0.68
512,2048,4096,8,19.546,-14.86,-11.94,-14.86,-11.94,-14.86,-11.94,-14.86,-14.27,0.69
512,2048,4096,16,11.441,-8.91,0.0,-7.71,-7.87,-7.71,-7.87,-8.91,-8.22,0.76
512,2048,4096,32,10.014,-7.43,0.0,-2.79,-5.38,-2.79,-5.38,-7.43,-7.31,0.13
512,2048,8192,4,11.69,-19.66,-13.07,-19.66,-13.07,-19.66,-13.07,-19.66,-18.99,0.84
512,2048,8192,8,6.302,-15.46,-11.94,-15.46,-11.94,-15.46,-11.94,-15.46,-15.14,0.39
512,2048,8192,16,3.688,-10.21,-21.21,-10.66,-7.87,-10.66,-7.87,-11.52,-11.24,0.32
512,2048,8192,32,3.228,-9.54,-23.14,-7.25,-5.38,-7.25,-5.38,-10.79,-11.05,-0.3
512,4096,4096,4,22.237,-19.89,-13.07,-19.89,-13.07,-19.89,-13.07,-19.89,-19.08,1.02
512,4096,4096,8,11.987,-15.09,-11.94,-15.09,-11.94,-15.09,-11.94,-15.09,-14.58,0.6
512,4096,4096,16,7.016,-9.84,0.0,-8.78,-7.87,-8.78,-7.87,-9.84,-9.36,0.53
512,4096,4096,32,6.141,-8.77,0.0,-4.67,-5.38,-4.67,-5.38,-8.77,-8.99,-0.24
512,8192,8192,4,3.14,-17.66,-32.5,-19.61,-13.07,-19.61,-13.07,-19.61,-19.2,0.51
512,8192,8192,8,1.693,-9.69,-30.62,-16.72,-11.94,-16.72,-11.94,-16.72,-16.48,0.29
512,8192,8192,16,0.991,-1.12,-3.66,1.48,-0.8,0.0,0.0,0.0,-3.05,-3.05
512,8192,8192,32,0.867,-1.31,-6.19,2.36,-1.46,0.0,0.0,0.0,-7.89,-7.89
