m,nk,ctas,ar_mib,tc_over_tg,E_Bmeas_mJ,E_Bmeas_ms,E_Bmeas_f,E_Bcomp_mJ,E_Bcomp_ms,E_C_mJ,E_C_ms,E_C_fg,E_C_fc,E_C_vs_Bmeas_pct,E_C_vs_Bcomp_pct,E_compbias_pct,T_Bmeas_mJ,T_Bmeas_ms,T_Bmeas_f,T_Bcomp_mJ,T_Bcomp_ms,T_C_mJ,T_C_ms,T_C_fg,T_C_fc,T_C_vs_Bmeas_pct,T_C_vs_Bcomp_pct,T_compbias_pct,EDP_Bmeas_mJ,EDP_Bmeas_ms,EDP_Bmeas_f,EDP_Bcomp_mJ,EDP_Bcomp_ms,EDP_C_mJ,EDP_C_ms,EDP_C_fg,EDP_C_fc,EDP_C_vs_Bmeas_pct,EDP_C_vs_Bcomp_pct,EDP_compbias_pct
1024,4096,1,64,25.7153,722.36,6.1373,1410,708.82,6.0355,514.46,6.0355,300,1410,-28.78,-27.42,-1.87,722.36,6.1373,1410,708.82,6.0355,514.46,6.0355,300,1410,-28.78,-27.42,-1.87,722.36,6.1373,1410,708.82,6.0355,514.46,6.0355,300,1410,-28.78,-27.42,-1.87
1024,4096,2,64,12.9186,399.25,3.6394,1200,394.97,3.5252,290.48,3.0506,300,1410,-27.24,-26.45,-1.07,411.15,3.1636,1410,398.24,3.0506,290.48,3.0506,300,1410,-29.35,-27.06,-3.14,411.15,3.1636,1410,398.24,3.0506,290.48,3.0506,300,1410,-29.35,-27.06,-3.14
1024,4096,4,64,6.7409,249.95,1.9768,1200,243.13,1.8676,186.09,1.6272,300,1410,-25.55,-23.46,-2.73,265.97,1.7384,1410,252.45,1.6272,186.09,1.6272,300,1410,-30.03,-26.29,-5.08,265.97,1.7384,1410,252.45,1.6272,186.09,1.6272,300,1410,-30.03,-26.29,-5.08
1024,4096,8,64,3.7505,170.95,1.1339,1200,167.0,1.0659,135.86,0.9308,510,1410,-20.53,-18.65,-2.31,189.49,1.0,1410,182.01,0.9308,135.86,0.9308,510,1410,-28.3,-25.36,-3.95,189.49,1.0,1410,182.01,0.9308,135.86,0.9308,510,1410,-28.3,-25.36,-3.95
1024,4096,16,64,2.4136,132.88,0.9237,900,128.86,0.8518,112.18,0.6201,510,1410,-15.58,-12.94,-3.03,157.29,0.6911,1410,149.06,0.6201,112.18,0.6201,510,1410,-28.68,-24.74,-5.23,134.24,0.7482,1200,129.4,0.6787,112.18,0.6201,510,1410,-16.43,-13.31,-3.6
1024,4096,32,64,2.0997,121.99,0.8043,900,119.48,0.741,108.86,0.5829,705,1200,-10.77,-8.89,-2.06,151.39,0.622,1410,143.55,0.5597,110.82,0.5597,705,1410,-26.8,-22.8,-5.17,125.66,0.6464,1200,120.37,0.5829,110.82,0.5597,705,1410,-11.81,-7.94,-4.21
1024,8192,1,64,10.5802,837.38,7.1583,1200,847.3,6.9937,616.05,6.0355,300,1410,-26.43,-27.29,1.18,837.38,7.1583,1200,847.3,6.9937,616.05,6.0355,300,1410,-26.43,-27.29,1.18,837.38,7.1583,1200,847.3,6.9937,616.05,6.0355,300,1410,-26.43,-27.29,1.18
1024,8192,2,64,5.3152,520.46,3.697,1200,516.02,3.5252,392.06,3.0506,510,1410,-24.67,-24.02,-0.85,520.46,3.697,1200,516.02,3.5252,392.06,3.0506,510,1410,-24.67,-24.02,-0.85,520.46,3.697,1200,516.02,3.5252,392.06,3.0506,510,1410,-24.67,-24.02,-0.85
1024,8192,4,64,2.7734,368.75,2.5695,900,358.73,2.3789,285.91,1.6272,510,1410,-22.46,-20.3,-2.72,376.04,2.0241,1200,364.18,1.8676,285.91,1.6272,510,1410,-23.97,-21.49,-3.15,376.04,2.0241,1200,364.18,1.8676,285.91,1.6272,510,1410,-23.97,-21.49,-3.15
1024,8192,8,64,1.5431,274.42,1.4484,900,269.63,1.3236,244.14,1.0293,900,1410,-11.03,-9.45,-1.75,295.18,1.1689,1200,288.06,1.0659,274.33,0.9308,1200,1410,-7.07,-4.77,-2.41,295.18,1.1689,1200,288.06,1.0659,244.14,1.0293,900,1410,-17.29,-15.24,-2.41
1024,8192,16,64,0.993,259.65,1.2823,900,238.52,1.0281,236.12,0.9935,900,1200,-9.06,-1.01,-8.14,281.97,1.0253,1200,257.96,0.7864,258.08,0.7793,1200,1410,-8.47,0.05,-8.51,281.97,1.0253,1200,257.96,0.7864,258.08,0.7793,1200,1410,-8.47,0.05,-8.51
1024,8192,32,64,0.8639,268.95,1.4043,900,243.67,1.1542,241.21,1.0909,900,1200,-10.31,-1.01,-9.4,290.89,1.1063,1200,262.72,0.8885,266.97,0.8792,1200,1410,-8.22,1.62,-9.68,290.89,1.1063,1200,262.72,0.8885,262.72,0.8885,1200,1200,-9.68,0.0,-9.68
1024,16384,1,64,2.9441,1317.59,9.4865,900,1304.06,9.0752,996.8,6.0355,510,1410,-24.35,-23.56,-1.03,1324.06,7.3739,1200,1316.76,6.9937,996.8,6.0355,510,1410,-24.72,-24.3,-0.55,1324.06,7.3739,1200,1316.76,6.9937,996.8,6.0355,510,1410,-24.72,-24.3,-0.55
1024,16384,2,64,1.479,943.01,4.9966,900,917.39,4.5591,780.78,3.0825,900,1410,-17.2,-14.89,-2.72,1001.63,3.9227,1200,985.48,3.5252,926.51,3.0506,1200,1410,-7.5,-5.98,-1.61,1001.63,3.9227,1200,985.48,3.5252,780.78,3.0825,900,1410,-22.05,-20.77,-1.61
1024,16384,4,64,0.7718,851.14,3.8665,900,777.75,3.0825,757.89,3.0825,900,1410,-10.96,-2.55,-8.62,929.88,2.9372,1200,865.57,2.3259,852.24,2.3259,1200,1410,-8.35,-1.54,-6.92,929.88,2.9372,1200,865.57,2.3259,852.24,2.3259,1200,1410,-8.35,-1.54,-6.92
1024,16384,8,64,0.4294,839.96,3.855,900,769.65,3.3472,761.38,3.2687,900,1410,-9.35,-1.07,-8.37,929.02,2.9736,1200,860.14,2.5391,855.78,2.5121,1200,1410,-7.88,-0.51,-7.41,929.02,2.9736,1200,860.14,2.5391,855.78,2.5121,1200,1410,-7.88,-0.51,-7.41
1024,16384,16,64,0.2763,841.29,3.8455,900,750.88,3.2529,750.88,3.2529,900,900,-10.75,0.0,-10.75,841.29,3.8455,900,750.88,3.2529,844.96,2.4963,1200,900,0.44,12.53,-10.75,841.29,3.8455,900,750.88,3.2529,844.96,2.4963,1200,900,0.44,12.53,-10.75
1024,16384,32,64,0.2404,814.99,3.8209,900,756.03,3.3789,756.03,3.3789,900,900,-7.23,0.0,-7.23,814.99,3.8209,900,756.03,3.3789,847.78,2.6223,1200,900,4.02,12.14,-7.23,814.99,3.8209,900,756.03,3.3789,847.78,2.6223,1200,900,4.02,12.14,-7.23
2048,4096,1,64,17.7198,758.58,7.1269,1200,765.02,6.9937,546.78,6.0355,300,1410,-27.92,-28.53,0.85,758.58,7.1269,1200,765.02,6.9937,546.78,6.0355,300,1410,-27.92,-28.53,0.85,758.58,7.1269,1200,765.02,6.9937,546.78,6.0355,300,1410,-27.92,-28.53,0.85
2048,4096,2,64,8.9019,437.56,3.6733,1200,433.75,3.5252,322.8,3.0506,300,1410,-26.23,-25.58,-0.87,437.56,3.6733,1200,433.75,3.5252,322.8,3.0506,300,1410,-26.23,-25.58,-0.87,437.56,3.6733,1200,433.75,3.5252,322.8,3.0506,300,1410,-26.23,-25.58,-0.87
2048,4096,4,64,4.645,287.83,1.9998,1200,281.91,1.8676,218.41,1.6272,300,1410,-24.12,-22.52,-2.06,287.83,1.9998,1200,281.91,1.8676,218.41,1.6272,300,1410,-24.12,-22.52,-2.06,287.83,1.9998,1200,281.91,1.8676,218.41,1.6272,300,1410,-24.12,-22.52,-2.06
2048,4096,8,64,2.5844,205.21,1.4153,900,202.28,1.3236,167.65,0.9308,510,1410,-18.31,-17.12,-1.43,210.18,1.1487,1200,205.78,1.0659,167.65,0.9308,510,1410,-20.24,-18.53,-2.09,210.18,1.1487,1200,205.78,1.0659,167.65,0.9308,510,1410,-20.24,-18.53,-2.09
2048,4096,16,64,1.6631,166.37,0.941,900,160.36,0.8518,145.63,0.6451,705,1410,-12.47,-9.18,-3.62,175.82,0.7621,1200,168.18,0.6787,145.65,0.6201,900,1410,-17.16,-13.4,-4.35,175.82,0.7621,1200,168.18,0.6787,145.65,0.6201,900,1410,-17.16,-13.4,-4.35
2048,4096,32,64,1.4469,172.44,1.0002,900,150.98,0.741,147.82,0.6829,900,1200,-14.28,-2.09,-12.45,178.49,0.7997,1200,159.16,0.5829,160.95,0.5597,1200,1410,-9.83,1.13,-10.83,178.49,0.7997,1200,159.16,0.5829,160.95,0.5597,1200,1410,-9.83,1.13,-10.83
2048,8192,1,64,5.7242,992.75,7.2179,1200,996.65,6.9937,737.39,6.0355,300,1410,-25.72,-26.01,0.39,992.75,7.2179,1200,996.65,6.9937,737.39,6.0355,300,1410,-25.72,-26.01,0.39,992.75,7.2179,1200,996.65,6.9937,737.39,6.0355,300,1410,-25.72,-26.01,0.39
2048,8192,2,64,2.8757,671.12,3.7646,1200,660.6,4.5591,510.09,3.0506,510,1410,-23.99,-22.78,-1.57,671.12,3.7646,1200,665.37,3.5252,510.09,3.0506,510,1410,-23.99,-23.34,-0.86,671.12,3.7646,1200,665.37,3.5252,510.09,3.0506,510,1410,-23.99,-23.34,-0.86
2048,8192,4,64,1.5005,495.51,2.6468,900,477.8,2.3789,410.51,1.6272,900,1410,-17.15,-14.08,-3.57,529.38,2.1027,1200,513.53,1.8676,410.51,1.6272,900,1410,-22.45,-20.06,-2.99,529.38,2.1027,1200,513.53,1.8676,410.51,1.6272,900,1410,-22.45,-20.06,-2.99
2048,8192,8,64,0.8349,445.14,2.0749,900,421.0,1.8501,410.08,1.7716,900,1410,-7.88,-2.6,-5.42,489.71,1.6197,1200,461.67,1.4142,456.0,1.3872,1200,1410,-6.88,-1.23,-5.73,489.71,1.6197,1200,461.67,1.4142,456.0,1.3872,1200,1410,-6.88,-1.23,-5.73
2048,8192,16,64,0.5373,444.11,2.0552,900,402.24,1.7558,400.73,1.7211,900,1200,-9.77,-0.38,-9.43,491.75,1.5949,1200,445.65,1.3368,446.72,1.3251,1200,1410,-9.16,0.24,-9.37,491.75,1.5949,1200,445.65,1.3368,446.72,1.3251,1200,1410,-9.16,0.24,-9.37
2048,8192,32,64,0.4674,440.47,2.0634,900,407.39,1.8818,406.71,1.8186,900,1200,-7.66,-0.17,-7.51,486.34,1.6019,1200,450.09,1.4342,450.09,1.4342,1200,1200,-7.45,0.0,-7.45,486.34,1.6019,1200,450.09,1.4342,450.09,1.4342,1200,1200,-7.45,0.0,-7.45
2048,16384,1,64,1.4842,1799.58,9.7633,900,1796.95,9.0752,1515.45,6.1145,900,1410,-15.79,-15.67,-0.15,1959.25,7.6334,1200,1932.77,6.9937,1806.2,6.0355,1200,1410,-7.81,-6.55,-1.35,1959.25,7.6334,1200,1932.77,6.9937,1515.45,6.1145,900,1410,-22.65,-21.59,-1.35
2048,16384,2,64,0.7456,1541.7,6.3133,900,1505.71,6.1145,1461.05,6.1145,900,1410,-5.23,-2.97,-2.33,1694.87,4.7926,1200,1676.41,4.6005,1650.94,4.6005,1200,1410,-2.59,-1.52,-1.09,1694.87,4.7926,1200,1676.41,4.6005,1650.94,4.6005,1200,1410,-2.59,-1.52,-1.09
2048,16384,4,64,0.3891,1532.33,6.3087,900,1456.68,6.1145,1439.51,6.1145,900,1410,-6.06,-1.18,-4.94,1721.95,4.7699,1200,1640.03,4.6005,1628.02,4.6005,1200,1410,-5.45,-0.73,-4.76,1721.95,4.7699,1200,1640.03,4.6005,1628.02,4.6005,1200,1410,-5.45,-0.73,-4.76
2048,16384,8,64,0.2165,1532.72,6.3121,900,1440.45,6.2468,1438.84,6.2211,900,1200,-6.12,-0.11,-6.02,1721.54,4.8076,1200,1627.17,4.7071,1626.29,4.6936,1200,1410,-5.53,-0.05,-5.48,1721.54,4.8076,1200,1627.17,4.7071,1626.29,4.6936,1200,1410,-5.53,-0.05,-5.48
2048,16384,16,64,0.1393,1538.37,6.4475,900,1429.8,6.2848,1429.8,6.2848,900,900,-7.06,0.0,-7.06,1538.37,6.4475,900,1429.8,6.2848,1616.62,4.7709,1200,900,5.09,13.07,-7.06,1538.37,6.4475,900,1429.8,6.2848,1616.62,4.7709,1200,900,5.09,13.07,-7.06
2048,16384,32,64,0.1212,1511.97,6.8248,900,1434.96,6.4109,1434.96,6.4109,900,900,-5.09,0.0,-5.09,1511.97,6.8248,900,1434.96,6.4109,1616.64,4.8969,1200,900,6.92,12.66,-5.09,1511.97,6.8248,900,1434.96,6.4109,1616.64,4.8969,1200,900,6.92,12.66,-5.09
4096,4096,1,64,10.8867,840.7,7.1555,1200,844.67,6.9937,611.78,6.0355,300,1410,-27.23,-27.57,0.47,840.7,7.1555,1200,844.67,6.9937,611.78,6.0355,300,1410,-27.23,-27.57,0.47,840.7,7.1555,1200,844.67,6.9937,611.78,6.0355,300,1410,-27.23,-27.57,0.47
4096,4096,2,64,5.4692,516.26,3.6892,1200,513.39,3.5252,387.57,3.0506,510,1410,-24.93,-24.51,-0.56,516.26,3.6892,1200,513.39,3.5252,387.57,3.0506,510,1410,-24.93,-24.51,-0.56,516.26,3.6892,1200,513.39,3.5252,387.57,3.0506,510,1410,-24.93,-24.51,-0.56
4096,4096,4,64,2.8538,366.15,2.5562,900,355.65,2.3789,281.42,1.6272,510,1410,-23.14,-20.87,-2.87,369.8,2.013,1200,361.55,1.8676,281.42,1.6272,510,1410,-23.9,-22.16,-2.23,369.8,2.013,1200,361.55,1.8676,281.42,1.6272,510,1410,-23.9,-22.16,-2.23
4096,4096,8,64,1.5878,270.52,1.4396,900,266.55,1.3236,239.24,1.0003,900,1410,-11.56,-10.25,-1.47,291.81,1.1632,1200,285.42,1.0659,271.69,0.9308,1200,1410,-6.89,-4.81,-2.19,291.81,1.1632,1200,285.42,1.0659,239.24,1.0003,900,1410,-18.01,-16.18,-2.19
4096,4096,16,64,1.0218,256.58,1.2648,900,233.74,1.0003,231.53,0.9693,900,1200,-9.76,-0.95,-8.9,278.16,1.0069,1200,253.52,0.7605,253.9,0.7578,1200,1410,-8.72,0.15,-8.86,278.16,1.0069,1200,253.52,0.7605,253.9,0.7578,1200,1410,-8.72,0.15,-8.86
4096,4096,32,64,0.8889,267.55,1.3859,900,239.11,1.13,236.59,1.0667,900,1200,-11.57,-1.06,-10.63,288.92,1.0934,1200,258.58,0.8669,262.73,0.8576,1200,1410,-9.06,1.6,-10.5,288.92,1.0934,1200,258.58,0.8669,258.58,0.8669,1200,1200,-10.5,0.0,-10.5
4096,8192,1,64,2.907,1309.48,9.4972,900,1301.22,9.0752,991.04,6.0355,510,1410,-24.32,-23.84,-0.63,1327.73,7.3873,1200,1311.8,6.9937,991.04,6.0355,510,1410,-25.36,-24.45,-1.2,1327.73,7.3873,1200,1311.8,6.9937,991.04,6.0355,510,1410,-25.36,-24.45,-1.2
4096,8192,2,64,1.4604,939.12,5.0007,900,914.55,4.5591,780.37,3.1219,900,1410,-16.9,-14.67,-2.62,997.02,3.9388,1200,980.53,3.5252,921.56,3.0506,1200,1410,-7.57,-6.01,-1.65,997.02,3.9388,1200,980.53,3.5252,780.37,3.1219,900,1410,-21.73,-20.41,-1.65
4096,8192,4,64,0.762,823.1,3.6042,900,777.33,3.1219,757.5,3.1219,900,1410,-7.97,-2.55,-5.56,904.66,2.7505,1200,862.65,2.3552,849.34,2.3552,1200,1410,-6.12,-1.54,-4.64,904.66,2.7505,1200,862.65,2.3552,849.34,2.3552,1200,1410,-6.12,-1.54,-4.64
4096,8192,8,64,0.424,823.33,3.5884,900,761.1,3.2542,755.15,3.215,900,1410,-8.28,-0.78,-7.56,910.55,2.7715,1200,849.8,2.4618,846.3,2.4483,1200,1410,-7.06,-0.41,-6.67,910.55,2.7715,1200,849.8,2.4618,846.3,2.4483,1200,1410,-7.06,-0.41,-6.67
4096,8192,16,64,0.2728,813.68,3.5913,900,750.46,3.2922,750.46,3.2922,900,900,-7.77,0.0,-7.77,914.07,2.7503,1200,841.2,2.491,841.2,2.491,1200,1200,-7.97,0.0,-7.97,914.07,2.7503,1200,841.2,2.491,841.2,2.491,1200,1200,-7.97,0.0,-7.97
4096,8192,32,64,0.2374,800.59,3.5974,900,755.61,3.4183,755.61,3.4183,900,900,-5.62,0.0,-5.62,800.59,3.5974,900,755.61,3.4183,844.79,2.6516,1200,900,5.52,11.8,-5.62,800.59,3.5974,900,755.61,3.4183,844.79,2.6516,1200,900,5.52,11.8,-5.62
4096,16384,1,64,0.7835,3033.43,12.334,900,2982.66,12.0602,2874.29,11.9002,900,1410,-5.25,-3.63,-1.67,3390.79,9.3118,1200,3346.63,9.0836,3283.72,9.0331,1200,1410,-3.16,-1.88,-1.3,3390.79,9.3118,1200,3346.63,9.0836,3283.72,9.0331,1200,1410,-3.16,-1.88,-1.3
4096,16384,2,64,0.3936,3022.75,12.3675,900,2858.5,11.8225,2811.47,11.7431,900,1410,-6.99,-1.65,-5.43,3376.12,9.342,1200,3244.25,8.901,3218.29,8.876,1200,1410,-4.67,-0.8,-3.91,3376.12,9.342,1200,3244.25,8.901,3218.29,8.876,1200,1410,-4.67,-0.8,-3.91
4096,16384,4,64,0.2054,3027.29,12.3437,900,2802.42,11.7078,2787.77,11.6682,900,1410,-7.91,-0.52,-7.43,3406.92,9.3154,1200,3201.79,8.8138,3191.35,8.8011,1200,1410,-6.33,-0.33,-6.02,3406.92,9.3154,1200,3201.79,8.8138,3191.35,8.8011,1200,1410,-6.33,-0.33,-6.02
4096,16384,8,64,0.1143,3057.97,12.3554,900,2778.94,11.7219,2778.94,11.7219,900,900,-9.12,0.0,-9.12,3057.97,12.3554,900,2778.94,11.7219,3182.78,8.8548,1200,900,4.08,14.53,-9.12,3057.97,12.3554,900,2778.94,11.7219,3182.78,8.8548,1200,900,4.08,14.53,-9.12
4096,16384,16,64,0.0735,3052.24,12.3387,900,2768.42,11.7619,2768.42,11.7619,900,900,-9.3,0.0,-9.3,3052.24,12.3387,900,2768.42,11.7619,3177.58,8.9833,1200,510,4.11,14.78,-9.3,3052.24,12.3387,900,2768.42,11.7619,3177.58,8.9833,1200,510,4.11,14.78,-9.3
4096,16384,32,64,0.064,2875.8,12.3319,900,2773.98,11.8946,2773.98,11.8946,900,900,-3.54,0.0,-3.54,2875.8,12.3319,900,2773.98,11.8946,3167.08,9.1523,1200,510,10.13,14.17,-3.54,2875.8,12.3319,900,2773.98,11.8946,3167.08,9.1523,1200,510,10.13,14.17,-3.54
8192,4096,1,64,5.5975,1008.13,7.2376,1200,1005.58,6.9937,746.18,6.0355,510,1410,-25.98,-25.8,-0.25,1008.13,7.2376,1200,1005.58,6.9937,746.18,6.0355,510,1410,-25.98,-25.8,-0.25,1008.13,7.2376,1200,1005.58,6.9937,746.18,6.0355,510,1410,-25.98,-25.8,-0.25
8192,4096,2,64,2.812,680.91,4.8453,900,668.74,4.5591,518.51,3.0506,510,1410,-23.85,-22.46,-1.79,681.49,3.781,1200,674.3,3.5252,518.51,3.0506,510,1410,-23.92,-23.1,-1.05,681.49,3.781,1200,674.3,3.5252,518.51,3.0506,510,1410,-23.92,-23.1,-1.05
8192,4096,4,64,1.4673,500.49,2.6585,900,485.94,2.3789,418.65,1.6272,900,1410,-16.35,-13.85,-2.91,539.15,2.1147,1200,522.46,1.8676,418.65,1.6272,900,1410,-22.35,-19.87,-3.1,539.15,2.1147,1200,522.46,1.8676,418.65,1.6272,900,1410,-22.35,-19.87,-3.1
8192,4096,8,64,0.8164,442.96,1.979,900,423.22,1.7536,414.6,1.7144,900,1410,-6.4,-2.04,-4.46,488.07,1.5354,1200,465.15,1.336,460.34,1.3224,1200,1410,-5.68,-1.03,-4.7,488.07,1.5354,1200,465.15,1.336,460.34,1.3224,1200,1410,-5.68,-1.03,-4.7
8192,4096,16,64,0.5254,435.18,1.9525,900,412.58,1.7916,411.11,1.757,900,1200,-5.53,-0.36,-5.19,484.86,1.5217,1200,456.55,1.3651,457.69,1.3534,1200,1410,-5.6,0.25,-5.84,484.86,1.5217,1200,456.55,1.3651,457.69,1.3534,1200,1410,-5.6,0.25,-5.84
8192,4096,32,64,0.4571,447.76,2.1059,900,417.73,1.9177,417.14,1.8544,900,1200,-6.84,-0.14,-6.71,495.14,1.6361,1200,460.99,1.4625,460.99,1.4625,1200,1200,-6.9,0.0,-6.9,495.14,1.6361,1200,460.99,1.4625,460.99,1.4625,1200,1200,-6.9,0.0,-6.9
8192,8192,1,64,1.5383,1842.03,9.8027,900,1805.21,9.0752,1529.57,6.2099,900,1410,-16.96,-15.27,-2.0,1971.99,7.671,1200,1943.18,6.9937,1816.61,6.0355,1200,1410,-7.88,-6.51,-1.46,1971.99,7.671,1200,1943.18,6.9937,1529.57,6.2099,900,1410,-22.44,-21.29,-1.46
8192,8192,2,64,0.7728,1555.88,6.3768,900,1515.49,6.1393,1465.94,6.0599,900,1410,-5.78,-3.27,-2.6,1716.99,4.8544,1200,1688.97,4.6314,1661.77,4.6064,1200,1410,-3.22,-1.61,-1.63,1716.99,4.8544,1200,1688.97,4.6314,1661.77,4.6064,1200,1410,-3.22,-1.61,-1.63
8192,8192,4,64,0.4033,1552.54,6.3867,900,1459.42,6.0246,1439.7,5.985,900,1410,-7.27,-1.35,-6.0,1727.04,4.8372,1200,1646.52,4.5442,1633.58,4.5315,1200,1410,-5.41,-0.79,-4.66,1727.04,4.8372,1200,1646.52,4.5442,1633.58,4.5315,1200,1410,-5.41,-0.79,-4.66
8192,8192,8,64,0.2244,1549.37,6.3849,900,1435.93,6.0387,1434.11,6.0116,900,1200,-7.44,-0.13,-7.32,1549.37,6.3849,900,1435.93,6.0387,1630.13,4.5852,1200,900,5.21,13.52,-7.32,1549.37,6.3849,900,1435.93,6.0387,1630.13,4.5852,1200,900,5.21,13.52,-7.32
8192,8192,16,64,0.1444,1528.27,6.3686,900,1425.41,6.0787,1425.41,6.0787,900,900,-6.73,0.0,-6.73,1528.27,6.3686,900,1425.41,6.0787,1622.39,4.6665,1200,705,6.16,13.82,-6.73,1528.27,6.3686,900,1425.41,6.0787,1622.39,4.6665,1200,705,6.16,13.82,-6.73
8192,8192,32,64,0.1256,1516.19,6.61,900,1430.97,6.2114,1430.97,6.2114,900,900,-5.62,0.0,-5.62,1516.19,6.61,900,1430.97,6.2114,1623.32,4.8278,1200,705,7.07,13.44,-5.62,1516.19,6.61,900,1430.97,6.2114,1623.32,4.8278,1200,705,7.07,13.44,-5.62
8192,16384,1,64,0.3929,5807.72,23.8569,900,5698.08,23.3388,5597.14,23.2588,900,1410,-3.63,-1.77,-1.89,6668.24,17.9558,1200,6538.78,17.5577,6478.87,17.5324,1200,1410,-2.84,-0.92,-1.94,6668.24,17.9558,1200,6538.78,17.5577,6478.87,17.5324,1200,1410,-2.84,-0.92,-1.94
8192,16384,2,64,0.1974,5798.17,23.8893,900,5581.21,23.22,5541.7,23.1803,900,1410,-4.42,-0.71,-3.74,6721.45,17.9954,1200,6442.76,17.4664,6420.17,17.4539,1200,1410,-4.48,-0.35,-4.15,6721.45,17.9954,1200,6442.76,17.4664,6420.17,17.4539,1200,1410,-4.48,-0.35,-4.15
8192,16384,4,64,0.103,5821.0,23.8703,900,5532.49,23.2252,5528.08,23.1857,900,1410,-5.03,-0.08,-4.96,5821.0,23.8703,900,5532.49,23.2252,6411.18,17.4988,1200,900,10.14,15.88,-4.96,5821.0,23.8703,900,5532.49,23.2252,6411.18,17.4988,1200,900,10.14,15.88,-4.96
8192,16384,8,64,0.0573,5866.42,23.8715,900,5506.87,23.2045,5506.87,23.2045,900,900,-6.13,0.0,-6.13,5866.42,23.8715,900,5506.87,23.2045,6394.24,17.538,1200,510,9.0,16.11,-6.13,5866.42,23.8715,900,5506.87,23.2045,6394.24,17.538,1200,510,9.0,16.11,-6.13
8192,16384,16,64,0.0369,5865.21,23.8744,900,5497.11,23.2569,5496.37,23.293,900,705,-6.29,-0.01,-6.28,5865.21,23.8744,900,5497.11,23.2569,6382.35,17.7111,1200,300,8.82,16.1,-6.28,5865.21,23.8744,900,5497.11,23.2569,6382.35,17.7111,1200,300,8.82,16.1,-6.28
8192,16384,32,64,0.0321,5642.34,23.8466,900,5504.05,23.412,5491.91,23.5368,900,510,-2.67,-0.22,-2.45,5642.34,23.8466,900,5504.05,23.412,5664.95,23.3357,900,1410,0.4,2.92,-2.45,5642.34,23.8466,900,5504.05,23.412,5504.05,23.412,900,900,-2.45,0.0,-2.45
