m,nk,mib,tc_over_tg,matched_E_pct,A_E_mJ,A_E_ms,A_E_set,B_E_mJ,B_E_ms,B_E_set,C_E_mJ,C_E_ms,C_E_set,CvB_E_mJ_pct,CvB_E_ms_pct,CvA_E_mJ_pct,CvA_E_ms_pct,matched_T_pct,A_T_mJ,A_T_ms,A_T_set,B_T_mJ,B_T_ms,B_T_set,C_T_mJ,C_T_ms,C_T_set,CvB_T_mJ_pct,CvB_T_ms_pct,CvA_T_mJ_pct,CvA_T_ms_pct,matched_EDP_pct,A_EDP_mJ,A_EDP_ms,A_EDP_set,B_EDP_mJ,B_EDP_ms,B_EDP_set,C_EDP_mJ,C_EDP_ms,C_EDP_set,CvB_EDP_mJ_pct,CvB_EDP_ms_pct,CvA_EDP_mJ_pct,CvA_EDP_ms_pct
1024,4096,8,0.551,-0.88,64.1,0.3443,f900/900 c32,65.1,0.3481,f900/900 c10,64.6,0.3474,f900/1200 c8,-0.88,-0.22,0.66,0.87,-0.0,88.8,0.2276,f1380/1380 c6,89.7,0.2288,f1380/1380 c5,89.7,0.2288,f1380/1365 c5,-0.0,0.0,0.92,0.55,0.0,70.5,0.2599,f1200/1200 c10,71.1,0.2619,f1200/1200 c7,71.1,0.2619,f1200/1200 c7,0.0,0.0,0.96,0.76
1024,4096,32,1.309,-3.01,78.7,0.3977,f900/900 c32,79.9,0.3977,f900/900 c32,77.5,0.3511,f900/1200 c18,-3.01,-11.7,-1.5,-11.7,-17.64,101.7,0.2954,f1335/1335 c32,103.8,0.2954,f1335/1335 c32,87.0,0.2858,f1155/1410 c32,-16.19,-3.25,-14.52,-3.25,-5.05,85.5,0.3129,f1200/1200 c32,87.1,0.3129,f1200/1200 c32,86.6,0.2864,f1140/1410 c32,-0.56,-8.47,1.26,-8.47
1024,4096,128,4.338,-9.9,179.8,1.0365,f1200/1200 c32,181.3,1.0365,f1200/1200 c32,163.4,1.0365,f510/1200 c32,-9.9,0.0,-9.12,0.0,-18.67,205.4,1.0007,f1335/1335 c32,207.5,1.0007,f1335/1335 c32,171.6,0.9814,f510/1410 c32,-17.28,-1.93,-16.46,-1.93,-9.9,179.8,1.0365,f1200/1200 c32,181.3,1.0365,f1200/1200 c32,171.6,0.9814,f510/1410 c32,-5.35,-5.32,-4.52,-5.32
1024,4096,256,8.377,-8.52,305.4,2.0012,f1200/1200 c32,306.9,2.0012,f1200/1200 c32,280.8,2.0012,f510/1200 c32,-8.52,0.0,-8.05,0.0,-15.44,343.7,1.9411,f1335/1335 c32,345.8,1.9411,f1335/1335 c32,298.7,1.9088,f510/1410 c32,-13.62,-1.67,-13.11,-1.67,-8.52,305.4,2.0012,f1200/1200 c32,306.9,2.0012,f1200/1200 c32,280.8,2.0012,f510/1200 c32,-8.52,0.0,-8.05,0.0
2048,4096,8,0.383,-0.52,105.3,0.4958,f900/900 c11,106.4,0.5006,f900/900 c9,105.8,0.4995,f900/1200 c7,-0.52,-0.22,0.47,0.76,-0.14,135.9,0.354,f1275/1275 c5,138.7,0.3551,f1275/1275 c3,138.5,0.3551,f1275/1410 c3,-0.14,0.0,1.87,0.33,0.0,119.4,0.3735,f1200/1200 c10,120.5,0.3763,f1200/1200 c7,120.5,0.3763,f1200/1200 c7,0.0,0.0,0.88,0.76
2048,4096,32,0.909,-0.16,117.1,0.4958,f900/900 c22,119.4,0.5044,f900/900 c16,119.2,0.5039,f900/1200 c15,-0.16,-0.11,1.76,1.64,-0.12,141.4,0.3618,f1245/1245 c22,143.8,0.3677,f1245/1245 c15,145.4,0.3669,f1245/1395 c13,1.12,-0.21,2.89,1.42,0.0,131.3,0.3735,f1200/1200 c22,133.7,0.3796,f1200/1200 c15,133.7,0.3796,f1200/1200 c15,0.0,0.0,1.78,1.64
2048,4096,128,3.013,-8.33,212.8,1.3326,f900/900 c32,214.4,1.3326,f900/900 c32,196.5,1.0365,f705/1200 c32,-8.33,-22.22,-7.64,-22.22,-22.37,234.2,1.0244,f1245/1245 c32,260.0,1.0007,f1335/1335 c32,204.7,0.9814,f705/1410 c32,-21.27,-1.93,-12.59,-4.2,-11.41,220.8,1.0365,f1200/1200 c32,221.8,1.0365,f1200/1200 c32,204.7,0.9814,f705/1410 c32,-7.72,-5.32,-7.28,-5.32
2048,4096,256,5.819,-9.71,346.4,2.0012,f1200/1200 c32,347.5,2.0012,f1200/1200 c32,313.7,2.0012,f510/1200 c32,-9.71,0.0,-9.43,0.0,-18.33,364.1,1.9809,f1245/1245 c32,398.3,1.9411,f1335/1335 c32,331.6,1.9088,f510/1410 c32,-16.75,-1.67,-8.93,-3.64,-9.71,346.4,2.0012,f1200/1200 c32,347.5,2.0012,f1200/1200 c32,313.7,2.0012,f510/1200 c32,-9.71,0.0,-9.43,0.0
4096,4096,8,0.238,-0.47,186.8,0.7986,f900/900 c5,187.7,0.8029,f900/900 c5,186.8,0.8029,f900/1200 c5,-0.47,0.0,0.04,0.55,-0.29,222.3,0.5943,f1215/1215 c5,228.4,0.5956,f1215/1215 c2,227.8,0.5956,f1215/1410 c2,-0.29,0.0,2.46,0.22,0.0,216.0,0.6007,f1200/1200 c5,217.1,0.6039,f1200/1200 c5,217.1,0.6039,f1200/1200 c5,0.0,0.0,0.52,0.55
4096,4096,32,0.564,-1.3,202.5,0.8845,f900/900 c22,209.8,0.9666,f900/900 c16,207.1,0.8029,f900/1200 c5,-1.3,-16.93,2.3,-9.23,-0.07,232.7,0.6748,f1200/1200 c15,265.9,0.6886,f1260/1260 c6,271.4,0.681,f1275/1215 c6,2.05,-1.1,16.65,0.92,-4.47,232.7,0.6748,f1200/1200 c15,237.6,0.7228,f1200/1200 c11,230.1,0.6935,f1065/1410 c5,-3.15,-4.06,-1.08,2.76
4096,4096,128,1.871,-4.12,274.3,1.3326,f900/900 c32,278.2,1.3326,f900/900 c32,266.7,1.1399,f900/1080 c32,-4.12,-14.46,-2.75,-14.46,-16.59,300.2,1.0482,f1185/1185 c32,346.9,1.0125,f1290/1290 c32,300.0,0.9814,f1080/1410 c32,-13.51,-3.08,-0.07,-6.38,-6.64,300.2,1.0482,f1185/1185 c32,303.7,1.0365,f1200/1200 c32,272.5,1.0561,f900/1410 c22,-10.29,1.89,-9.24,0.75
4096,4096,256,3.612,-8.59,411.0,2.5792,f900/900 c32,414.9,2.5792,f900/900 c32,379.3,2.0067,f510/1200 c32,-8.59,-22.2,-7.71,-22.2,-19.49,426.3,2.024,f1185/1185 c32,481.0,1.9609,f1290/1290 c32,397.3,1.9088,f705/1410 c32,-17.4,-2.66,-6.79,-5.69,-11.59,426.3,2.024,f1185/1185 c32,429.4,2.0012,f1200/1200 c32,397.3,1.9088,f705/1410 c32,-7.46,-4.62,-6.79,-5.69
8192,4096,8,0.122,-0.17,354.5,1.5758,f900/900 c12,356.5,1.5641,f900/900 c5,355.9,1.5641,f900/1200 c5,-0.17,0.0,0.4,-0.75,-0.48,424.5,1.1563,f1215/1215 c5,441.2,1.1575,f1215/1215 c1,457.7,1.1451,f1230/945 c1,3.75,-1.07,7.83,-0.96,0.0,412.2,1.1686,f1200/1200 c5,414.7,1.1737,f1200/1200 c4,414.7,1.1737,f1200/1200 c4,0.0,0.0,0.61,0.44
8192,4096,32,0.29,-0.85,369.1,1.6044,f900/900 c14,379.4,1.5641,f900/900 c5,376.2,1.5641,f900/1200 c5,-0.85,0.0,1.91,-2.51,-0.02,444.7,1.1563,f1215/1215 c5,450.2,1.1613,f1215/1215 c4,455.6,1.16,f1215/1410 c3,1.21,-0.11,2.45,0.33,0.0,432.5,1.1686,f1200/1200 c5,434.7,1.175,f1200/1200 c5,434.7,1.175,f1200/1200 c5,0.0,0.0,0.51,0.55
8192,4096,128,0.96,-0.2,426.6,1.7111,f900/900 c14,431.8,1.7331,f900/900 c14,430.9,1.7331,f900/1155 c14,-0.2,0.0,1.02,1.28,-2.65,484.2,1.3277,f1200/1200 c14,501.6,1.3192,f1215/1215 c14,508.2,1.2867,f1215/1410 c13,1.32,-2.47,4.97,-3.09,-0.41,484.2,1.3277,f1200/1200 c14,488.3,1.3277,f1200/1200 c14,488.3,1.3024,f1200/1245 c14,0.02,-1.91,0.86,-1.91
8192,4096,256,1.854,-5.5,532.4,2.5792,f900/900 c32,541.9,2.5792,f900/900 c32,512.2,2.0724,f900/1200 c28,-5.5,-19.65,-3.81,-19.65,-17.91,582.2,2.024,f1185/1185 c32,676.6,1.9609,f1290/1290 c32,586.2,1.9088,f1080/1410 c32,-13.36,-2.66,0.69,-5.69,-9.12,582.2,2.024,f1185/1185 c32,591.5,2.0012,f1200/1200 c32,512.2,2.0724,f900/1200 c28,-13.41,3.56,-12.03,2.39
1024,8192,8,0.238,-0.46,191.8,0.7986,f900/900 c5,192.8,0.8029,f900/900 c5,191.9,0.8029,f900/1200 c5,-0.46,0.0,0.06,0.55,-0.23,233.0,0.5943,f1215/1215 c2,233.5,0.5956,f1215/1215 c2,232.9,0.5956,f1215/1365 c2,-0.23,0.0,-0.02,0.22,0.0,220.9,0.6007,f1200/1200 c5,222.1,0.6039,f1200/1200 c5,222.1,0.6039,f1200/1200 c5,0.0,0.0,0.53,0.55
1024,8192,32,0.564,-1.75,207.5,0.8845,f900/900 c22,216.0,0.9666,f900/900 c16,212.2,0.8029,f900/1200 c5,-1.75,-16.93,2.26,-9.23,-0.07,237.7,0.6887,f1185/1185 c14,272.3,0.6886,f1260/1260 c6,272.1,0.6886,f1260/1200 c6,-0.07,0.0,14.47,-0.01,-4.69,235.9,0.6899,f1170/1170 c22,243.6,0.7228,f1200/1200 c11,235.2,0.6935,f1065/1410 c5,-3.42,-4.06,-0.3,0.53
1024,8192,128,1.871,-4.25,279.3,1.3326,f900/900 c32,285.4,1.3326,f900/900 c32,273.3,1.1322,f900/1200 c22,-4.25,-15.04,-2.16,-15.04,-14.9,304.1,1.0725,f1155/1155 c32,347.9,1.0165,f1275/1275 c32,307.3,0.9814,f1080/1410 c32,-11.67,-3.45,1.03,-8.5,-6.41,304.1,1.0725,f1155/1155 c32,310.8,1.0365,f1200/1200 c32,278.6,1.0561,f900/1410 c22,-10.33,1.89,-8.38,-1.53
1024,8192,256,3.612,-8.53,416.0,2.5792,f900/900 c32,422.1,2.5792,f900/900 c32,386.1,2.0067,f510/1200 c32,-8.53,-22.2,-7.19,-22.2,-18.25,431.0,2.0711,f1155/1155 c32,480.6,1.9675,f1275/1275 c32,404.2,1.9088,f705/1410 c32,-15.9,-2.99,-6.22,-7.84,-11.45,431.0,2.0711,f1155/1155 c32,436.4,2.0012,f1200/1200 c32,404.2,1.9088,f705/1410 c32,-7.38,-4.62,-6.22,-7.84
2048,8192,8,0.122,-0.16,364.5,1.5556,f900/900 c5,366.4,1.5641,f900/900 c5,365.8,1.5641,f900/1200 c5,-0.16,0.0,0.37,0.55,-0.46,439.9,1.1563,f1215/1215 c2,451.0,1.1575,f1215/1215 c1,448.9,1.1575,f1215/1410 c1,-0.46,0.0,2.03,0.11,0.0,421.8,1.1686,f1200/1200 c5,424.4,1.1737,f1200/1200 c4,424.4,1.1737,f1200/1200 c4,0.0,0.0,0.61,0.44
2048,8192,32,0.29,-0.82,380.2,1.6415,f900/900 c22,389.3,1.5641,f900/900 c5,386.1,1.5641,f900/1200 c5,-0.82,0.0,1.56,-4.72,-0.02,442.1,1.1686,f1200/1200 c5,447.5,1.1737,f1200/1200 c4,462.4,1.1613,f1215/1020 c4,3.32,-1.06,4.6,-0.63,0.0,442.1,1.1686,f1200/1200 c5,444.3,1.175,f1200/1200 c5,444.3,1.175,f1200/1200 c5,0.0,0.0,0.51,0.55
2048,8192,128,0.96,-0.02,439.2,1.8415,f900/900 c22,450.5,1.8909,f900/900 c16,450.4,1.8909,f900/975 c16,-0.02,0.0,2.56,2.68,-0.35,498.6,1.4256,f1185/1185 c14,543.9,1.3721,f1245/1245 c14,545.6,1.3706,f1245/1260 c13,0.32,-0.11,9.43,-3.86,-0.04,492.8,1.4387,f1170/1170 c22,503.5,1.4202,f1200/1200 c16,503.3,1.4202,f1200/1065 c16,-0.04,0.0,2.13,-1.28
2048,8192,256,1.854,-4.42,542.2,2.5792,f900/900 c32,556.1,2.5792,f900/900 c32,531.5,2.1893,f900/1200 c22,-4.42,-15.12,-1.98,-15.12,-14.28,589.8,2.0711,f1155/1155 c32,678.3,1.9675,f1275/1275 c32,600.4,1.9088,f1080/1410 c32,-11.5,-2.99,1.78,-7.84,-5.66,589.8,2.0711,f1155/1155 c32,605.2,2.0012,f1200/1200 c32,543.2,2.0516,f900/1410 c22,-10.25,2.52,-7.91,-0.94
4096,8192,8,0.062,-0.04,709.7,3.0899,f900/900 c12,713.6,3.0864,f900/900 c5,713.4,3.083,f900/1200 c4,-0.04,-0.11,0.52,-0.22,-0.22,853.7,2.2801,f1215/1215 c2,865.2,2.2826,f1215/1215 c1,863.3,2.2826,f1215/1410 c1,-0.22,0.0,1.12,0.11,0.0,823.5,2.3046,f1200/1200 c5,828.7,2.3121,f1200/1200 c3,828.7,2.3121,f1200/1200 c3,0.0,0.0,0.62,0.33
4096,8192,32,0.147,-0.36,724.3,3.1184,f900/900 c14,736.5,3.0864,f900/900 c5,733.9,3.0864,f900/1200 c5,-0.36,0.0,1.32,-1.03,-0.22,892.0,2.2801,f1215/1215 c2,893.9,2.2851,f1215/1215 c2,891.9,2.2851,f1215/1365 c2,-0.22,0.0,-0.01,0.22,0.0,843.8,2.3046,f1200/1200 c5,848.3,2.3172,f1200/1200 c5,848.3,2.3172,f1200/1200 c5,0.0,0.0,0.53,0.55
4096,8192,128,0.487,-0.0,782.4,3.2356,f900/900 c14,804.4,3.424,f900/900 c14,804.4,3.424,f900/945 c14,-0.0,0.0,2.82,5.82,-0.06,905.1,2.4758,f1200/1200 c10,978.8,2.4969,f1230/1230 c7,985.9,2.4942,f1230/1260 c6,0.73,-0.11,8.93,0.74,-0.01,892.6,2.477,f1185/1185 c14,914.8,2.5677,f1200/1200 c13,913.6,2.5705,f1200/1035 c14,-0.13,0.11,2.36,3.78
4096,8192,256,0.94,-0.17,858.9,3.3766,f900/900 c14,872.3,3.424,f900/900 c14,870.8,3.424,f900/1110 c14,-0.17,0.0,1.39,1.4,0.0,967.4,2.6093,f1185/1185 c14,1007.1,2.567,f1215/1215 c14,1007.9,2.5432,f1215/1245 c14,0.08,-0.93,4.19,-2.53,0.0,967.4,2.6093,f1185/1185 c14,980.4,2.5831,f1200/1200 c14,980.8,2.5705,f1200/1215 c14,0.04,-0.49,1.38,-1.49
8192,8192,8,0.033,0.0,1379.0,5.8176,f900/900 c10,1407.5,6.1244,f900/900 c4,1407.5,6.1244,f900/900 c4,0.0,0.0,2.07,5.27,-0.1,1617.3,4.3746,f1200/1200 c2,1693.8,4.5327,f1215/1215 c1,1692.2,4.5327,f1215/1410 c1,-0.1,0.0,4.63,3.62,0.0,1617.3,4.3746,f1200/1200 c2,1636.3,4.5865,f1200/1200 c2,1636.3,4.5865,f1200/1200 c2,0.0,0.0,1.17,4.84
8192,8192,32,0.078,-0.1,1395.2,5.8719,f900/900 c14,1430.9,6.131,f900/900 c5,1429.5,6.131,f900/1200 c5,-0.1,0.0,2.46,4.41,-0.43,1660.6,4.443,f1200/1200 c2,1764.1,4.5327,f1215/1215 c1,1756.5,4.5327,f1215/1410 c1,-0.43,0.0,5.78,2.02,0.0,1630.6,4.4638,f1185/1185 c5,1656.1,4.6015,f1200/1200 c5,1656.1,4.6015,f1200/1200 c5,0.0,0.0,1.56,3.08
8192,8192,128,0.258,-0.05,1456.2,6.1048,f900/900 c18,1511.2,6.4705,f900/900 c10,1510.5,6.4705,f900/1065 c10,-0.05,0.0,3.73,5.99,-0.01,1720.3,4.5828,f1185/1185 c5,1750.8,4.5965,f1200/1200 c4,1808.6,4.5476,f1215/1020 c4,3.3,-1.06,5.13,-0.77,0.0,1720.3,4.5828,f1185/1185 c5,1737.2,4.6015,f1200/1200 c5,1737.2,4.6015,f1200/1200 c5,0.0,0.0,0.98,0.41
8192,8192,256,0.498,-0.33,1537.2,6.3934,f900/900 c18,1591.3,6.4705,f900/900 c10,1586.1,6.4705,f900/1200 c10,-0.33,0.0,3.18,1.21,-0.03,1774.3,4.8551,f1170/1170 c10,1878.1,4.7889,f1215/1215 c7,1895.1,4.7837,f1215/1320 c6,0.91,-0.11,6.81,-1.47,0.0,1774.3,4.8551,f1170/1170 c10,1807.1,4.8562,f1200/1200 c10,1807.1,4.8562,f1200/1200 c10,0.0,0.0,1.85,0.02
1024,16384,8,0.062,-0.04,716.4,3.0696,f900/900 c5,720.3,3.0864,f900/900 c5,720.0,3.083,f900/1200 c4,-0.04,-0.11,0.5,0.44,-0.25,835.1,2.3046,f1200/1200 c5,852.5,2.3071,f1200/1200 c1,877.9,2.2826,f1215/1125 c1,2.98,-1.06,5.12,-0.96,0.0,835.1,2.3046,f1200/1200 c5,840.3,2.3121,f1200/1200 c3,840.3,2.3121,f1200/1200 c3,0.0,0.0,0.62,0.33
1024,16384,32,0.147,-0.35,732.1,3.1556,f900/900 c22,743.2,3.0864,f900/900 c5,740.6,3.0864,f900/1200 c5,-0.35,0.0,1.15,-2.19,-0.3,855.4,2.3046,f1200/1200 c5,881.2,2.3096,f1200/1200 c2,878.5,2.3096,f1200/1410 c2,-0.3,0.0,2.71,0.22,0.0,855.4,2.3046,f1200/1200 c5,859.9,2.3172,f1200/1200 c5,859.9,2.3172,f1200/1200 c5,0.0,0.0,0.53,0.55
1024,16384,128,0.487,-1.27,791.2,3.3556,f900/900 c22,832.2,3.7395,f900/900 c16,821.6,3.0864,f900/1200 c5,-1.27,-17.46,3.85,-8.02,-12.15,909.2,2.6382,f1170/1170 c15,1039.6,2.6884,f1245/1245 c6,920.2,2.6499,f1080/1410 c5,-11.48,-1.43,1.21,0.44,-5.51,902.3,2.6532,f1155/1155 c22,946.1,2.7982,f1200/1200 c13,913.3,2.6633,f1065/1410 c5,-3.46,-4.82,1.22,0.38
1024,16384,256,0.94,-0.02,869.8,3.6222,f900/900 c22,895.9,3.7395,f900/900 c16,895.7,3.7395,f900/960 c16,-0.02,0.0,2.98,3.24,-0.11,988.2,2.8573,f1170/1170 c15,1064.3,2.7386,f1230/1230 c13,1082.3,2.7118,f1245/1140 c14,1.69,-0.98,9.53,-5.09,-0.07,978.0,2.8714,f1155/1155 c22,1006.7,2.8072,f1200/1200 c16,1006.0,2.8072,f1200/1035 c16,-0.07,0.0,2.86,-2.24
2048,16384,8,0.031,0.0,1413.5,6.118,f900/900 c12,1420.8,6.1244,f900/900 c4,1420.8,6.1244,f900/900 c4,0.0,0.0,0.51,0.1,-0.11,1650.0,4.5765,f1200/1200 c5,1668.3,4.5815,f1200/1200 c1,1717.6,4.5327,f1215/1125 c1,2.96,-1.06,4.09,-0.96,0.0,1650.0,4.5765,f1200/1200 c5,1659.4,4.5865,f1200/1200 c2,1659.4,4.5865,f1200/1200 c2,0.0,0.0,0.56,0.22
2048,16384,32,0.074,-0.1,1428.1,6.1465,f900/900 c14,1444.2,6.131,f900/900 c5,1442.8,6.131,f900/1200 c5,-0.1,0.0,1.02,-0.25,-0.48,1670.3,4.5765,f1200/1200 c5,1739.1,4.5815,f1200/1200 c1,1791.8,4.5327,f1215/1125 c1,3.03,-1.06,7.27,-0.96,0.0,1670.3,4.5765,f1200/1200 c5,1679.3,4.6015,f1200/1200 c5,1679.3,4.6015,f1200/1200 c5,0.0,0.0,0.54,0.55
2048,16384,128,0.245,-0.78,1486.2,6.2637,f900/900 c14,1535.8,6.131,f900/900 c5,1523.8,6.131,f900/1200 c5,-0.78,0.0,2.53,-2.12,-0.01,1751.4,4.5765,f1200/1200 c5,1773.9,4.5965,f1200/1200 c4,1796.2,4.5915,f1200/1410 c3,1.25,-0.11,2.56,0.33,0.0,1751.4,4.5765,f1200/1200 c5,1760.3,4.6015,f1200/1200 c5,1760.3,4.6015,f1200/1200 c5,0.0,0.0,0.51,0.55
2048,16384,256,0.473,-0.0,1563.7,6.4199,f900/900 c14,1610.4,6.8059,f900/900 c14,1610.3,6.8059,f900/930 c14,-0.0,0.0,2.99,6.01,-0.03,1808.8,4.9681,f1185/1185 c11,1920.6,5.0154,f1215/1215 c7,1968.2,4.9614,f1230/1170 c7,2.48,-1.08,8.81,-0.14,-0.02,1788.7,4.9922,f1170/1170 c14,1840.8,5.1023,f1200/1200 c13,1838.0,5.1078,f1200/1020 c14,-0.15,0.11,2.75,2.32
4096,16384,8,0.016,0.0,2763.5,11.5709,f900/900 c10,2820.4,12.1938,f900/900 c3,2820.4,12.1938,f900/900 c3,0.0,0.0,2.06,5.38,-0.03,3241.0,8.8283,f1185/1185 c3,3299.9,9.1303,f1200/1200 c1,3397.0,9.033,f1215/1125 c1,2.94,-1.07,4.82,2.32,0.0,3241.0,8.8283,f1185/1185 c3,3292.8,9.1403,f1200/1200 c2,3292.8,9.1403,f1200/1200 c2,0.0,0.0,1.6,3.53
4096,16384,32,0.039,-0.0,2779.7,11.6253,f900/900 c14,2846.2,12.2203,f900/900 c5,2846.2,12.2203,f900/930 c5,-0.0,0.0,2.39,5.12,-0.23,3272.9,8.8757,f1185/1185 c3,3370.7,9.1303,f1200/1200 c1,3471.2,9.033,f1215/1125 c1,2.98,-1.07,6.06,1.77,0.0,3272.9,8.8757,f1185/1185 c3,3321.5,9.1502,f1200/1200 c3,3321.5,9.1502,f1200/1200 c3,0.0,0.0,1.49,3.09
4096,16384,128,0.129,-0.33,2840.7,11.8582,f900/900 c18,2937.8,12.2203,f900/900 c5,2928.2,12.2203,f900/1200 c5,-0.33,0.0,3.08,3.05,-0.29,3400.5,9.0655,f1185/1185 c3,3485.3,9.1403,f1200/1200 c2,3475.0,9.1403,f1200/1410 c2,-0.29,0.0,2.19,0.83,0.0,3343.3,9.1172,f1170/1170 c5,3399.1,9.1702,f1200/1200 c5,3399.1,9.1702,f1200/1200 c5,0.0,0.0,1.67,0.58
4096,16384,256,0.25,-0.05,2921.7,12.1468,f900/900 c18,3037.7,12.8989,f900/900 c10,3036.3,12.2203,f900/1200 c5,-0.05,-5.26,3.92,0.61,-0.01,3463.5,9.2777,f1170/1170 c5,3534.6,9.1602,f1200/1200 c4,3579.3,9.1502,f1200/1410 c3,1.27,-0.11,3.34,-1.37,0.0,3391.1,9.4634,f1155/1155 c10,3507.2,9.1702,f1200/1200 c5,3507.2,9.1702,f1200/1200 c5,0.0,0.0,3.42,-3.1
8192,16384,8,0.008,-0.0,5507.4,23.0736,f900/900 c8,5571.6,23.7124,f900/900 c2,5571.6,23.7124,f900/915 c2,-0.0,0.0,1.17,2.77,-0.0,6460.5,17.5998,f1185/1185 c2,6525.7,17.773,f1200/1200 c1,6525.7,17.773,f1200/1260 c1,-0.0,0.0,1.01,0.98,-0.0,6457.5,17.6052,f1185/1185 c3,6525.7,17.773,f1200/1200 c1,6525.7,17.773,f1200/1260 c1,-0.0,0.0,1.06,0.95
8192,16384,32,0.02,-0.13,5523.4,23.1381,f900/900 c16,5618.1,23.7124,f900/900 c2,5610.9,23.7124,f900/1200 c2,-0.13,0.0,1.58,2.48,-0.1,6501.7,17.6344,f1185/1185 c2,6596.6,17.773,f1200/1200 c1,6590.2,17.773,f1200/1410 c1,-0.1,0.0,1.36,0.79,0.0,6489.4,17.6527,f1185/1185 c3,6560.6,17.7924,f1200/1200 c2,6560.6,17.7924,f1200/1200 c2,0.0,0.0,1.1,0.79
8192,16384,128,0.065,-0.09,5583.0,23.3302,f900/900 c16,5741.9,24.3989,f900/900 c5,5737.0,24.3989,f900/1200 c5,-0.09,0.0,2.76,4.58,-0.47,6666.5,17.7729,f1185/1185 c2,6880.0,17.773,f1200/1200 c1,6847.7,17.773,f1200/1410 c1,-0.47,0.0,2.72,0.0,-0.12,6534.8,18.0574,f1170/1170 c7,6714.7,17.7924,f1200/1200 c2,6706.9,17.7924,f1200/1410 c2,-0.12,0.0,2.63,-1.47
8192,16384,256,0.125,-0.32,5662.5,23.5864,f900/900 c16,5863.9,24.3989,f900/900 c5,5845.0,24.3989,f900/1200 c5,-0.32,0.0,3.22,3.44,-0.3,6886.2,17.9575,f1185/1185 c2,6920.0,17.7924,f1200/1200 c2,6899.5,17.7924,f1200/1410 c2,-0.3,0.0,0.19,-0.92,-0.3,6636.7,18.2356,f1170/1170 c7,6920.0,17.7924,f1200/1200 c2,6899.5,17.7924,f1200/1410 c2,-0.3,0.0,3.96,-2.43
