m,nk,k,mib,grid,splitk,tc_over_tg,E_1clk_mJ,E_1clk_ms,E_1clk_f,E_1clk_ctas,E_2clk_mJ,E_2clk_ms,E_2clk_fg,E_2clk_fc,E_2clk_ctas,E_E_ratio,E_T_ratio,T_1clk_mJ,T_1clk_ms,T_1clk_f,T_1clk_ctas,T_2clk_mJ,T_2clk_ms,T_2clk_fg,T_2clk_fc,T_2clk_ctas,T_E_ratio,T_T_ratio,EDP_1clk_mJ,EDP_1clk_ms,EDP_1clk_f,EDP_1clk_ctas,EDP_2clk_mJ,EDP_2clk_ms,EDP_2clk_fg,EDP_2clk_fc,EDP_2clk_ctas,EDP_E_ratio,EDP_T_ratio
1024,4096,4096,8,128,1,0.5513,65.13,0.34811,900,10,64.56,0.34736,900,1200,8,0.99116,0.99784,89.65,0.22882,1380,5,89.65,0.22882,1380,1365,5,1.0,1.0,71.14,0.26186,1200,7,71.14,0.26186,1200,1200,7,1.0,1.0
1024,4096,4096,32,128,1,1.3086,79.93,0.39767,900,32,77.52,0.35115,900,1200,18,0.96992,0.883,103.76,0.29541,1335,32,86.95,0.2858,1155,1410,32,0.83805,0.96746,87.1,0.31295,1200,32,86.62,0.28644,1140,1410,32,0.99441,0.9153
1024,4096,4096,128,128,1,4.338,181.32,1.0365,1200,32,163.37,1.0365,510,1200,32,0.901,1.0,207.47,1.00072,1335,32,171.62,0.98136,510,1410,32,0.82721,0.98066,181.32,1.0365,1200,32,171.62,0.98136,510,1410,32,0.94652,0.94681
1024,4096,4096,256,128,1,8.3772,306.94,2.00122,1200,32,280.8,2.00122,510,1200,32,0.91485,1.0,345.75,1.94112,1335,32,298.66,1.90878,510,1410,32,0.86379,0.98334,306.94,2.00122,1200,32,280.8,2.00122,510,1200,32,0.91485,1.0
2048,4096,4096,8,256,1,0.3829,106.37,0.50063,900,9,105.82,0.49954,900,1200,7,0.99485,0.99784,138.65,0.35511,1275,3,138.46,0.35511,1275,1410,3,0.99862,1.0,120.48,0.37632,1200,7,120.48,0.37632,1200,1200,7,1.0,1.0
2048,4096,4096,32,256,1,0.909,119.38,0.50442,900,16,119.19,0.50388,900,1200,15,0.99844,0.99893,143.84,0.36769,1245,15,145.45,0.3669,1245,1395,13,1.01117,0.99785,133.66,0.37959,1200,15,133.66,0.37959,1200,1200,15,1.0,1.0
2048,4096,4096,128,256,1,3.0132,214.4,1.33261,900,32,196.54,1.0365,705,1200,32,0.91668,0.77779,260.04,1.00072,1335,32,204.72,0.98136,705,1410,32,0.78728,0.98066,221.84,1.0365,1200,32,204.72,0.98136,705,1410,32,0.92283,0.94681
2048,4096,4096,256,256,1,5.8188,347.46,2.00122,1200,32,313.74,2.00122,510,1200,32,0.90294,1.0,398.32,1.94112,1335,32,331.59,1.90878,510,1410,32,0.83247,0.98334,347.46,2.00122,1200,32,313.74,2.00122,510,1200,32,0.90294,1.0
4096,4096,4096,8,512,1,0.2377,187.73,0.80292,900,5,186.84,0.80292,900,1200,5,0.99529,1.0,228.43,0.59563,1215,2,227.77,0.59563,1215,1410,2,0.99711,1.0,217.13,0.60394,1200,5,217.13,0.60394,1200,1200,5,1.0,1.0
4096,4096,4096,32,512,1,0.5643,209.85,0.96657,900,16,207.11,0.80292,900,1200,5,0.98697,0.83069,265.95,0.68859,1260,6,271.4,0.681,1275,1215,6,1.02051,0.98898,237.65,0.72284,1200,11,230.15,0.69348,1065,1410,5,0.96845,0.95939
4096,4096,4096,128,512,1,1.8706,278.18,1.33261,900,32,266.7,1.13988,900,1080,32,0.95875,0.85537,346.92,1.01251,1290,32,300.04,0.98136,1080,1410,32,0.86488,0.96924,303.74,1.0365,1200,32,272.49,1.05606,900,1410,22,0.89714,1.01887
4096,4096,4096,256,512,1,3.6123,414.91,2.5792,900,32,379.28,2.0067,510,1200,32,0.91413,0.77803,481.02,1.96088,1290,32,397.32,1.90878,705,1410,32,0.82599,0.97343,429.36,2.00122,1200,32,397.32,1.90878,705,1410,32,0.92538,0.95381
8192,4096,4096,8,1024,1,0.122,356.52,1.56408,900,5,355.93,1.56408,900,1200,5,0.99834,1.0,441.17,1.15751,1215,1,457.7,1.14512,1230,945,1,1.03746,0.98929,414.74,1.17374,1200,4,414.74,1.17374,1200,1200,4,1.0,1.0
8192,4096,4096,32,1024,1,0.2897,379.41,1.56408,900,5,376.2,1.56408,900,1200,5,0.99154,1.0,450.17,1.1613,1215,4,455.63,1.16004,1215,1410,3,1.01212,0.99891,434.69,1.17502,1200,5,434.69,1.17502,1200,1200,5,1.0,1.0
8192,4096,4096,128,1024,1,0.9603,431.8,1.7331,900,14,430.93,1.7331,900,1155,14,0.99799,1.0,501.57,1.31918,1215,14,508.21,1.28665,1215,1410,13,1.01324,0.97534,488.25,1.32771,1200,14,488.34,1.30239,1200,1245,14,1.00018,0.98093
8192,4096,4096,256,1024,1,1.8544,541.94,2.5792,900,32,512.15,2.07245,900,1200,28,0.94503,0.80352,676.6,1.96088,1290,32,586.19,1.90878,1080,1410,32,0.86638,0.97343,591.46,2.00122,1200,32,512.15,2.07245,900,1200,28,0.86591,1.03559
1024,8192,8192,8,512,2,0.2377,192.81,0.80292,900,5,191.92,0.80292,900,1200,5,0.99541,1.0,233.46,0.59563,1215,2,232.93,0.59563,1215,1365,2,0.99771,1.0,222.07,0.60394,1200,5,222.07,0.60394,1200,1200,5,1.0,1.0
1024,8192,8192,32,512,2,0.5643,215.96,0.96657,900,16,212.19,0.80292,900,1200,5,0.98254,0.83069,272.29,0.68859,1260,6,272.11,0.68859,1260,1200,6,0.99934,1.0,243.57,0.72284,1200,11,235.25,0.69348,1065,1410,5,0.96584,0.95939
1024,8192,8192,128,512,2,1.8706,285.38,1.33261,900,32,273.27,1.13218,900,1200,22,0.95755,0.84959,347.85,1.01646,1275,32,307.26,0.98136,1080,1410,32,0.8833,0.96547,310.75,1.0365,1200,32,278.65,1.05606,900,1410,22,0.89668,1.01887
1024,8192,8192,256,512,2,3.6123,422.11,2.5792,900,32,386.13,2.0067,510,1200,32,0.91475,0.77803,480.55,1.96753,1275,32,404.16,1.90878,705,1410,32,0.84103,0.97014,436.37,2.00122,1200,32,404.16,1.90878,705,1410,32,0.92618,0.95381
2048,8192,8192,8,512,1,0.122,366.41,1.56408,900,5,365.82,1.56408,900,1200,5,0.99838,1.0,450.95,1.15751,1215,1,448.85,1.15751,1215,1410,1,0.99535,1.0,424.35,1.17374,1200,4,424.35,1.17374,1200,1200,4,1.0,1.0
2048,8192,8192,32,512,1,0.2897,389.3,1.56408,900,5,386.09,1.56408,900,1200,5,0.99175,1.0,447.54,1.17374,1200,4,462.39,1.1613,1215,1020,4,1.03318,0.9894,444.31,1.17502,1200,5,444.31,1.17502,1200,1200,5,1.0,1.0
2048,8192,8192,128,512,1,0.9603,450.52,1.89088,900,16,450.42,1.89088,900,975,16,0.99977,1.0,543.86,1.37207,1245,14,545.59,1.3706,1245,1260,13,1.00319,0.99892,503.53,1.42023,1200,16,503.32,1.42023,1200,1065,16,0.99959,1.0
2048,8192,8192,256,512,1,1.8544,556.08,2.5792,900,32,531.52,2.18933,900,1200,22,0.95582,0.84884,678.35,1.96753,1275,32,600.35,1.90878,1080,1410,32,0.88503,0.97014,605.22,2.00122,1200,32,543.19,2.05164,900,1410,22,0.8975,1.02519
4096,8192,8192,8,1024,1,0.0618,713.62,3.0864,900,5,713.37,3.08305,900,1200,4,0.99964,0.99891,865.24,2.28258,1215,1,863.29,2.28258,1215,1410,1,0.99775,1.0,828.65,2.31215,1200,3,828.65,2.31215,1200,1200,3,1.0,1.0
4096,8192,8192,32,1024,1,0.1468,736.51,3.0864,900,5,733.88,3.0864,900,1200,5,0.99643,1.0,893.87,2.28507,1215,2,891.91,2.28507,1215,1365,2,0.99781,1.0,848.26,2.31718,1200,5,848.26,2.31718,1200,1200,5,1.0,1.0
4096,8192,8192,128,1024,1,0.4866,804.43,3.42403,900,14,804.4,3.42403,900,945,14,0.99996,1.0,978.76,2.49688,1230,7,985.9,2.49418,1230,1260,6,1.0073,0.99892,914.79,2.56775,1200,13,913.62,2.57051,1200,1035,14,0.99872,1.00108
4096,8192,8192,256,1024,1,0.9397,872.28,3.42403,900,14,870.82,3.42403,900,1110,14,0.99833,1.0,1007.15,2.56695,1215,14,1007.92,2.54317,1215,1245,14,1.00076,0.99074,980.43,2.58312,1200,14,980.78,2.57051,1200,1215,14,1.00035,0.99512
8192,8192,8192,8,2048,1,0.0328,1407.53,6.12438,900,4,1407.53,6.12438,900,900,4,1.0,1.0,1693.8,4.53272,1215,1,1692.16,4.53272,1215,1410,1,0.99903,1.0,1636.31,4.58651,1200,2,1636.31,4.58651,1200,1200,2,1.0,1.0
8192,8192,8192,32,2048,1,0.0778,1430.93,6.13104,900,5,1429.48,6.13104,900,1200,5,0.99898,1.0,1764.11,4.53272,1215,1,1756.52,4.53272,1215,1410,1,0.9957,1.0,1656.15,4.60151,1200,5,1656.15,4.60151,1200,1200,5,1.0,1.0
8192,8192,8192,128,2048,1,0.2578,1511.16,6.47047,900,10,1510.48,6.47047,900,1065,10,0.99955,1.0,1750.82,4.59651,1200,4,1808.56,4.54756,1215,1020,4,1.03298,0.98935,1737.22,4.60151,1200,5,1737.22,4.60151,1200,1200,5,1.0,1.0
8192,8192,8192,256,2048,1,0.4978,1591.32,6.47047,900,10,1586.07,6.47047,900,1200,10,0.9967,1.0,1878.06,4.78889,1215,7,1895.09,4.78369,1215,1320,6,1.00907,0.99892,1807.05,4.85618,1200,10,1807.05,4.85618,1200,1200,10,1.0,1.0
1024,16384,16384,8,512,1,0.0618,720.31,3.0864,900,5,720.05,3.08305,900,1200,4,0.99964,0.99891,852.46,2.30711,1200,1,877.87,2.28258,1215,1125,1,1.0298,0.98937,840.28,2.31215,1200,3,840.28,2.31215,1200,1200,3,1.0,1.0
1024,16384,16384,32,512,1,0.1468,743.19,3.0864,900,5,740.57,3.0864,900,1200,5,0.99647,1.0,881.17,2.30963,1200,2,878.54,2.30963,1200,1410,2,0.99701,1.0,859.91,2.31718,1200,5,859.91,2.31718,1200,1200,5,1.0,1.0
1024,16384,16384,128,512,1,0.4866,832.17,3.7395,900,16,821.64,3.0864,900,1200,5,0.98734,0.82535,1039.63,2.68844,1245,6,920.23,2.64988,1080,1410,5,0.88515,0.98566,946.07,2.79816,1200,13,913.35,2.66333,1065,1410,5,0.96541,0.95181
1024,16384,16384,256,512,1,0.9397,895.89,3.7395,900,16,895.75,3.7395,900,960,16,0.99984,1.0,1064.33,2.73863,1230,13,1082.32,2.71178,1245,1140,14,1.0169,0.9902,1006.66,2.80721,1200,16,1006.0,2.80721,1200,1035,16,0.99934,1.0
2048,16384,16384,8,1024,1,0.0311,1420.8,6.12438,900,4,1420.8,6.12438,900,900,4,1.0,1.0,1668.28,4.58151,1200,1,1717.59,4.53272,1215,1125,1,1.02956,0.98935,1659.36,4.58651,1200,2,1659.36,4.58651,1200,1200,2,1.0,1.0
2048,16384,16384,32,1024,1,0.0739,1444.21,6.13104,900,5,1442.76,6.13104,900,1200,5,0.99899,1.0,1739.12,4.58151,1200,1,1791.8,4.53272,1215,1125,1,1.03029,0.98935,1679.28,4.60151,1200,5,1679.28,4.60151,1200,1200,5,1.0,1.0
2048,16384,16384,128,1024,1,0.245,1535.76,6.13104,900,5,1523.82,6.13104,900,1200,5,0.99223,1.0,1773.93,4.59651,1200,4,1796.19,4.59151,1200,1410,3,1.01255,0.99891,1760.35,4.60151,1200,5,1760.35,4.60151,1200,1200,5,1.0,1.0
2048,16384,16384,256,1024,1,0.4731,1610.38,6.80588,900,14,1610.34,6.80588,900,930,14,0.99998,1.0,1920.63,5.01537,1215,7,1968.17,4.96138,1230,1170,7,1.02475,0.98923,1840.8,5.10235,1200,13,1837.96,5.10784,1200,1020,14,0.99846,1.00108
4096,16384,16384,8,2048,1,0.0164,2820.38,12.19376,900,3,2820.38,12.19376,900,900,3,1.0,1.0,3299.9,9.1303,1200,1,3397.03,9.03299,1215,1125,1,1.02943,0.98934,3292.76,9.14026,1200,2,3292.76,9.14026,1200,1200,2,1.0,1.0
4096,16384,16384,32,2048,1,0.039,2846.25,12.22032,900,5,2846.23,12.22032,900,930,5,0.99999,1.0,3370.75,9.1303,1200,1,3471.24,9.03299,1215,1125,1,1.02982,0.98934,3321.49,9.15023,1200,3,3321.49,9.15023,1200,1200,3,1.0,1.0
4096,16384,16384,128,2048,1,0.1294,2937.79,12.22032,900,5,2928.2,12.22032,900,1200,5,0.99674,1.0,3485.31,9.14026,1200,2,3475.04,9.14026,1200,1410,2,0.99705,1.0,3399.09,9.17016,1200,5,3399.09,9.17016,1200,1200,5,1.0,1.0
4096,16384,16384,256,2048,1,0.2498,3037.7,12.89895,900,10,3036.29,12.22032,900,1200,5,0.99954,0.94739,3534.57,9.16019,1200,4,3579.29,9.15023,1200,1410,3,1.01265,0.99891,3507.18,9.17016,1200,5,3507.18,9.17016,1200,1200,5,1.0,1.0
8192,16384,16384,8,4096,1,0.0082,5571.63,23.71239,900,2,5571.63,23.71239,900,915,2,1.0,1.0,6525.73,17.77301,1200,1,6525.68,17.77301,1200,1260,1,0.99999,1.0,6525.73,17.77301,1200,1,6525.68,17.77301,1200,1260,1,0.99999,1.0
8192,16384,16384,32,4096,1,0.0195,5618.07,23.71239,900,2,5610.95,23.71239,900,1200,2,0.99873,1.0,6596.57,17.77301,1200,1,6590.22,17.77301,1200,1410,1,0.99904,1.0,6560.62,17.7924,1200,2,6560.62,17.7924,1200,1200,2,1.0,1.0
8192,16384,16384,128,4096,1,0.0648,5741.86,24.39887,900,5,5736.95,24.39887,900,1200,5,0.99914,1.0,6879.96,17.77301,1200,1,6847.65,17.77301,1200,1410,1,0.9953,1.0,6714.66,17.7924,1200,2,6706.9,17.7924,1200,1410,2,0.99885,1.0
8192,16384,16384,256,4096,1,0.1251,5863.92,24.39887,900,5,5845.04,24.39887,900,1200,5,0.99678,1.0,6920.04,17.7924,1200,2,6899.45,17.7924,1200,1410,2,0.99703,1.0,6920.04,17.7924,1200,2,6899.45,17.7924,1200,1410,2,0.99703,1.0
