clock,clock_achieved,throttled,m,nk,ar_mib,ctas,t_gemm_ms,t_comm_ms,iter_ms_model,iter_ms_meas,meas_w,model_w,err_pct,pred_w_throttled,err_throttled_pct,speedup,dE_pct
1410,1410,False,1024,4096,64,1,0.222,6.056,6.056,6.137,117.7,124.5,5.8,,,1.019,2.4
1410,1410,False,2048,4096,64,1,0.319,6.056,6.056,6.171,128.4,134.1,4.4,,,1.03,3.7
1410,1410,False,4096,4096,64,1,0.512,6.056,6.056,6.192,148.0,152.8,3.3,,,1.063,5.7
1410,1410,False,8192,4096,64,1,0.995,6.056,6.056,6.277,185.6,189.6,2.1,,,1.129,8.5
1410,1410,False,1024,8192,64,1,0.512,6.056,6.056,6.2,150.4,153.8,2.2,,,1.065,4.1
1410,1410,False,2048,8192,64,1,0.995,6.056,6.056,6.258,187.1,191.5,2.4,,,1.129,5.8
1410,1410,False,4096,8192,64,1,1.962,6.056,6.056,6.41,252.2,266.8,5.8,,,1.254,10.7
1410,1365,True,8192,8192,64,1,3.701,6.056,6.056,6.739,377.3,417.2,10.6,389.5,3.2,1.465,14.9
1410,1410,False,1024,16384,64,1,1.962,6.056,6.056,6.402,259.1,268.3,3.6,,,1.251,8.2
1410,1380,True,2048,16384,64,1,3.894,6.056,6.056,6.714,389.6,420.4,7.9,402.1,3.2,1.491,15.9
1410,1185,True,4096,16384,64,1,7.373,6.056,7.692,9.099,398.5,587.8,47.5,375.3,-5.8,1.497,28.6
1410,1185,True,8192,16384,64,1,14.717,6.056,14.876,17.682,396.7,592.3,49.3,374.2,-5.7,1.255,20.5
1200,1200,False,1024,4096,64,1,0.26,7.017,7.017,7.101,101.8,103.2,1.3,,,1.02,2.6
1200,1200,False,2048,4096,64,1,0.373,7.017,7.017,7.127,106.4,109.0,2.4,,,1.034,3.5
1200,1200,False,4096,4096,64,1,0.601,7.017,7.017,7.155,117.5,120.4,2.5,,,1.063,5.0
1200,1200,False,8192,4096,64,1,1.169,7.017,7.017,7.238,139.3,142.7,2.5,,,1.134,7.6
1200,1200,False,1024,8192,64,1,0.601,7.017,7.017,7.158,117.0,121.1,3.5,,,1.065,5.9
1200,1200,False,2048,8192,64,1,1.169,7.017,7.017,7.218,137.5,144.1,4.7,,,1.133,8.3
1200,1200,False,4096,8192,64,1,2.305,7.017,7.017,7.387,179.7,190.0,5.7,,,1.262,11.4
1200,1200,False,8192,8192,64,1,4.349,7.017,7.017,7.671,257.1,281.8,9.6,,,1.485,14.2
1200,1200,False,1024,16384,64,1,2.305,7.017,7.017,7.374,179.6,191.7,6.8,,,1.26,12.0
1200,1200,False,2048,16384,64,1,4.577,7.017,7.017,7.633,256.7,285.3,11.1,,,1.512,15.0
1200,1200,False,4096,16384,64,1,8.666,7.017,9.035,9.312,364.1,381.9,4.9,,,1.677,12.5
1200,1200,False,8192,16384,64,1,17.299,7.017,17.484,17.956,371.4,380.9,2.6,,,1.353,5.8
900,900,False,1024,4096,64,1,0.344,9.124,9.124,9.177,90.1,90.9,0.9,,,1.025,2.8
900,900,False,2048,4096,64,1,0.496,9.124,9.124,9.223,92.8,94.4,1.7,,,1.037,4.0
900,900,False,4096,4096,64,1,0.799,9.124,9.124,9.237,99.5,101.1,1.6,,,1.07,5.8
900,900,False,8192,4096,64,1,1.556,9.124,9.124,9.339,112.7,114.4,1.5,,,1.145,9.5
900,900,False,1024,8192,64,1,0.799,9.124,9.124,9.252,99.5,101.7,2.1,,,1.072,6.1
900,900,False,2048,8192,64,1,1.556,9.124,9.124,9.324,111.9,115.5,3.3,,,1.143,9.7
900,900,False,4096,8192,64,1,3.07,9.124,9.124,9.497,137.9,143.2,3.8,,,1.277,13.6
900,900,False,8192,8192,64,1,5.795,9.124,9.124,9.803,187.9,198.2,5.5,,,1.516,15.8
900,900,False,1024,16384,64,1,3.07,9.124,9.124,9.487,138.9,143.9,3.6,,,1.275,12.2
900,900,False,2048,16384,64,1,6.098,9.124,9.124,9.763,184.3,200.0,8.5,,,1.544,18.9
900,900,False,4096,16384,64,1,11.548,9.124,12.029,12.334,245.9,250.9,2.0,,,1.665,14.5
900,900,False,8192,16384,64,1,23.055,9.124,23.295,23.857,243.4,246.7,1.3,,,1.344,9.2
705,705,False,1024,4096,64,1,0.439,11.419,11.419,11.477,85.8,87.5,2.0,,,1.028,2.9
705,705,False,2048,4096,64,1,0.632,11.419,11.419,11.527,87.8,90.3,2.8,,,1.041,4.0
705,705,False,4096,4096,64,1,1.019,11.419,11.419,11.557,92.9,95.7,3.1,,,1.072,6.3
705,705,False,8192,4096,64,1,1.985,11.419,11.419,11.665,103.8,106.4,2.5,,,1.147,9.5
705,705,False,1024,8192,64,1,1.019,11.419,11.419,11.576,93.5,96.1,2.9,,,1.074,5.3
705,705,False,2048,8192,64,1,1.985,11.419,11.419,11.654,103.2,107.2,3.9,,,1.169,10.6
705,705,False,4096,8192,64,1,3.917,11.419,11.419,11.838,122.1,129.5,6.1,,,1.288,14.7
705,705,False,8192,8192,64,1,7.396,11.419,11.419,12.163,164.4,173.7,5.7,,,1.543,16.2
705,705,False,1024,16384,64,1,3.917,11.419,11.419,11.826,122.5,130.3,6.3,,,1.286,14.4
705,705,False,2048,16384,64,1,7.783,11.419,11.419,12.116,163.2,175.6,7.6,,,1.572,17.5
705,705,False,4096,16384,64,1,14.74,11.419,15.341,15.695,207.7,212.7,2.4,,,1.657,13.9
705,705,False,8192,16384,64,1,29.427,11.419,29.728,30.404,206.3,207.8,0.7,,,1.339,8.9
510,510,False,1024,4096,64,1,0.603,15.242,15.242,15.224,82.5,85.1,3.1,,,1.031,3.0
510,510,False,2048,4096,64,1,0.87,15.242,15.242,15.267,84.2,87.2,3.5,,,1.047,4.2
510,510,False,4096,4096,64,1,1.405,15.242,15.242,15.294,88.0,91.3,3.7,,,1.081,6.6
510,510,False,8192,4096,64,1,2.74,15.242,15.242,15.414,96.0,99.4,3.6,,,1.162,11.4
510,510,False,1024,8192,64,1,1.405,15.242,15.242,15.321,88.4,91.6,3.6,,,1.082,6.3
510,510,False,2048,8192,64,1,2.74,15.242,15.242,15.404,95.6,100.0,4.6,,,1.159,10.8
510,510,False,4096,8192,64,1,5.411,15.242,15.242,15.578,112.0,116.8,4.3,,,1.321,16.3
510,510,False,8192,8192,64,1,10.219,15.242,15.242,15.941,142.3,150.2,5.6,,,1.591,21.5
510,510,False,1024,16384,64,1,5.411,15.242,15.242,15.569,111.9,117.4,4.9,,,1.317,16.7
510,510,False,2048,16384,64,1,10.754,15.242,15.242,15.9,144.7,151.7,4.9,,,1.62,21.5
510,510,False,4096,16384,64,1,20.37,15.242,21.172,21.65,170.7,174.3,2.1,,,1.635,18.8
510,510,False,8192,16384,64,1,40.67,15.242,41.071,41.974,164.3,168.4,2.5,,,1.327,13.1
300,300,False,1024,4096,64,1,1.019,25.11,25.11,25.047,79.3,83.1,4.7,,,1.035,3.7
300,300,False,2048,4096,64,1,1.473,25.11,25.11,25.07,80.9,84.4,4.4,,,1.053,4.3
300,300,False,4096,4096,64,1,2.381,25.11,25.11,25.092,84.5,87.0,2.9,,,1.09,5.4
300,300,False,8192,4096,64,1,4.65,25.11,25.11,25.154,89.8,92.2,2.7,,,1.18,10.9
300,300,False,1024,8192,64,1,2.381,25.11,25.11,25.094,82.2,87.2,6.0,,,1.092,7.9
300,300,False,2048,8192,64,1,4.65,25.11,25.11,25.142,89.8,92.6,3.1,,,1.176,9.6
300,300,False,4096,8192,64,1,9.19,25.11,25.11,25.248,96.5,103.3,7.1,,,1.351,20.5
300,300,False,8192,8192,64,1,17.362,25.11,25.11,25.478,117.0,124.6,6.5,,,1.665,25.4
300,300,False,1024,16384,64,1,9.19,25.11,25.11,25.232,98.6,103.7,5.2,,,1.348,16.2
300,300,False,2048,16384,64,1,18.27,25.11,25.11,25.416,120.7,125.6,4.1,,,1.695,25.5
300,300,False,4096,16384,64,1,34.614,25.11,35.935,36.575,131.3,135.0,2.8,,,1.626,22.8
300,300,False,8192,16384,64,1,69.117,25.11,69.777,71.097,122.6,128.1,4.5,,,1.322,17.1
1410,1410,False,1024,4096,64,2,0.222,3.04,3.04,3.164,130.0,138.6,6.6,,,1.033,1.4
1410,1410,False,2048,4096,64,2,0.319,3.04,3.04,3.191,147.7,157.8,6.8,,,1.057,3.1
1410,1410,False,4096,4096,64,2,0.512,3.04,3.04,3.212,177.4,195.0,9.9,,,1.111,8.0
1410,1410,False,8192,4096,64,2,0.995,3.04,3.04,3.295,249.6,268.2,7.5,,,1.24,8.6
1410,1410,False,1024,8192,64,2,0.512,3.04,3.04,3.218,184.1,197.0,7.0,,,1.115,7.3
1410,1410,False,2048,8192,64,2,0.995,3.04,3.04,3.283,249.5,272.1,9.0,,,1.237,8.9
1410,1410,False,4096,8192,64,2,1.962,3.04,3.04,3.443,379.8,422.2,11.2,,,1.467,9.8
1410,1215,True,8192,8192,64,2,3.701,3.04,3.861,4.66,399.6,586.3,46.7,393.8,-1.4,1.468,27.6
1410,1410,False,1024,16384,64,2,1.962,3.04,3.04,3.435,388.5,425.0,9.4,,,1.463,9.9
1410,1215,True,2048,16384,64,2,3.894,3.04,3.894,4.626,399.0,587.1,47.1,396.1,-0.7,1.508,29.4
1410,1200,True,4096,16384,64,2,7.373,3.04,7.533,9.064,398.9,588.4,47.5,378.6,-5.1,1.233,18.7
1410,1185,True,8192,16384,64,2,14.717,3.04,14.797,17.688,397.3,590.0,48.5,370.8,-6.7,1.119,9.7
1200,1200,False,1024,4096,64,2,0.26,3.513,3.513,3.639,109.7,112.0,2.1,,,1.037,3.5
1200,1200,False,2048,4096,64,2,0.373,3.513,3.513,3.673,119.1,123.7,3.9,,,1.063,4.7
1200,1200,False,4096,4096,64,2,0.601,3.513,3.513,3.689,139.9,146.4,4.6,,,1.122,7.2
1200,1200,False,8192,4096,64,2,1.169,3.513,3.513,3.781,180.2,191.0,6.0,,,1.25,10.7
1200,1200,False,1024,8192,64,2,0.601,3.513,3.513,3.697,140.8,147.8,5.0,,,1.126,7.6
1200,1200,False,2048,8192,64,2,1.169,3.513,3.513,3.765,178.3,193.8,8.7,,,1.248,11.0
1200,1200,False,4096,8192,64,2,2.305,3.513,3.513,3.939,253.1,285.6,12.8,,,1.497,15.2
1200,1200,False,8192,8192,64,2,4.349,3.513,4.534,4.854,353.7,379.0,7.1,,,1.638,12.0
1200,1200,False,1024,16384,64,2,2.305,3.513,3.513,3.923,255.3,288.9,13.1,,,1.493,15.5
1200,1200,False,2048,16384,64,2,4.577,3.513,4.577,4.793,353.6,381.4,7.9,,,1.692,14.3
1200,1200,False,4096,16384,64,2,8.666,3.513,8.851,9.342,361.4,378.6,4.8,,,1.313,6.8
1200,1200,False,8192,16384,64,2,17.299,3.513,17.392,17.995,373.5,377.6,1.1,,,1.164,2.2
900,900,False,1024,4096,64,2,0.344,4.576,4.576,4.678,95.6,96.4,0.9,,,1.047,3.7
900,900,False,2048,4096,64,2,0.496,4.576,4.576,4.717,101.3,103.3,2.0,,,1.074,6.0
900,900,False,4096,4096,64,2,0.799,4.576,4.576,4.741,115.0,116.8,1.6,,,1.135,8.6
900,900,False,8192,4096,64,2,1.556,4.576,4.576,4.845,140.5,143.3,2.0,,,1.273,13.3
900,900,False,1024,8192,64,2,0.799,4.576,4.576,4.748,115.6,117.9,1.9,,,1.139,8.8
900,900,False,2048,8192,64,2,1.556,4.576,4.576,4.819,139.6,145.4,4.2,,,1.272,13.7
900,900,False,4096,8192,64,2,3.07,4.576,4.576,5.001,187.8,200.6,6.8,,,1.532,17.1
900,900,False,8192,8192,64,2,5.795,4.576,6.036,6.377,244.0,250.1,2.5,,,1.647,17.3
900,900,False,1024,16384,64,2,3.07,4.576,4.576,4.997,188.7,202.1,7.1,,,1.526,17.0
900,900,False,2048,16384,64,2,6.098,4.576,6.098,6.313,244.2,250.8,2.7,,,1.702,18.2
900,900,False,4096,16384,64,2,11.548,4.576,11.789,12.368,244.4,245.5,0.4,,,1.304,6.7
900,900,False,8192,16384,64,2,23.055,4.576,23.175,23.889,242.7,243.0,0.1,,,1.157,4.1
705,705,False,1024,4096,64,2,0.439,5.734,5.734,5.845,90.0,91.9,2.1,,,1.052,5.0
705,705,False,2048,4096,64,2,0.632,5.734,5.734,5.902,95.1,97.4,2.4,,,1.079,6.0
705,705,False,4096,4096,64,2,1.019,5.734,5.734,5.928,105.6,108.2,2.4,,,1.143,9.1
705,705,False,8192,4096,64,2,1.985,5.734,5.734,6.04,125.5,129.6,3.2,,,1.288,15.2
705,705,False,1024,8192,64,2,1.019,5.734,5.734,5.944,105.7,109.1,3.2,,,1.145,9.7
705,705,False,2048,8192,64,2,1.985,5.734,5.734,6.017,124.5,131.2,5.4,,,1.287,16.6
705,705,False,4096,8192,64,2,3.917,5.734,5.734,6.22,163.6,175.5,7.3,,,1.564,21.6
705,705,False,8192,8192,64,2,7.396,5.734,7.698,8.084,206.6,211.5,2.3,,,1.636,17.8
705,705,False,1024,16384,64,2,3.917,5.734,5.734,6.189,164.3,177.1,7.8,,,1.561,20.8
705,705,False,2048,16384,64,2,7.783,5.734,7.783,8.0,206.5,212.5,2.9,,,1.686,19.3
705,705,False,4096,16384,64,2,14.74,5.734,15.042,15.73,204.7,206.8,1.0,,,1.301,8.7
705,705,False,8192,16384,64,2,29.427,5.734,29.578,30.435,201.6,204.0,1.2,,,1.155,5.8
510,510,False,1024,4096,64,2,0.603,7.659,7.659,7.713,85.8,88.4,3.0,,,1.061,5.3
510,510,False,2048,4096,64,2,0.87,7.659,7.659,7.757,89.8,92.6,3.1,,,1.091,7.1
510,510,False,4096,4096,64,2,1.405,7.659,7.659,7.789,97.4,100.7,3.4,,,1.16,11.1
510,510,False,8192,4096,64,2,2.74,7.659,7.659,7.909,113.5,116.8,2.9,,,1.319,17.1
510,510,False,1024,8192,64,2,1.405,7.659,7.659,7.802,97.7,101.3,3.7,,,1.163,11.1
510,510,False,2048,8192,64,2,2.74,7.659,7.659,7.887,113.2,118.1,4.3,,,1.315,17.3
510,510,False,4096,8192,64,2,5.411,7.659,7.659,8.079,142.0,151.6,6.8,,,1.615,24.1
510,510,False,8192,8192,64,2,10.219,7.659,10.622,11.09,170.3,173.3,1.7,,,1.616,17.9
510,510,False,1024,16384,64,2,5.411,7.659,7.659,8.052,144.9,152.8,5.4,,,1.612,22.9
510,510,False,2048,16384,64,2,10.754,7.659,10.754,10.954,170.8,174.0,1.9,,,1.671,21.1
510,510,False,4096,16384,64,2,20.37,7.659,20.773,21.642,164.8,167.7,1.8,,,1.291,9.7
510,510,False,8192,16384,64,2,40.67,7.659,40.872,41.968,161.2,164.4,2.0,,,1.15,7.1
300,300,False,1024,4096,64,2,1.019,12.626,12.626,12.627,82.1,85.1,3.7,,,1.07,5.9
300,300,False,2048,4096,64,2,1.473,12.626,12.626,12.65,84.3,87.7,4.1,,,1.105,8.2
300,300,False,4096,4096,64,2,2.381,12.626,12.626,12.683,89.4,92.9,3.9,,,1.178,12.1
300,300,False,8192,4096,64,2,4.65,12.626,12.626,12.765,98.9,103.2,4.4,,,1.353,20.5
300,300,False,1024,8192,64,2,2.381,12.626,12.626,12.697,88.9,93.3,4.9,,,1.181,12.9
300,300,False,2048,8192,64,2,4.65,12.626,12.626,12.736,98.5,104.0,5.6,,,1.348,19.6
300,300,False,4096,8192,64,2,9.19,12.626,12.626,12.864,117.8,125.3,6.4,,,1.691,29.1
300,300,False,8192,8192,64,2,17.362,12.626,18.027,18.664,131.1,134.3,2.4,,,1.611,21.7
300,300,False,1024,16384,64,2,9.19,12.626,12.626,12.844,118.4,126.1,6.5,,,1.685,29.3
300,300,False,2048,16384,64,2,18.27,12.626,18.27,18.459,131.6,134.7,2.4,,,1.665,23.6
300,300,False,4096,16384,64,2,34.614,12.626,35.278,36.611,124.0,127.7,2.9,,,1.287,13.6
300,300,False,8192,16384,64,2,69.117,12.626,69.449,71.13,118.8,124.1,4.4,,,1.148,9.7
1410,1410,False,1024,4096,64,4,0.222,1.61,1.61,1.738,153.0,163.8,7.1,,,1.064,3.4
1410,1410,False,2048,4096,64,4,0.319,1.61,1.61,1.758,182.6,200.0,9.5,,,1.112,6.4
1410,1410,False,4096,4096,64,4,0.512,1.61,1.61,1.78,248.9,270.4,8.6,,,1.21,7.3
1410,1410,False,8192,4096,64,4,0.995,1.61,1.61,1.87,371.0,408.6,10.1,,,1.421,9.1
1410,1410,False,1024,8192,64,4,0.512,1.61,1.61,1.786,255.5,274.1,7.3,,,1.218,7.8
1410,1410,False,2048,8192,64,4,0.995,1.61,1.61,1.864,371.3,415.9,12.0,,,1.42,8.8
1410,1260,True,4096,8192,64,4,1.962,1.61,1.962,2.587,398.3,589.2,47.9,440.4,10.6,1.408,23.0
1410,1215,True,8192,8192,64,4,3.701,1.61,3.786,4.717,399.5,586.9,46.9,390.9,-2.2,1.206,16.5
1410,1275,True,1024,16384,64,4,1.962,1.61,1.962,2.714,399.1,593.7,48.8,460.1,15.3,1.336,21.0
1410,1230,True,2048,16384,64,4,3.894,1.61,3.894,4.66,397.6,578.0,45.4,401.8,1.1,1.245,20.0
1410,1200,True,4096,16384,64,4,7.373,1.61,7.458,9.134,399.0,588.7,47.6,377.1,-5.5,1.09,8.9
1410,1185,True,8192,16384,64,4,14.717,1.61,14.802,17.885,397.9,587.4,47.6,368.4,-7.4,1.036,4.6
1200,1200,False,1024,4096,64,4,0.26,1.852,1.852,1.977,126.4,128.1,1.3,,,1.073,5.4
1200,1200,False,2048,4096,64,4,0.373,1.852,1.852,2.0,143.9,150.2,4.4,,,1.122,7.7
1200,1200,False,4096,4096,64,4,0.601,1.852,1.852,2.013,183.7,193.3,5.2,,,1.233,9.8
1200,1200,False,8192,4096,64,4,1.169,1.852,1.852,2.115,255.0,277.9,9.0,,,1.453,13.6
1200,1200,False,1024,8192,64,4,0.601,1.852,1.852,2.024,185.8,196.0,5.5,,,1.238,9.8
1200,1200,False,2048,8192,64,4,1.169,1.852,1.852,2.103,251.8,283.1,12.5,,,1.448,14.0
1200,1200,False,4096,8192,64,4,2.305,1.852,2.305,2.75,328.9,381.2,15.9,,,1.54,12.3
1200,1200,False,8192,8192,64,4,4.349,1.852,4.447,4.837,357.0,375.9,5.3,,,1.31,6.8
1200,1200,False,1024,16384,64,4,2.305,1.852,2.305,2.937,316.6,386.2,22.0,,,1.429,9.2
1200,1200,False,2048,16384,64,4,4.577,1.852,4.577,4.77,361.0,372.5,3.2,,,1.356,7.8
1200,1200,False,4096,16384,64,4,8.666,1.852,8.763,9.315,365.7,377.1,3.1,,,1.146,1.9
1200,1200,False,8192,16384,64,4,17.299,1.852,17.397,17.96,378.2,375.2,-0.8,,,1.074,0.6
900,900,False,1024,4096,64,4,0.344,2.384,2.384,2.504,106.8,106.6,-0.2,,,1.084,6.4
900,900,False,2048,4096,64,4,0.496,2.384,2.384,2.511,118.7,119.9,1.0,,,1.146,9.1
900,900,False,4096,4096,64,4,0.799,2.384,2.384,2.556,143.2,145.7,1.7,,,1.251,12.0
900,900,False,8192,4096,64,4,1.556,2.384,2.384,2.659,188.3,196.6,4.4,,,1.499,17.6
900,900,False,1024,8192,64,4,0.799,2.384,2.384,2.569,143.5,147.8,3.0,,,1.252,12.3
900,900,False,2048,8192,64,4,1.556,2.384,2.384,2.647,187.2,200.7,7.2,,,1.493,16.7
900,900,False,4096,8192,64,4,3.07,2.384,3.07,3.604,228.4,251.8,10.3,,,1.525,14.7
900,900,False,8192,8192,64,4,5.795,2.384,5.92,6.387,243.1,244.9,0.7,,,1.294,6.8
900,900,False,1024,16384,64,4,3.07,2.384,3.07,3.867,220.1,254.0,15.4,,,1.412,11.9
900,900,False,2048,16384,64,4,6.098,2.384,6.098,6.309,242.9,242.2,-0.3,,,1.344,8.6
900,900,False,4096,16384,64,4,11.548,2.384,11.674,12.344,245.2,242.8,-1.0,,,1.134,3.3
900,900,False,8192,16384,64,4,23.055,2.384,23.181,23.87,243.9,240.6,-1.3,,,1.069,1.6
705,705,False,1024,4096,64,4,0.439,2.964,2.964,3.083,99.0,100.2,1.2,,,1.097,7.5
705,705,False,2048,4096,64,4,0.632,2.964,2.964,3.109,108.8,110.9,1.9,,,1.153,9.5
705,705,False,4096,4096,64,4,1.019,2.964,2.964,3.14,129.0,131.8,2.1,,,1.274,13.9
705,705,False,8192,4096,64,4,1.985,2.964,2.964,3.252,166.5,173.1,3.9,,,1.534,19.4
705,705,False,1024,8192,64,4,1.019,2.964,2.964,3.145,129.6,133.4,2.9,,,1.278,13.8
705,705,False,2048,8192,64,4,1.985,2.964,2.964,3.236,165.5,176.2,6.5,,,1.527,18.7
705,705,False,4096,8192,64,4,3.917,2.964,3.917,4.479,197.2,212.6,7.8,,,1.541,17.1
705,705,False,8192,8192,64,4,7.396,2.964,7.552,8.082,206.1,205.7,-0.2,,,1.3,8.9
705,705,False,1024,16384,64,4,3.917,2.964,3.917,4.812,189.4,215.0,13.5,,,1.426,14.5
705,705,False,2048,16384,64,4,7.783,2.964,7.783,7.99,206.2,204.1,-1.0,,,1.353,12.3
705,705,False,4096,16384,64,4,14.74,2.964,14.896,15.692,205.4,203.8,-0.8,,,1.13,4.1
705,705,False,8192,16384,64,4,29.427,2.964,29.583,30.4,203.0,201.7,-0.6,,,1.067,1.8
510,510,False,1024,4096,64,4,0.603,3.917,3.917,4.005,92.7,94.8,2.3,,,1.114,9.4
510,510,False,2048,4096,64,4,0.87,3.917,3.917,4.035,100.7,103.0,2.3,,,1.177,11.8
510,510,False,4096,4096,64,4,1.405,3.917,3.917,4.068,116.2,118.9,2.3,,,1.306,16.3
510,510,False,8192,4096,64,4,2.74,3.917,3.917,4.196,146.0,150.5,3.1,,,1.591,22.9
510,510,False,1024,8192,64,4,1.405,3.917,3.917,4.083,116.9,120.1,2.7,,,1.309,16.2
510,510,False,2048,8192,64,4,2.74,3.917,3.917,4.181,145.0,152.8,5.4,,,1.583,22.2
510,510,False,4096,8192,64,4,5.411,3.917,5.411,5.858,168.2,173.9,3.4,,,1.598,19.8
510,510,False,8192,8192,64,4,10.219,3.917,10.426,11.069,170.9,166.8,-2.4,,,1.287,10.1
510,510,False,1024,16384,64,4,5.411,3.917,5.411,6.329,161.7,175.7,8.7,,,1.467,16.4
510,510,False,2048,16384,64,4,10.754,3.917,10.754,10.928,171.4,165.6,-3.4,,,1.339,10.4
510,510,False,4096,16384,64,4,20.37,3.917,20.576,21.611,164.9,164.4,-0.3,,,1.123,4.2
510,510,False,8192,16384,64,4,40.67,3.917,40.876,41.935,162.0,162.2,0.2,,,1.063,2.0
300,300,False,1024,4096,64,4,1.019,6.403,6.403,6.425,86.5,89.1,3.0,,,1.138,10.9
300,300,False,2048,4096,64,4,1.473,6.403,6.403,6.455,91.4,94.3,3.1,,,1.209,14.6
300,300,False,4096,4096,64,4,2.381,6.403,6.403,6.491,100.9,104.4,3.5,,,1.346,19.9
300,300,False,8192,4096,64,4,4.65,6.403,6.403,6.578,120.7,124.8,3.4,,,1.693,29.6
300,300,False,1024,8192,64,4,2.381,6.403,6.403,6.5,101.8,105.2,3.3,,,1.352,19.8
300,300,False,2048,8192,64,4,4.65,6.403,6.403,6.543,119.7,126.2,5.4,,,1.687,29.3
300,300,False,4096,8192,64,4,9.19,6.403,9.19,9.483,131.9,134.4,1.9,,,1.645,24.2
300,300,False,8192,8192,64,4,17.362,6.403,17.699,18.643,125.9,127.1,0.9,,,1.282,12.2
300,300,False,1024,16384,64,4,9.19,6.403,9.19,10.209,128.8,135.5,5.2,,,1.516,19.7
300,300,False,2048,16384,64,4,18.27,6.403,18.27,18.418,126.9,126.3,-0.5,,,1.334,13.7
300,300,False,4096,16384,64,4,34.614,6.403,34.951,36.576,120.8,124.0,2.6,,,1.12,5.1
300,300,False,8192,16384,64,4,69.117,6.403,69.454,71.099,118.5,121.8,2.8,,,1.062,3.0
1410,1410,False,1024,4096,64,8,0.222,0.91,0.91,1.0,189.5,205.7,8.6,,,1.155,7.8
1410,1410,False,2048,4096,64,8,0.319,0.91,0.91,1.01,244.9,269.8,10.2,,,1.244,9.3
1410,1410,False,4096,4096,64,8,0.512,0.91,0.91,1.034,357.6,394.3,10.3,,,1.416,9.3
1410,1275,True,8192,4096,64,8,0.995,0.91,1.086,1.392,401.7,548.9,36.7,425.8,6.0,1.419,20.1
1410,1410,False,1024,8192,64,8,0.512,0.91,0.91,1.048,366.1,400.9,9.5,,,1.418,10.4
1410,1305,True,2048,8192,64,8,0.995,0.91,1.177,1.45,400.7,523.0,30.5,433.1,8.1,1.347,17.0
1410,1275,True,4096,8192,64,8,1.962,0.91,2.053,2.564,399.6,558.7,39.8,430.7,7.8,1.179,14.2
1410,1230,True,8192,8192,64,8,3.701,0.91,3.797,4.666,399.7,581.0,45.4,400.8,0.3,1.092,7.9
1410,1305,True,1024,16384,64,8,1.962,0.91,2.144,2.709,398.7,542.7,36.1,447.6,12.3,1.108,9.4
1410,1215,True,2048,16384,64,8,3.894,0.91,3.985,4.635,398.2,562.5,41.3,376.0,-5.6,1.124,11.0
1410,1215,True,4096,16384,64,8,7.373,0.91,7.469,9.104,398.4,585.7,47.0,389.5,-2.2,1.026,3.0
1410,1185,True,8192,16384,64,8,14.717,0.91,14.789,17.842,398.3,586.7,47.3,367.6,-7.7,1.012,1.3
1200,1200,False,1024,4096,64,8,0.26,1.036,1.036,1.134,150.8,155.3,3.0,,,1.161,9.4
1200,1200,False,2048,4096,64,8,0.373,1.036,1.036,1.149,183.0,194.9,6.5,,,1.251,11.4
1200,1200,False,4096,4096,64,8,0.601,1.036,1.036,1.163,250.9,272.0,8.4,,,1.443,13.6
1200,1200,False,8192,4096,64,8,1.169,1.036,1.272,1.535,317.9,357.5,12.5,,,1.487,11.3
1200,1200,False,1024,8192,64,8,0.601,1.036,1.036,1.169,252.5,276.7,9.6,,,1.452,14.6
1200,1200,False,2048,8192,64,8,1.169,1.036,1.376,1.62,302.3,342.8,13.4,,,1.386,9.0
1200,1200,False,4096,8192,64,8,2.305,1.036,2.408,2.771,328.5,359.7,9.5,,,1.23,4.9
1200,1200,False,8192,8192,64,8,4.349,1.036,4.458,4.865,357.4,370.7,3.7,,,1.135,0.7
1200,1200,False,1024,16384,64,8,2.305,1.036,2.512,2.974,312.4,352.3,12.8,,,1.143,3.3
1200,1200,False,2048,16384,64,8,4.577,1.036,4.68,4.808,358.1,361.7,1.0,,,1.181,1.7
1200,1200,False,4096,16384,64,8,8.666,1.036,8.775,9.331,362.6,374.4,3.3,,,1.052,-0.7
1200,1185,False,8192,16384,64,8,17.299,1.036,17.381,18.002,375.2,374.3,-0.2,,,1.03,-1.6
900,900,False,1024,4096,64,8,0.344,1.32,1.32,1.398,124.8,124.2,-0.5,,,1.185,10.6
900,900,False,2048,4096,64,8,0.496,1.32,1.32,1.415,145.0,148.1,2.1,,,1.282,13.9
900,900,False,4096,4096,64,8,0.799,1.32,1.32,1.44,187.9,194.7,3.6,,,1.49,17.7
900,900,False,8192,4096,64,8,1.556,1.32,1.688,1.979,223.8,237.6,6.1,,,1.485,15.1
900,900,False,1024,8192,64,8,0.799,1.32,1.32,1.448,189.5,198.5,4.8,,,1.496,17.7
900,900,False,2048,8192,64,8,1.556,1.32,1.82,2.075,214.5,230.2,7.3,,,1.405,13.6
900,900,False,4096,8192,64,8,3.07,1.32,3.202,3.588,229.4,236.2,2.9,,,1.245,7.5
900,900,False,8192,8192,64,8,5.795,1.32,5.934,6.385,242.7,240.3,-1.0,,,1.139,3.2
900,900,False,1024,16384,64,8,3.07,1.32,3.334,3.855,217.9,231.2,6.1,,,1.147,4.6
900,900,False,2048,16384,64,8,6.098,1.32,6.23,6.312,242.8,234.3,-3.5,,,1.187,4.3
900,900,False,4096,16384,64,8,11.548,1.32,11.687,12.355,247.5,240.4,-2.8,,,1.055,-0.2
900,900,False,8192,16384,64,8,23.055,1.32,23.159,23.872,245.8,239.7,-2.4,,,1.029,-0.8
705,705,False,1024,4096,64,8,0.439,1.633,1.633,1.704,114.3,114.4,0.1,,,1.201,13.1
705,705,False,2048,4096,64,8,0.632,1.633,1.633,1.724,132.1,133.8,1.3,,,1.305,15.6
705,705,False,4096,4096,64,8,1.019,1.633,1.633,1.759,167.1,171.7,2.8,,,1.515,19.9
705,705,False,8192,4096,64,8,1.985,1.633,2.148,2.454,195.9,201.8,3.0,,,1.5,16.1
705,705,False,1024,8192,64,8,1.019,1.633,1.633,1.772,167.9,174.7,4.0,,,1.523,20.1
705,705,False,2048,8192,64,8,1.985,1.633,2.311,2.59,187.0,195.8,4.7,,,1.403,14.2
705,705,False,4096,8192,64,8,3.917,1.633,4.081,4.514,196.9,198.9,1.0,,,1.243,6.7
705,705,False,8192,8192,64,8,7.396,1.633,7.568,8.09,203.6,201.3,-1.1,,,1.134,4.0
705,705,False,1024,16384,64,8,3.917,1.633,4.244,4.85,189.1,195.7,3.5,,,1.146,4.2
705,705,False,2048,16384,64,8,7.783,1.633,7.946,7.996,203.9,197.2,-3.3,,,1.183,5.7
705,705,False,4096,16384,64,8,14.74,1.633,14.912,15.71,207.2,201.6,-2.7,,,1.05,0.2
705,705,False,8192,16384,64,8,29.427,1.633,29.556,30.416,204.1,200.8,-1.6,,,1.026,-0.7
510,510,False,1024,4096,64,8,0.603,2.109,2.109,2.159,106.2,106.3,0.1,,,1.229,14.7
510,510,False,2048,4096,64,8,0.87,2.109,2.109,2.185,119.7,121.4,1.4,,,1.347,18.8
510,510,False,4096,4096,64,8,1.405,2.109,2.109,2.214,147.9,151.0,2.1,,,1.581,23.6
510,510,False,8192,4096,64,8,2.74,2.109,2.951,3.299,164.2,166.2,1.3,,,1.485,17.9
510,510,False,1024,8192,64,8,1.405,2.109,2.109,2.226,148.8,153.2,3.0,,,1.591,24.0
510,510,False,2048,8192,64,8,2.74,2.109,3.162,3.495,158.3,162.0,2.3,,,1.384,14.5
510,510,False,4096,8192,64,8,5.411,2.109,5.622,6.06,166.9,161.9,-3.0,,,1.248,7.5
510,510,False,8192,8192,64,8,10.219,2.109,10.441,11.072,171.1,162.6,-5.0,,,1.131,5.5
510,510,False,1024,16384,64,8,5.411,2.109,5.833,6.512,160.4,159.8,-0.4,,,1.151,5.3
510,510,False,2048,16384,64,8,10.754,2.109,10.965,10.945,170.0,159.6,-6.1,,,1.179,7.2
510,510,False,4096,16384,64,8,20.37,2.109,20.592,21.625,167.2,162.2,-3.0,,,1.043,-0.5
510,510,False,8192,16384,64,8,40.67,2.109,40.837,41.944,164.4,161.3,-1.9,,,1.022,-1.6
300,300,False,1024,4096,64,8,1.019,3.339,3.339,3.325,96.1,96.6,0.5,,,1.272,18.1
300,300,False,2048,4096,64,8,1.473,3.339,3.339,3.343,105.1,106.5,1.4,,,1.408,22.8
300,300,False,4096,4096,64,8,2.381,3.339,3.339,3.375,124.2,126.0,1.5,,,1.677,29.0
300,300,False,8192,4096,64,8,4.65,3.339,4.984,5.434,129.9,129.2,-0.5,,,1.476,19.1
300,300,False,1024,8192,64,8,2.381,3.339,3.339,3.412,124.5,127.4,2.4,,,1.677,28.9
300,300,False,2048,8192,64,8,4.65,3.339,5.318,5.763,126.0,126.4,0.3,,,1.375,15.6
300,300,False,4096,8192,64,8,9.19,3.339,9.524,9.838,129.5,123.8,-4.4,,,1.277,15.0
300,300,False,8192,8192,64,8,17.362,3.339,17.714,18.653,126.8,122.8,-3.2,,,1.119,4.9
300,300,False,1024,16384,64,8,9.19,3.339,9.858,10.675,126.7,122.5,-3.3,,,1.166,8.7
300,300,False,2048,16384,64,8,18.27,3.339,18.604,18.443,127.0,121.0,-4.8,,,1.168,7.7
300,300,False,4096,16384,64,8,34.614,3.339,34.965,36.577,121.3,121.8,0.4,,,1.037,0.5
300,300,False,8192,16384,64,8,69.117,3.339,69.38,71.117,120.0,120.8,0.7,,,1.019,-1.3
1410,1410,False,1024,4096,64,16,0.222,0.585,0.585,0.691,227.6,261.2,14.8,,,1.21,8.4
1410,1410,False,2048,4096,64,16,0.319,0.585,0.585,0.707,309.3,360.8,16.7,,,1.33,8.9
1410,1395,False,4096,4096,64,16,0.512,0.585,0.615,0.911,392.4,532.0,35.6,,,1.258,5.8
1410,1305,True,8192,4096,64,16,0.995,0.585,1.112,1.406,397.1,532.1,34.0,439.1,10.6,1.187,15.8
1410,1365,True,1024,8192,64,16,0.512,0.585,0.615,0.931,397.6,541.8,36.3,501.5,26.1,1.253,6.7
1410,1305,True,2048,8192,64,16,0.995,0.585,1.112,1.462,398.9,542.7,36.0,448.0,12.3,1.128,10.5
1410,1260,True,4096,8192,64,16,1.962,0.585,2.079,2.587,398.2,549.6,38.0,409.5,2.8,1.066,6.2
1410,1215,True,8192,8192,64,16,3.701,0.585,3.824,4.71,399.4,575.8,44.2,382.1,-4.3,1.028,2.0
1410,1290,True,1024,16384,64,16,1.962,0.585,2.079,2.719,399.3,553.8,38.7,442.1,10.7,1.008,0.9
1410,1230,True,2048,16384,64,16,3.894,0.585,4.011,4.733,398.7,557.8,39.9,386.9,-3.0,1.047,4.0
1410,1200,True,4096,16384,64,16,7.373,0.585,7.496,9.206,398.2,583.0,46.4,372.6,-6.4,0.985,-1.7
1410,1185,True,8192,16384,64,16,14.717,0.585,14.825,17.961,397.6,585.1,47.1,366.5,-7.8,0.988,-1.3
1200,1200,False,1024,4096,64,16,0.26,0.638,0.638,0.748,179.4,195.4,8.9,,,1.248,11.9
1200,1200,False,2048,4096,64,16,0.373,0.638,0.638,0.762,230.7,259.8,12.6,,,1.384,13.0
1200,1200,False,4096,4096,64,16,0.601,0.638,0.721,1.007,276.2,348.6,26.2,,,1.291,7.9
1200,1200,False,8192,4096,64,16,1.169,0.638,1.296,1.522,318.6,345.7,8.5,,,1.246,5.4
1200,1200,False,1024,8192,64,16,0.601,0.638,0.721,1.025,275.0,355.5,29.3,,,1.29,8.7
1200,1200,False,2048,8192,64,16,1.169,0.638,1.296,1.595,308.3,353.0,14.5,,,1.172,2.1
1200,1200,False,4096,8192,64,16,2.305,0.638,2.432,2.75,332.4,353.3,6.3,,,1.103,0.4
1200,1200,False,8192,8192,64,16,4.349,0.638,4.484,4.857,351.9,367.1,4.3,,,1.061,0.0
1200,1200,False,1024,16384,64,16,2.305,0.638,2.432,2.941,315.8,358.1,13.4,,,1.022,-1.5
1200,1200,False,2048,16384,64,16,4.577,0.638,4.704,4.901,357.1,358.4,0.3,,,1.08,-2.1
1200,1200,False,4096,16384,64,16,8.666,0.638,8.8,9.322,363.8,372.6,2.4,,,1.013,-2.6
1200,1200,False,8192,16384,64,16,17.299,0.638,17.417,17.973,376.5,373.2,-0.9,,,1.007,-2.3
900,900,False,1024,4096,64,16,0.344,0.798,0.798,0.924,143.9,151.1,5.0,,,1.292,14.8
900,900,False,2048,4096,64,16,0.496,0.798,0.798,0.941,176.8,190.6,7.8,,,1.438,16.5
900,900,False,4096,4096,64,16,0.799,0.798,0.958,1.265,202.9,233.2,15.0,,,1.323,10.1
900,900,False,8192,4096,64,16,1.556,0.798,1.715,1.953,222.9,228.1,2.4,,,1.268,8.1
900,900,False,1024,8192,64,16,0.799,0.798,0.958,1.282,202.5,238.5,17.8,,,1.327,11.1
900,900,False,2048,8192,64,16,1.556,0.798,1.715,2.055,216.1,233.9,8.2,,,1.185,3.7
900,900,False,4096,8192,64,16,3.07,0.798,3.229,3.591,226.6,231.2,2.0,,,1.111,0.6
900,900,False,8192,8192,64,16,5.795,0.798,5.963,6.369,240.0,237.5,-1.0,,,1.068,-0.5
900,900,False,1024,16384,64,16,3.07,0.798,3.229,3.846,218.8,233.2,6.6,,,1.028,-2.3
900,900,False,2048,16384,64,16,6.098,0.798,6.257,6.447,238.6,231.8,-2.9,,,1.088,-0.7
900,900,False,4096,16384,64,16,11.548,0.798,11.716,12.339,247.4,239.0,-3.4,,,1.016,-4.8
900,900,False,8192,16384,64,16,23.055,0.798,23.202,23.874,245.7,238.9,-2.8,,,1.007,-3.5
705,705,False,1024,4096,64,16,0.439,0.991,0.991,1.123,130.4,136.1,4.4,,,1.315,16.5
705,705,False,2048,4096,64,16,0.632,0.991,0.991,1.143,158.1,168.1,6.3,,,1.473,18.0
705,705,False,4096,4096,64,16,1.019,0.991,1.217,1.552,178.5,198.7,11.4,,,1.35,11.7
705,705,False,8192,4096,64,16,1.985,0.991,2.183,2.432,195.5,193.1,-1.2,,,1.278,7.5
705,705,False,1024,8192,64,16,1.019,0.991,1.217,1.572,177.9,202.7,13.9,,,1.352,12.2
705,705,False,2048,8192,64,16,1.985,0.991,2.183,2.571,187.0,197.4,5.6,,,1.192,4.4
705,705,False,4096,8192,64,16,3.917,0.991,4.116,4.525,197.8,194.3,-1.8,,,1.114,-1.0
705,705,False,8192,8192,64,16,7.396,0.991,7.605,8.07,202.6,198.8,-1.9,,,1.068,0.4
705,705,False,1024,16384,64,16,3.917,0.991,4.116,4.855,187.4,196.5,4.9,,,1.028,-1.9
705,705,False,2048,16384,64,16,7.783,0.991,7.981,8.142,202.2,194.9,-3.6,,,1.092,0.0
705,705,False,4096,16384,64,16,14.74,0.991,14.948,15.7,208.2,200.3,-3.8,,,1.016,-3.8
705,705,False,8192,16384,64,16,29.427,0.991,29.61,30.404,206.5,200.1,-3.1,,,1.008,-3.6
510,510,False,1024,4096,64,16,0.603,1.229,1.229,1.35,121.4,125.0,3.0,,,1.374,19.5
510,510,False,2048,4096,64,16,0.87,1.229,1.229,1.376,144.4,151.0,4.5,,,1.554,22.1
510,510,False,4096,4096,64,16,1.405,1.229,1.65,1.938,157.3,164.9,4.8,,,1.394,15.4
510,510,False,8192,4096,64,16,2.74,1.229,2.986,3.275,163.2,158.3,-3.0,,,1.252,8.9
510,510,False,1024,8192,64,16,1.405,1.229,1.65,1.961,157.9,167.8,6.3,,,1.396,15.4
510,510,False,2048,8192,64,16,2.74,1.229,2.986,3.467,158.2,161.5,2.1,,,1.165,4.2
510,510,False,4096,8192,64,16,5.411,1.229,5.657,6.177,165.3,157.8,-4.6,,,1.098,0.3
510,510,False,8192,8192,64,16,10.219,1.229,10.478,11.073,167.6,160.3,-4.3,,,1.061,2.1
510,510,False,1024,16384,64,16,5.411,1.229,5.657,6.63,158.4,159.5,0.6,,,1.013,-2.3
510,510,False,2048,16384,64,16,10.754,1.229,10.999,11.084,167.6,157.5,-6.0,,,1.094,2.6
510,510,False,4096,16384,64,16,20.37,1.229,20.628,21.622,167.1,161.0,-3.6,,,1.007,-3.5
510,510,False,8192,16384,64,16,40.67,1.229,40.896,41.945,165.4,160.6,-2.9,,,1.004,-3.7
300,300,False,1024,4096,64,16,1.019,1.826,1.826,1.918,108.8,110.1,1.2,,,1.466,24.6
300,300,False,2048,4096,64,16,1.473,1.826,1.826,2.099,121.8,128.3,5.4,,,1.567,25.4
300,300,False,4096,4096,64,16,2.381,1.826,2.746,3.056,128.8,127.9,-0.7,,,1.39,18.0
300,300,False,8192,4096,64,16,4.65,1.826,5.016,5.407,127.7,121.5,-4.8,,,1.227,12.7
300,300,False,1024,8192,64,16,2.381,1.826,2.746,3.11,128.7,129.6,0.7,,,1.384,18.7
300,300,False,2048,8192,64,16,4.65,1.826,5.016,5.737,124.4,123.4,-0.8,,,1.138,8.1
300,300,False,4096,8192,64,16,9.19,1.826,9.556,10.263,122.0,119.8,-1.8,,,1.093,11.2
300,300,False,8192,8192,64,16,17.362,1.826,17.746,18.638,125.9,120.6,-4.2,,,1.046,1.8
300,300,False,1024,16384,64,16,9.19,1.826,9.556,11.082,123.5,120.8,-2.1,,,0.998,-0.7
300,300,False,2048,16384,64,16,18.27,1.826,18.635,18.42,125.9,118.9,-5.5,,,1.094,3.9
300,300,False,4096,16384,64,16,34.614,1.826,34.998,36.564,119.5,120.7,1.0,,,0.999,-0.6
300,300,False,8192,16384,64,16,69.117,1.826,69.453,71.093,117.3,120.2,2.5,,,1.0,-0.3
1410,1410,False,1024,4096,64,32,0.222,0.518,0.518,0.622,243.4,280.6,15.3,,,1.233,9.2
1410,1410,False,2048,4096,64,32,0.319,0.518,0.518,0.723,308.1,393.2,27.6,,,1.202,4.6
1410,1410,False,4096,4096,64,32,0.512,0.518,0.717,1.0,375.4,465.6,24.0,,,1.073,-0.3
1410,1320,True,8192,4096,64,32,0.995,0.518,1.202,1.488,398.8,497.1,24.7,424.2,6.4,1.077,7.2
1410,1410,False,1024,8192,64,32,0.512,0.518,0.717,1.008,382.2,474.0,24.0,,,1.085,1.8
1410,1335,True,2048,8192,64,32,0.995,0.518,1.202,1.456,400.8,506.9,26.5,445.2,11.1,1.086,7.1
1410,1290,True,4096,8192,64,32,1.962,0.518,2.169,2.564,400.0,529.5,32.4,422.7,5.7,1.044,3.9
1410,1245,True,8192,8192,64,32,3.701,0.518,3.919,4.785,399.5,563.4,41.0,404.0,1.1,0.992,-1.1
1410,1305,True,1024,16384,64,32,1.962,0.518,2.169,2.702,399.5,533.5,33.5,440.4,10.2,0.986,-1.6
1410,1260,True,2048,16384,64,32,3.894,0.518,4.101,4.895,397.9,546.9,37.5,408.1,2.6,0.987,-1.3
1410,1245,True,4096,16384,64,32,7.373,0.518,7.591,8.982,398.2,576.6,44.8,413.6,3.9,0.995,-0.5
1410,1185,True,8192,16384,64,32,14.717,0.518,14.935,17.709,397.1,581.2,46.4,364.4,-8.2,0.995,-0.6
1200,1200,False,1024,4096,64,32,0.26,0.554,0.554,0.646,194.4,211.0,8.6,,,1.288,11.3
1200,1200,False,2048,4096,64,32,0.373,0.554,0.554,0.8,223.2,285.1,27.7,,,1.189,7.1
1200,1200,False,4096,4096,64,32,0.601,0.554,0.822,1.093,264.2,311.9,18.0,,,1.092,1.4
1200,1200,False,8192,4096,64,32,1.169,0.554,1.39,1.636,302.6,325.6,7.6,,,1.092,1.9
1200,1200,False,1024,8192,64,32,0.601,0.554,0.822,1.106,262.9,317.9,20.9,,,1.097,3.3
1200,1200,False,2048,8192,64,32,1.169,0.554,1.39,1.602,303.6,332.5,9.5,,,1.099,1.8
1200,1200,False,4096,8192,64,32,2.305,0.554,2.526,2.754,326.6,342.0,4.7,,,1.061,1.1
1200,1200,False,8192,8192,64,32,4.349,0.554,4.583,5.015,341.9,360.3,5.4,,,1.0,-0.8
1200,1200,False,1024,16384,64,32,2.305,0.554,2.526,2.921,312.8,346.6,10.8,,,0.989,-0.8
1200,1200,False,2048,16384,64,32,4.577,0.554,4.798,5.176,329.7,352.3,6.9,,,0.998,-0.3
1200,1200,False,4096,16384,64,32,8.666,0.554,8.899,9.318,354.3,369.0,4.2,,,0.998,-1.2
1200,1200,False,8192,16384,64,32,17.299,0.554,17.533,17.987,367.4,371.1,1.0,,,0.999,-2.2
900,900,False,1024,4096,64,32,0.344,0.709,0.709,0.804,151.7,159.1,4.9,,,1.332,16.3
900,900,False,2048,4096,64,32,0.496,0.709,0.709,1.0,172.4,203.6,18.1,,,1.234,9.0
900,900,False,4096,4096,64,32,0.799,0.709,1.082,1.386,193.1,211.4,9.5,,,1.118,2.6
900,900,False,8192,4096,64,32,1.556,0.709,1.839,2.106,212.6,215.7,1.4,,,1.109,2.7
900,900,False,1024,8192,64,32,0.799,0.709,1.082,1.404,191.5,216.0,12.8,,,1.123,4.2
900,900,False,2048,8192,64,32,1.556,0.709,1.839,2.063,213.5,221.0,3.5,,,1.115,2.0
900,900,False,4096,8192,64,32,3.07,0.709,3.353,3.597,222.6,224.2,0.7,,,1.067,0.8
900,900,False,8192,8192,64,32,5.795,0.709,6.094,6.61,229.4,233.3,1.7,,,1.001,-1.9
900,900,False,1024,16384,64,32,3.07,0.709,3.353,3.821,213.3,226.2,6.0,,,0.994,-1.0
900,900,False,2048,16384,64,32,6.098,0.709,6.381,6.825,221.5,228.1,3.0,,,1.0,-1.0
900,900,False,4096,16384,64,32,11.548,0.709,11.847,12.332,233.2,236.9,1.6,,,0.997,-1.3
900,900,False,8192,16384,64,32,23.055,0.709,23.354,23.847,236.6,237.7,0.4,,,0.999,-1.2
705,705,False,1024,4096,64,32,0.439,0.861,0.861,0.97,140.3,143.9,2.6,,,1.37,17.6
705,705,False,2048,4096,64,32,0.632,0.861,0.861,1.217,155.1,180.8,16.6,,,1.26,11.0
705,705,False,4096,4096,64,32,1.019,0.861,1.363,1.71,170.9,181.5,6.2,,,1.135,3.9
705,705,False,8192,4096,64,32,1.985,0.861,2.329,2.631,184.3,183.4,-0.5,,,1.12,3.2
705,705,False,1024,8192,64,32,1.019,0.861,1.363,1.733,169.7,185.0,9.0,,,1.139,5.3
705,705,False,2048,8192,64,32,1.985,0.861,2.329,2.576,184.2,187.4,1.7,,,1.127,3.2
705,705,False,4096,8192,64,32,3.917,0.861,4.262,4.538,189.6,188.9,-0.3,,,1.073,1.6
705,705,False,8192,8192,64,32,7.396,0.861,7.758,8.38,192.7,195.6,1.5,,,1.004,-0.3
705,705,False,1024,16384,64,32,3.917,0.861,4.262,4.834,182.2,191.1,4.9,,,0.997,-1.0
705,705,False,2048,16384,64,32,7.783,0.861,8.127,8.664,186.9,192.1,2.8,,,1.004,-0.3
705,705,False,4096,16384,64,32,14.74,0.861,15.102,15.701,196.3,198.7,1.2,,,0.999,-1.1
705,705,False,8192,16384,64,32,29.427,0.861,29.79,30.407,196.9,199.1,1.1,,,0.999,-0.5
510,510,False,1024,4096,64,32,0.603,1.008,1.008,1.108,131.4,134.6,2.4,,,1.462,20.5
510,510,False,2048,4096,64,32,0.87,1.008,1.161,1.594,135.1,152.0,12.5,,,1.192,9.0
510,510,False,4096,4096,64,32,1.405,1.008,1.808,2.168,147.9,152.7,3.2,,,1.137,4.8
510,510,False,8192,4096,64,32,2.74,1.008,3.143,3.548,153.8,151.6,-1.4,,,1.088,2.3
510,510,False,1024,8192,64,32,1.405,1.008,1.808,2.201,147.8,155.3,5.1,,,1.136,5.6
510,510,False,2048,8192,64,32,2.74,1.008,3.143,3.476,155.1,154.6,-0.3,,,1.092,1.6
510,510,False,4096,8192,64,32,5.411,1.008,5.814,6.185,158.7,154.2,-2.8,,,1.053,-1.0
510,510,False,8192,8192,64,32,10.219,1.008,10.644,11.401,161.1,158.2,-1.8,,,1.003,-3.2
510,510,False,1024,16384,64,32,5.411,1.008,5.814,6.462,153.1,155.8,1.8,,,0.998,-2.0
510,510,False,2048,16384,64,32,10.754,1.008,11.157,11.783,156.6,155.6,-0.6,,,1.002,-3.0
510,510,False,4096,16384,64,32,20.37,1.008,20.794,21.503,161.6,160.0,-1.0,,,0.998,-3.3
510,510,False,8192,16384,64,32,40.67,1.008,41.094,41.812,162.8,160.0,-1.7,,,1.0,-3.5
300,300,False,1024,4096,64,32,1.019,1.186,1.186,1.636,114.0,127.3,11.7,,,1.342,17.0
300,300,False,2048,4096,64,32,1.473,1.186,1.868,2.222,117.1,119.2,1.8,,,1.203,10.3
300,300,False,4096,4096,64,32,2.381,1.186,2.855,3.211,122.4,120.3,-1.7,,,1.133,6.3
300,300,False,8192,4096,64,32,4.65,1.186,5.125,5.556,121.2,117.4,-3.2,,,1.08,2.8
300,300,False,1024,8192,64,32,2.381,1.186,2.855,3.256,122.2,122.0,-0.2,,,1.131,6.5
300,300,False,2048,8192,64,32,4.65,1.186,5.125,5.754,120.3,119.2,-0.9,,,1.024,-1.8
300,300,False,4096,8192,64,32,9.19,1.186,9.665,10.346,119.9,117.6,-1.9,,,1.016,-1.8
300,300,False,8192,8192,64,32,17.362,1.186,17.862,18.856,121.4,119.4,-1.6,,,1.001,-2.1
300,300,False,1024,16384,64,32,9.19,1.186,9.665,10.424,118.3,118.7,0.3,,,0.998,-1.6
300,300,False,2048,16384,64,32,18.27,1.186,18.745,19.534,120.4,117.8,-2.1,,,1.0,-3.2
300,300,False,4096,16384,64,32,34.614,1.186,35.113,35.956,120.7,120.1,-0.5,,,0.999,-3.3
300,300,False,8192,16384,64,32,69.117,1.186,69.616,70.48,119.8,119.9,0.0,,,1.0,-3.4
