clock,ctas,m,nk,grid,measured_w,clock_achieved,throttled,model_mean_w,model_peak_w,mean_predicts,peak_predicts,mean_correct,peak_correct
1410,1,1024,4096,128,117.7,1410,False,124.5,599.3,False,True,True,False
1410,1,2048,4096,256,128.4,1410,False,134.6,599.3,False,True,True,False
1410,1,4096,4096,512,147.97,1410,False,156.2,599.3,False,True,True,False
1410,1,8192,4096,1024,185.62,1410,False,195.9,599.3,False,True,True,False
1410,1,1024,8192,512,150.43,1410,False,158.8,611.1,False,True,True,False
1410,1,2048,8192,512,187.08,1410,False,196.7,611.1,False,True,True,False
1410,1,4096,8192,1024,252.19,1410,False,273.9,611.1,False,True,True,False
1410,1,8192,8192,2048,377.29,1365,True,421.7,611.1,True,True,True,True
1410,1,1024,16384,512,259.06,1410,False,275.3,615.5,False,True,True,False
1410,1,2048,16384,1024,389.65,1380,True,418.4,615.5,True,True,True,True
1410,1,4096,16384,2048,398.51,1185,True,566.1,615.5,True,True,True,True
1410,1,8192,16384,4096,396.66,1185,True,568.9,615.5,True,True,True,True
1200,1,1024,4096,128,101.83,1200,False,103.0,387.7,False,False,True,True
1200,1,2048,4096,256,106.44,1200,False,108.9,387.7,False,False,True,True
1200,1,4096,4096,512,117.49,1200,False,120.6,387.7,False,False,True,True
1200,1,8192,4096,1024,139.29,1200,False,142.7,387.7,False,False,True,True
1200,1,1024,8192,512,116.98,1200,False,122.1,395.9,False,False,True,True
1200,1,2048,8192,512,137.54,1200,False,143.2,395.9,False,False,True,True
1200,1,4096,8192,1024,179.73,1200,False,185.9,395.9,False,False,True,True
1200,1,8192,8192,2048,257.07,1200,False,267.4,395.9,False,False,True,True
1200,1,1024,16384,512,179.56,1200,False,186.5,400.9,False,True,True,False
1200,1,2048,16384,1024,256.67,1200,False,268.7,400.9,False,True,True,False
1200,1,4096,16384,2048,364.14,1200,False,374.1,400.9,False,True,True,False
1200,1,8192,16384,4096,371.37,1200,False,373.9,400.9,False,True,True,False
900,1,1024,4096,128,90.08,900,False,90.7,256.0,False,False,True,True
900,1,2048,4096,256,92.79,900,False,94.1,256.0,False,False,True,True
900,1,4096,4096,512,99.54,900,False,101.1,256.0,False,False,True,True
900,1,8192,4096,1024,112.69,900,False,114.2,256.0,False,False,True,True
900,1,1024,8192,512,99.55,900,False,102.1,262.3,False,False,True,True
900,1,2048,8192,512,111.87,900,False,114.7,262.3,False,False,True,True
900,1,4096,8192,1024,137.88,900,False,140.7,262.3,False,False,True,True
900,1,8192,8192,2048,187.91,900,False,190.5,262.3,False,False,True,True
900,1,1024,16384,512,138.89,900,False,140.8,264.5,False,False,True,True
900,1,2048,16384,1024,184.32,900,False,191.0,264.5,False,False,True,True
900,1,4096,16384,2048,245.94,900,False,246.6,264.5,False,False,True,True
900,1,8192,16384,4096,243.44,900,False,242.6,264.5,False,False,True,True
705,1,1024,4096,128,85.8,705,False,87.3,217.8,False,False,True,True
705,1,2048,4096,256,87.84,705,False,90.0,217.8,False,False,True,True
705,1,4096,4096,512,92.86,705,False,95.6,217.8,False,False,True,True
705,1,8192,4096,1024,103.83,705,False,106.1,217.8,False,False,True,True
705,1,1024,8192,512,93.45,705,False,96.3,222.5,False,False,True,True
705,1,2048,8192,512,103.18,705,False,106.5,222.5,False,False,True,True
705,1,4096,8192,1024,122.08,705,False,127.6,222.5,False,False,True,True
705,1,8192,8192,2048,164.36,705,False,168.0,222.5,False,False,True,True
705,1,1024,16384,512,122.54,705,False,127.8,224.9,False,False,True,True
705,1,2048,16384,1024,163.21,705,False,168.9,224.9,False,False,True,True
705,1,4096,16384,2048,207.66,705,False,209.5,224.9,False,False,True,True
705,1,8192,16384,4096,206.33,705,False,204.7,224.9,False,False,True,True
510,1,1024,4096,128,82.51,510,False,84.9,180.2,False,False,True,True
510,1,2048,4096,256,84.19,510,False,87.0,180.2,False,False,True,True
510,1,4096,4096,512,88.01,510,False,91.2,180.2,False,False,True,True
510,1,8192,4096,1024,95.95,510,False,99.2,180.2,False,False,True,True
510,1,1024,8192,512,88.41,510,False,91.7,183.6,False,False,True,True
510,1,2048,8192,512,95.57,510,False,99.5,183.6,False,False,True,True
510,1,4096,8192,1024,111.97,510,False,115.7,183.6,False,False,True,True
510,1,8192,8192,2048,142.32,510,False,146.9,183.6,False,False,True,True
510,1,1024,16384,512,111.93,510,False,116.0,185.3,False,False,True,True
510,1,2048,16384,1024,144.67,510,False,147.7,185.3,False,False,True,True
510,1,4096,16384,2048,170.71,510,False,171.7,185.3,False,False,True,True
510,1,8192,16384,4096,164.31,510,False,166.1,185.3,False,False,True,True
300,1,1024,4096,128,79.35,300,False,83.0,141.9,False,False,True,True
300,1,2048,4096,256,80.88,300,False,84.3,141.9,False,False,True,True
300,1,4096,4096,512,84.54,300,False,87.0,141.9,False,False,True,True
300,1,8192,4096,1024,89.75,300,False,92.3,141.9,False,False,True,True
300,1,1024,8192,512,82.23,300,False,87.3,143.9,False,False,True,True
300,1,2048,8192,512,89.76,300,False,92.4,143.9,False,False,True,True
300,1,4096,8192,1024,96.48,300,False,103.1,143.9,False,False,True,True
300,1,8192,8192,2048,117.01,300,False,124.0,143.9,False,False,True,True
300,1,1024,16384,512,98.57,300,False,103.3,145.0,False,False,True,True
300,1,2048,16384,1024,120.66,300,False,124.6,145.0,False,False,True,True
300,1,4096,16384,2048,131.3,300,False,133.5,145.0,False,False,True,True
300,1,8192,16384,4096,122.6,300,False,126.8,145.0,False,False,True,True
1410,2,1024,4096,128,129.96,1410,False,137.9,602.9,False,True,True,False
1410,2,2048,4096,256,147.72,1410,False,157.3,602.9,False,True,True,False
1410,2,4096,4096,512,177.4,1410,False,198.8,602.9,False,True,True,False
1410,2,8192,4096,1024,249.61,1410,False,273.5,602.9,False,True,True,False
1410,2,1024,8192,512,184.13,1410,False,203.7,614.7,False,True,True,False
1410,2,2048,8192,512,249.54,1410,False,275.0,614.7,False,True,True,False
1410,2,4096,8192,1024,379.8,1410,False,414.9,614.7,True,True,False,False
1410,2,8192,8192,2048,399.56,1215,True,555.9,614.7,True,True,True,True
1410,2,1024,16384,512,388.47,1410,False,417.8,619.1,True,True,False,False
1410,2,2048,16384,1024,398.99,1215,True,552.7,619.1,True,True,True,True
1410,2,4096,16384,2048,398.88,1200,True,559.8,619.1,True,True,True,True
1410,2,8192,16384,4096,397.3,1185,True,564.6,619.1,True,True,True,True
1200,2,1024,4096,128,109.7,1200,False,111.3,390.2,False,False,True,True
1200,2,2048,4096,256,119.12,1200,False,122.6,390.2,False,False,True,True
1200,2,4096,4096,512,139.94,1200,False,145.3,390.2,False,False,True,True
1200,2,8192,4096,1024,180.24,1200,False,187.0,390.2,False,False,True,True
1200,2,1024,8192,512,140.78,1200,False,148.2,398.4,False,False,True,True
1200,2,2048,8192,512,178.27,1200,False,188.0,398.4,False,False,True,True
1200,2,4096,8192,1024,253.13,1200,False,266.0,398.4,False,False,True,True
1200,2,8192,8192,2048,353.7,1200,False,364.6,398.4,False,False,True,True
1200,2,1024,16384,512,255.34,1200,False,267.7,403.4,False,True,True,False
1200,2,2048,16384,1024,353.64,1200,False,368.9,403.4,False,True,True,False
1200,2,4096,16384,2048,361.39,1200,False,364.0,403.4,False,True,True,False
1200,2,8192,16384,4096,373.51,1200,False,368.5,403.4,False,True,True,False
900,2,1024,4096,128,95.59,900,False,95.8,257.7,False,False,True,True
900,2,2048,4096,256,101.35,900,False,102.4,257.7,False,False,True,True
900,2,4096,4096,512,114.95,900,False,115.9,257.7,False,False,True,True
900,2,8192,4096,1024,140.53,900,False,140.8,257.7,False,False,True,True
900,2,1024,8192,512,115.63,900,False,117.8,264.0,False,False,True,True
900,2,2048,8192,512,139.57,900,False,142.1,264.0,False,False,True,True
900,2,4096,8192,1024,187.8,900,False,190.4,264.0,False,False,True,True
900,2,8192,8192,2048,243.99,900,False,242.8,264.0,False,False,True,True
900,2,1024,16384,512,188.73,900,False,190.6,266.2,False,False,True,True
900,2,2048,16384,1024,244.2,900,False,244.7,266.2,False,False,True,True
900,2,4096,16384,2048,244.41,900,False,237.3,266.2,False,False,True,True
900,2,8192,16384,4096,242.71,900,False,237.8,266.2,False,False,True,True
705,2,1024,4096,128,89.98,705,False,91.3,219.1,False,False,True,True
705,2,2048,4096,256,95.1,705,False,96.6,219.1,False,False,True,True
705,2,4096,4096,512,105.64,705,False,107.4,219.1,False,False,True,True
705,2,8192,4096,1024,125.54,705,False,127.6,219.1,False,False,True,True
705,2,1024,8192,512,105.66,705,False,108.8,223.8,False,False,True,True
705,2,2048,8192,512,124.46,705,False,128.4,223.8,False,False,True,True
705,2,4096,8192,1024,163.63,705,False,167.6,223.8,False,False,True,True
705,2,8192,8192,2048,206.6,705,False,206.3,223.8,False,False,True,True
705,2,1024,16384,512,164.35,705,False,168.6,226.2,False,False,True,True
705,2,2048,16384,1024,206.5,705,False,208.6,226.2,False,False,True,True
705,2,4096,16384,2048,204.74,705,False,200.7,226.2,False,False,True,True
705,2,8192,16384,4096,201.63,705,False,200.1,226.2,False,False,True,True
510,2,1024,4096,128,85.85,510,False,88.0,181.2,False,False,True,True
510,2,2048,4096,256,89.78,510,False,92.0,181.2,False,False,True,True
510,2,4096,4096,512,97.36,510,False,100.3,181.2,False,False,True,True
510,2,8192,4096,1024,113.51,510,False,115.8,181.2,False,False,True,True
510,2,1024,8192,512,97.71,510,False,101.3,184.6,False,False,True,True
510,2,2048,8192,512,113.18,510,False,116.5,184.6,False,False,True,True
510,2,4096,8192,1024,141.96,510,False,147.3,184.6,False,False,True,True
510,2,8192,8192,2048,170.34,510,False,169.7,184.6,False,False,True,True
510,2,1024,16384,512,144.93,510,False,148.0,186.3,False,False,True,True
510,2,2048,16384,1024,170.78,510,False,171.8,186.3,False,False,True,True
510,2,4096,16384,2048,164.76,510,False,163.4,186.3,False,False,True,True
510,2,8192,16384,4096,161.22,510,False,161.8,186.3,False,False,True,True
300,2,1024,4096,128,82.06,300,False,84.9,142.4,False,False,True,True
300,2,2048,4096,256,84.31,300,False,87.5,142.4,False,False,True,True
300,2,4096,4096,512,89.38,300,False,92.8,142.4,False,False,True,True
300,2,8192,4096,1024,98.9,300,False,103.1,142.4,False,False,True,True
300,2,1024,8192,512,88.87,300,False,93.3,144.4,False,False,True,True
300,2,2048,8192,512,98.47,300,False,103.5,144.4,False,False,True,True
300,2,4096,8192,1024,117.84,300,False,124.3,144.4,False,False,True,True
300,2,8192,8192,2048,131.13,300,False,132.3,144.4,False,False,True,True
300,2,1024,16384,512,118.38,300,False,124.7,145.5,False,False,True,True
300,2,2048,16384,1024,131.57,300,False,133.7,145.5,False,False,True,True
300,2,4096,16384,2048,124.04,300,False,125.1,145.5,False,False,True,True
300,2,8192,16384,4096,118.81,300,False,122.5,145.5,False,False,True,True
1410,4,1024,4096,128,153.0,1410,False,160.8,609.4,False,True,True,False
1410,4,2048,4096,256,182.59,1410,False,195.9,609.4,False,True,True,False
1410,4,4096,4096,512,248.87,1410,False,270.2,609.4,False,True,True,False
1410,4,8192,4096,1024,371.04,1410,False,398.1,609.4,False,True,True,False
1410,4,1024,8192,512,255.54,1410,False,278.9,621.1,False,True,True,False
1410,4,2048,8192,512,371.3,1410,False,400.4,621.1,True,True,False,False
1410,4,4096,8192,1024,398.33,1260,True,510.3,621.1,True,True,True,True
1410,4,8192,8192,2048,399.53,1215,True,542.8,621.1,True,True,True,True
1410,4,1024,16384,512,399.05,1275,True,493.2,625.6,True,True,True,True
1410,4,2048,16384,1024,397.61,1230,True,541.8,625.6,True,True,True,True
1410,4,4096,16384,2048,398.99,1200,True,552.3,625.6,True,True,True,True
1410,4,8192,16384,4096,397.87,1185,True,557.3,625.6,True,True,True,True
1200,4,1024,4096,128,126.44,1200,False,125.8,394.8,False,False,True,True
1200,4,2048,4096,256,143.93,1200,False,146.7,394.8,False,False,True,True
1200,4,4096,4096,512,183.7,1200,False,188.2,394.8,False,False,True,True
1200,4,8192,4096,1024,254.96,1200,False,260.2,394.8,False,False,True,True
1200,4,1024,8192,512,185.78,1200,False,193.2,403.0,False,True,True,False
1200,4,2048,8192,512,251.76,1200,False,262.3,403.0,False,True,True,False
1200,4,4096,8192,1024,328.91,1200,False,336.1,403.0,False,True,True,False
1200,4,8192,8192,2048,357.03,1200,False,357.2,403.0,False,True,True,False
1200,4,1024,16384,512,316.59,1200,False,320.3,408.0,False,True,True,False
1200,4,2048,16384,1024,361.0,1200,False,361.8,408.0,False,True,True,False
1200,4,4096,16384,2048,365.73,1200,False,360.5,408.0,False,True,True,False
1200,4,8192,16384,4096,378.19,1200,False,366.9,408.0,False,True,True,False
900,4,1024,4096,128,106.84,900,False,104.8,260.9,False,False,True,True
900,4,2048,4096,256,118.7,900,False,117.7,260.9,False,False,True,True
900,4,4096,4096,512,143.24,900,False,142.1,260.9,False,False,True,True
900,4,8192,4096,1024,188.26,900,False,186.5,260.9,False,False,True,True
900,4,1024,8192,512,143.51,900,False,145.3,267.2,False,False,True,True
900,4,2048,8192,512,187.21,900,False,188.7,267.2,False,False,True,True
900,4,4096,8192,1024,228.37,900,False,225.9,267.2,False,False,True,True
900,4,8192,8192,2048,243.09,900,False,234.3,267.2,False,False,True,True
900,4,1024,16384,512,220.13,900,False,214.8,269.3,False,False,True,True
900,4,2048,16384,1024,242.89,900,False,236.6,269.3,False,False,True,True
900,4,4096,16384,2048,245.25,900,False,233.4,269.3,False,False,True,True
900,4,8192,16384,4096,243.86,900,False,235.8,269.3,False,False,True,True
705,4,1024,4096,128,99.01,705,False,98.7,221.6,False,False,True,True
705,4,2048,4096,256,108.8,705,False,109.0,221.6,False,False,True,True
705,4,4096,4096,512,129.04,705,False,129.2,221.6,False,False,True,True
705,4,8192,4096,1024,166.54,705,False,165.9,221.6,False,False,True,True
705,4,1024,8192,512,129.63,705,False,132.0,226.3,False,False,True,True
705,4,2048,8192,512,165.48,705,False,167.6,226.3,False,False,True,True
705,4,4096,8192,1024,197.21,705,False,195.1,226.3,False,False,True,True
705,4,8192,8192,2048,206.07,705,False,198.2,226.3,False,False,True,True
705,4,1024,16384,512,189.43,705,False,186.3,228.7,False,False,True,True
705,4,2048,16384,1024,206.15,705,False,200.6,228.7,False,False,True,True
705,4,4096,16384,2048,205.44,705,False,196.8,228.7,False,False,True,True
705,4,8192,16384,4096,203.01,705,False,198.2,228.7,False,False,True,True
510,4,1024,4096,128,92.72,510,False,93.7,183.1,False,False,True,True
510,4,2048,4096,256,100.67,510,False,101.6,183.1,False,False,True,True
510,4,4096,4096,512,116.22,510,False,117.2,183.1,False,False,True,True
510,4,8192,4096,1024,145.96,510,False,146.0,183.1,False,False,True,True
510,4,1024,8192,512,116.9,510,False,119.1,186.5,False,False,True,True
510,4,2048,8192,512,145.0,510,False,147.2,186.5,False,False,True,True
510,4,4096,8192,1024,168.17,510,False,166.0,186.5,False,False,True,True
510,4,8192,8192,2048,170.91,510,False,161.8,186.5,False,False,True,True
510,4,1024,16384,512,161.7,510,False,158.4,188.3,False,False,True,True
510,4,2048,16384,1024,171.39,510,False,163.8,188.3,False,False,True,True
510,4,4096,16384,2048,164.93,510,False,159.4,188.3,False,False,True,True
510,4,8192,16384,4096,161.97,510,False,159.7,188.3,False,False,True,True
300,4,1024,4096,128,86.5,300,False,88.6,143.4,False,False,True,True
300,4,2048,4096,256,91.4,300,False,93.7,143.4,False,False,True,True
300,4,4096,4096,512,100.87,300,False,103.9,143.4,False,False,True,True
300,4,8192,4096,1024,120.65,300,False,123.8,143.4,False,False,True,True
300,4,1024,8192,512,101.8,300,False,105.0,145.4,False,False,True,True
300,4,2048,8192,512,119.73,300,False,124.7,145.4,False,False,True,True
300,4,4096,8192,1024,131.87,300,False,132.4,145.4,False,False,True,True
300,4,8192,8192,2048,125.93,300,False,124.1,145.4,False,False,True,True
300,4,1024,16384,512,128.78,300,False,127.3,146.5,False,False,True,True
300,4,2048,16384,1024,126.86,300,False,125.6,146.5,False,False,True,True
300,4,4096,16384,2048,120.78,300,False,121.0,146.5,False,False,True,True
300,4,8192,16384,4096,118.51,300,False,120.4,146.5,False,False,True,True
1410,8,1024,4096,128,189.49,1410,False,200.1,620.6,False,True,True,False
1410,8,2048,4096,256,244.89,1410,False,261.5,620.6,False,True,True,False
1410,8,4096,4096,512,357.61,1410,False,387.8,620.6,False,True,True,False
1410,8,8192,4096,1024,401.66,1275,True,493.7,620.6,True,True,True,True
1410,8,1024,8192,512,366.1,1410,False,399.6,632.3,False,True,True,False
1410,8,2048,8192,512,400.72,1305,True,478.9,632.3,True,True,True,True
1410,8,4096,8192,1024,399.6,1275,True,507.7,632.3,True,True,True,True
1410,8,8192,8192,2048,399.67,1230,True,544.3,632.3,True,True,True,True
1410,8,1024,16384,512,398.67,1305,True,487.7,636.8,True,True,True,True
1410,8,2048,16384,1024,398.16,1215,True,540.6,636.8,True,True,True,True
1410,8,4096,16384,2048,398.41,1215,True,552.0,636.8,True,True,True,True
1410,8,8192,16384,4096,398.29,1185,True,557.5,636.8,True,True,True,True
1200,8,1024,4096,128,150.76,1200,False,150.9,402.9,False,True,True,False
1200,8,2048,4096,256,182.98,1200,False,187.5,402.9,False,True,True,False
1200,8,4096,4096,512,250.86,1200,False,258.7,402.9,False,True,True,False
1200,8,8192,4096,1024,317.88,1200,False,319.9,402.9,False,True,True,False
1200,8,1024,8192,512,252.54,1200,False,267.5,411.1,False,True,True,False
1200,8,2048,8192,512,302.34,1200,False,308.1,411.1,False,True,True,False
1200,8,4096,8192,1024,328.54,1200,False,327.3,411.1,False,True,True,False
1200,8,8192,8192,2048,357.39,1200,False,351.8,411.1,False,True,True,False
1200,8,1024,16384,512,312.42,1200,False,310.9,416.1,False,True,True,False
1200,8,2048,16384,1024,358.09,1200,False,355.6,416.1,False,True,True,False
1200,8,4096,16384,2048,362.55,1200,False,358.0,416.1,False,True,True,False
1200,8,8192,16384,4096,375.25,1185,False,365.1,416.1,False,True,True,False
900,8,1024,4096,128,124.8,900,False,121.4,266.5,False,False,True,True
900,8,2048,4096,256,145.0,900,False,143.9,266.5,False,False,True,True
900,8,4096,4096,512,187.91,900,False,187.6,266.5,False,False,True,True
900,8,8192,4096,1024,223.83,900,False,217.0,266.5,False,False,True,True
900,8,1024,8192,512,189.46,900,False,193.2,272.9,False,False,True,True
900,8,2048,8192,512,214.53,900,False,211.9,272.9,False,False,True,True
900,8,4096,8192,1024,229.44,900,False,219.8,272.9,False,False,True,True
900,8,8192,8192,2048,242.66,900,False,230.5,272.9,False,False,True,True
900,8,1024,16384,512,217.89,900,False,208.9,275.0,False,False,True,True
900,8,2048,16384,1024,242.82,900,False,232.6,275.0,False,False,True,True
900,8,4096,16384,2048,247.5,900,False,231.3,275.0,False,False,True,True
900,8,8192,16384,4096,245.75,900,False,234.7,275.0,False,False,True,True
705,8,1024,4096,128,114.26,705,False,112.1,226.1,False,False,True,True
705,8,2048,4096,256,132.07,705,False,130.6,226.1,False,False,True,True
705,8,4096,4096,512,167.11,705,False,166.2,226.1,False,False,True,True
705,8,8192,4096,1024,195.87,705,False,187.8,226.1,False,False,True,True
705,8,1024,8192,512,167.9,705,False,170.5,230.8,False,False,True,True
705,8,2048,8192,512,187.01,705,False,182.4,230.8,False,False,True,True
705,8,4096,8192,1024,196.9,705,False,187.1,230.8,False,False,True,True
705,8,8192,8192,2048,203.6,705,False,194.2,230.8,False,False,True,True
705,8,1024,16384,512,189.08,705,False,178.8,233.1,False,False,True,True
705,8,2048,16384,1024,203.87,705,False,196.5,233.1,False,False,True,True
705,8,4096,16384,2048,207.25,705,False,194.7,233.1,False,False,True,True
705,8,8192,16384,4096,204.14,705,False,197.0,233.1,False,False,True,True
510,8,1024,4096,128,106.16,510,False,104.6,186.7,False,False,True,True
510,8,2048,4096,256,119.74,510,False,119.1,186.7,False,False,True,True
510,8,4096,4096,512,147.9,510,False,147.7,186.7,False,False,True,True
510,8,8192,4096,1024,164.18,510,False,157.0,186.7,False,False,True,True
510,8,1024,8192,512,148.77,510,False,151.0,190.1,False,False,True,True
510,8,2048,8192,512,158.26,510,False,152.5,190.1,False,False,True,True
510,8,4096,8192,1024,166.91,510,False,155.3,190.1,False,False,True,True
510,8,8192,8192,2048,171.1,510,False,157.9,190.1,False,False,True,True
510,8,1024,16384,512,160.45,510,False,149.0,191.9,False,False,True,True
510,8,2048,16384,1024,169.99,510,False,159.7,191.9,False,False,True,True
510,8,4096,16384,2048,167.23,510,False,157.3,191.9,False,False,True,True
510,8,8192,16384,4096,164.4,510,False,158.7,191.9,False,False,True,True
300,8,1024,4096,128,96.06,300,False,95.8,145.4,False,False,True,True
300,8,2048,4096,256,105.08,300,False,105.7,145.4,False,False,True,True
300,8,4096,4096,512,124.17,300,False,125.2,145.4,False,False,True,True
300,8,8192,4096,1024,129.88,300,False,124.0,145.4,False,False,True,True
300,8,1024,8192,512,124.46,300,False,126.8,147.4,False,False,True,True
300,8,2048,8192,512,125.99,300,False,120.7,147.4,False,False,True,True
300,8,4096,8192,1024,129.51,300,False,121.9,147.4,False,False,True,True
300,8,8192,8192,2048,126.81,300,False,120.0,147.4,False,False,True,True
300,8,1024,16384,512,126.74,300,False,117.1,148.5,False,False,True,True
300,8,2048,16384,1024,127.05,300,False,121.3,148.5,False,False,True,True
300,8,4096,16384,2048,121.32,300,False,118.9,148.5,False,False,True,True
300,8,8192,16384,4096,120.03,300,False,119.3,148.5,False,False,True,True
1410,16,1024,4096,128,227.59,1410,False,243.6,636.9,False,True,True,False
1410,16,2048,4096,256,309.28,1410,False,329.4,636.9,False,True,True,False
1410,16,4096,4096,512,392.41,1395,False,422.7,636.9,True,True,False,False
1410,16,8192,4096,1024,397.06,1305,True,485.9,636.9,True,True,True,True
1410,16,1024,8192,512,397.59,1365,True,433.1,648.7,True,True,True,True
1410,16,2048,8192,512,398.91,1305,True,472.2,648.7,True,True,True,True
1410,16,4096,8192,1024,398.17,1260,True,501.9,648.7,True,True,True,True
1410,16,8192,8192,2048,399.4,1215,True,538.9,648.7,True,True,True,True
1410,16,1024,16384,512,399.29,1290,True,484.3,653.1,True,True,True,True
1410,16,2048,16384,1024,398.72,1230,True,530.1,653.1,True,True,True,True
1410,16,4096,16384,2048,398.17,1200,True,546.3,653.1,True,True,True,True
1410,16,8192,16384,4096,397.6,1185,True,554.1,653.1,True,True,True,True
1200,16,1024,4096,128,179.42,1200,False,182.9,416.1,False,True,True,False
1200,16,2048,4096,256,230.72,1200,False,237.5,416.1,False,True,True,False
1200,16,4096,4096,512,276.25,1200,False,280.7,416.1,False,True,True,False
1200,16,8192,4096,1024,318.63,1200,False,317.3,416.1,False,True,True,False
1200,16,1024,8192,512,275.01,1200,False,287.9,424.3,False,True,True,False
1200,16,2048,8192,512,308.32,1200,False,307.2,424.3,False,True,True,False
1200,16,4096,8192,1024,332.35,1200,False,326.6,424.3,False,True,True,False
1200,16,8192,8192,2048,351.93,1200,False,350.7,424.3,False,True,True,False
1200,16,1024,16384,512,315.81,1200,False,311.1,429.3,False,True,True,False
1200,16,2048,16384,1024,357.14,1200,False,348.7,429.3,False,True,True,False
1200,16,4096,16384,2048,363.81,1200,False,357.5,429.3,False,True,True,False
1200,16,8192,16384,4096,376.49,1200,False,365.2,429.3,False,True,True,False
900,16,1024,4096,128,143.86,900,False,142.5,276.1,False,False,True,True
900,16,2048,4096,256,176.81,900,False,176.0,276.1,False,False,True,True
900,16,4096,4096,512,202.86,900,False,197.9,276.1,False,False,True,True
900,16,8192,4096,1024,222.88,900,False,214.5,276.1,False,False,True,True
900,16,1024,8192,512,202.49,900,False,203.3,282.4,False,False,True,True
900,16,2048,8192,512,216.09,900,False,209.0,282.4,False,False,True,True
900,16,4096,8192,1024,226.57,900,False,217.2,282.4,False,False,True,True
900,16,8192,8192,2048,239.97,900,False,229.5,282.4,False,False,True,True
900,16,1024,16384,512,218.77,900,False,206.9,284.6,False,False,True,True
900,16,2048,16384,1024,238.6,900,False,227.6,284.6,False,False,True,True
900,16,4096,16384,2048,247.37,900,False,230.8,284.6,False,False,True,True
900,16,8192,16384,4096,245.67,900,False,234.4,284.6,False,False,True,True
705,16,1024,4096,128,130.38,705,False,129.3,233.7,False,False,True,True
705,16,2048,4096,256,158.1,705,False,156.8,233.7,False,False,True,True
705,16,4096,4096,512,178.48,705,False,173.1,233.7,False,False,True,True
705,16,8192,4096,1024,195.5,705,False,184.3,233.7,False,False,True,True
705,16,1024,8192,512,177.95,705,False,177.4,238.4,False,False,True,True
705,16,2048,8192,512,187.01,705,False,178.9,238.4,False,False,True,True
705,16,4096,8192,1024,197.85,705,False,184.3,238.4,False,False,True,True
705,16,8192,8192,2048,202.59,705,False,193.1,238.4,False,False,True,True
705,16,1024,16384,512,187.45,705,False,176.3,240.7,False,False,True,True
705,16,2048,16384,1024,202.2,705,False,192.7,240.7,False,False,True,True
705,16,4096,16384,2048,208.24,705,False,194.0,240.7,False,False,True,True
705,16,8192,16384,4096,206.46,705,False,196.7,240.7,False,False,True,True
510,16,1024,4096,128,121.43,510,False,119.9,193.2,False,False,True,True
510,16,2048,4096,256,144.42,510,False,142.7,193.2,False,False,True,True
510,16,4096,4096,512,157.29,510,False,151.6,193.2,False,False,True,True
510,16,8192,4096,1024,163.19,510,False,152.4,193.2,False,False,True,True
510,16,1024,8192,512,157.88,510,False,154.8,196.7,False,False,True,True
510,16,2048,8192,512,158.17,510,False,148.3,196.7,False,False,True,True
510,16,4096,8192,1024,165.35,510,False,150.6,196.7,False,False,True,True
510,16,8192,8192,2048,167.58,510,False,156.3,196.7,False,False,True,True
510,16,1024,16384,512,158.43,510,False,144.7,198.4,False,False,True,True
510,16,2048,16384,1024,167.6,510,False,156.9,198.4,False,False,True,True
510,16,4096,16384,2048,167.05,510,False,156.5,198.4,False,False,True,True
510,16,8192,16384,4096,165.42,510,False,158.2,198.4,False,False,True,True
300,16,1024,4096,128,108.78,300,False,107.3,149.3,False,False,True,True
300,16,2048,4096,256,121.77,300,False,118.9,149.3,False,False,True,True
300,16,4096,4096,512,128.77,300,False,121.4,149.3,False,False,True,True
300,16,8192,4096,1024,127.66,300,False,118.1,149.3,False,False,True,True
300,16,1024,8192,512,128.7,300,False,122.8,151.4,False,False,True,True
300,16,2048,8192,512,124.44,300,False,115.2,151.4,False,False,True,True
300,16,4096,8192,1024,121.99,300,False,115.9,151.4,False,False,True,True
300,16,8192,8192,2048,125.9,300,False,118.3,151.4,False,False,True,True
300,16,1024,16384,512,123.48,300,False,111.8,152.4,False,False,True,True
300,16,2048,16384,1024,125.91,300,False,119.6,152.4,False,False,True,True
300,16,4096,16384,2048,119.55,300,False,118.0,152.4,False,False,True,True
300,16,8192,16384,4096,117.28,300,False,118.8,152.4,False,False,True,True
1410,32,1024,4096,128,243.4,1410,False,259.3,642.0,False,True,True,False
1410,32,2048,4096,256,308.13,1410,False,322.5,642.0,False,True,True,False
1410,32,4096,4096,512,375.38,1410,False,391.6,642.0,False,True,True,False
1410,32,8192,4096,1024,398.75,1320,True,463.0,642.0,True,True,True,True
1410,32,1024,8192,512,382.16,1410,False,405.7,653.7,True,True,False,False
1410,32,2048,8192,512,400.81,1335,True,472.9,653.7,True,True,True,True
1410,32,4096,8192,1024,399.96,1290,True,505.2,653.7,True,True,True,True
1410,32,8192,8192,2048,399.48,1245,True,531.5,653.7,True,True,True,True
1410,32,1024,16384,512,399.52,1305,True,486.5,658.2,True,True,True,True
1410,32,2048,16384,1024,397.88,1260,True,515.2,658.2,True,True,True,True
1410,32,4096,16384,2048,398.24,1245,True,557.6,658.2,True,True,True,True
1410,32,8192,16384,4096,397.14,1185,True,560.7,658.2,True,True,True,True
1200,32,1024,4096,128,194.41,1200,False,197.0,421.1,False,True,True,False
1200,32,2048,4096,256,223.18,1200,False,226.6,421.1,False,True,True,False
1200,32,4096,4096,512,264.25,1200,False,261.8,421.1,False,True,True,False
1200,32,8192,4096,1024,302.64,1200,False,298.5,421.1,False,True,True,False
1200,32,1024,8192,512,262.94,1200,False,269.8,429.3,False,True,True,False
1200,32,2048,8192,512,303.6,1200,False,304.6,429.3,False,True,True,False
1200,32,4096,8192,1024,326.65,1200,False,325.4,429.3,False,True,True,False
1200,32,8192,8192,2048,341.85,1200,False,341.3,429.3,False,True,True,False
1200,32,1024,16384,512,312.8,1200,False,311.9,434.3,False,True,True,False
1200,32,2048,16384,1024,329.72,1200,False,333.4,434.3,False,True,True,False
1200,32,4096,16384,2048,354.3,1200,False,357.4,434.3,False,True,True,False
1200,32,8192,16384,4096,367.37,1200,False,364.8,434.3,False,True,True,False
900,32,1024,4096,128,151.67,900,False,150.6,278.6,False,False,True,True
900,32,2048,4096,256,172.41,900,False,166.0,278.6,False,False,True,True
900,32,4096,4096,512,193.05,900,False,183.7,278.6,False,False,True,True
900,32,8192,4096,1024,212.62,900,False,201.8,278.6,False,False,True,True
900,32,1024,8192,512,191.51,900,False,188.7,284.9,False,False,True,True
900,32,2048,8192,512,213.47,900,False,206.8,284.9,False,False,True,True
900,32,4096,8192,1024,222.55,900,False,216.0,284.9,False,False,True,True
900,32,8192,8192,2048,229.38,900,False,222.9,284.9,False,False,True,True
900,32,1024,16384,512,213.3,900,False,207.0,287.1,False,False,True,True
900,32,2048,16384,1024,221.54,900,False,217.9,287.1,False,False,True,True
900,32,4096,16384,2048,233.2,900,False,230.6,287.1,False,False,True,True
900,32,8192,16384,4096,236.61,900,False,234.4,287.1,False,False,True,True
705,32,1024,4096,128,140.3,705,False,136.7,236.1,False,False,True,True
705,32,2048,4096,256,155.1,705,False,148.0,236.1,False,False,True,True
705,32,4096,4096,512,170.89,705,False,160.5,236.1,False,False,True,True
705,32,8192,4096,1024,184.31,705,False,173.5,236.1,False,False,True,True
705,32,1024,8192,512,169.66,705,False,164.4,240.8,False,False,True,True
705,32,2048,8192,512,184.2,705,False,177.3,240.8,False,False,True,True
705,32,4096,8192,1024,189.6,705,False,183.1,240.8,False,False,True,True
705,32,8192,8192,2048,192.68,705,False,187.8,240.8,False,False,True,True
705,32,1024,16384,512,182.22,705,False,176.1,243.2,False,False,True,True
705,32,2048,16384,1024,186.87,705,False,184.3,243.2,False,False,True,True
705,32,4096,16384,2048,196.34,705,False,193.8,243.2,False,False,True,True
705,32,8192,16384,4096,196.91,705,False,196.6,243.2,False,False,True,True
510,32,1024,4096,128,131.43,510,False,128.5,196.4,False,False,True,True
510,32,2048,4096,256,135.11,510,False,127.5,196.4,False,False,True,True
510,32,4096,4096,512,147.89,510,False,139.0,196.4,False,False,True,True
510,32,8192,4096,1024,153.79,510,False,143.5,196.4,False,False,True,True
510,32,1024,8192,512,147.81,510,False,141.7,199.9,False,False,True,True
510,32,2048,8192,512,155.05,510,False,146.4,199.9,False,False,True,True
510,32,4096,8192,1024,158.65,510,False,149.6,199.9,False,False,True,True
510,32,8192,8192,2048,161.14,510,False,153.0,199.9,False,False,True,True
510,32,1024,16384,512,153.06,510,False,146.1,201.6,False,False,True,True
510,32,2048,16384,1024,156.61,510,False,150.5,201.6,False,False,True,True
510,32,4096,16384,2048,161.58,510,False,156.8,201.6,False,False,True,True
510,32,8192,16384,4096,162.78,510,False,158.4,201.6,False,False,True,True
300,32,1024,4096,128,114.01,300,False,108.1,155.2,False,False,True,True
300,32,2048,4096,256,117.1,300,False,109.7,155.2,False,False,True,True
300,32,4096,4096,512,122.37,300,False,114.3,155.2,False,False,True,True
300,32,8192,4096,1024,121.24,300,False,114.2,155.2,False,False,True,True
300,32,1024,8192,512,122.15,300,False,115.9,157.2,False,False,True,True
300,32,2048,8192,512,120.32,300,False,112.8,157.2,False,False,True,True
300,32,4096,8192,1024,119.87,300,False,114.2,157.2,False,False,True,True
300,32,8192,8192,2048,121.38,300,False,116.9,157.2,False,False,True,True
300,32,1024,16384,512,118.35,300,False,114.1,158.3,False,False,True,True
300,32,2048,16384,1024,120.4,300,False,115.3,158.3,False,False,True,True
300,32,4096,16384,2048,120.71,300,False,118.7,158.3,False,False,True,True
300,32,8192,16384,4096,119.85,300,False,119.2,158.3,False,False,True,True
