config_id,dtype,M,N,K,freq_mhz,dram_mhz,sm_count,mps_pct,gflop,mbytes,arith_intensity
0,bf16,1024,4096,4096,1410,1215,108,100.0,34.36,50.33,682.7
1,bf16,2048,4096,4096,1410,1215,108,100.0,68.719,67.11,1024.0
2,bf16,4096,4096,4096,1410,1215,108,100.0,137.439,100.66,1365.3
3,bf16,8192,4096,4096,1410,1215,108,100.0,274.878,167.77,1638.4
4,bf16,1024,8192,8192,1410,1215,108,100.0,137.439,167.77,819.2
5,bf16,2048,8192,8192,1410,1215,108,100.0,274.878,201.33,1365.3
6,bf16,4096,8192,8192,1410,1215,108,100.0,549.756,268.44,2048.0
7,bf16,8192,8192,8192,1410,1215,108,100.0,1099.512,402.65,2730.7
8,bf16,1024,16384,16384,1410,1215,108,100.0,549.756,603.98,910.2
9,bf16,2048,16384,16384,1410,1215,108,100.0,1099.512,671.09,1638.4
10,bf16,4096,16384,16384,1410,1215,108,100.0,2199.023,805.31,2730.7
11,bf16,8192,16384,16384,1410,1215,108,100.0,4398.047,1073.74,4096.0
12,bf16,1024,4096,4096,1410,1215,81,75.0,34.36,50.33,682.7
13,bf16,2048,4096,4096,1410,1215,81,75.0,68.719,67.11,1024.0
14,bf16,4096,4096,4096,1410,1215,81,75.0,137.439,100.66,1365.3
15,bf16,8192,4096,4096,1410,1215,81,75.0,274.878,167.77,1638.4
16,bf16,1024,8192,8192,1410,1215,81,75.0,137.439,167.77,819.2
17,bf16,2048,8192,8192,1410,1215,81,75.0,274.878,201.33,1365.3
18,bf16,4096,8192,8192,1410,1215,81,75.0,549.756,268.44,2048.0
19,bf16,8192,8192,8192,1410,1215,81,75.0,1099.512,402.65,2730.7
20,bf16,1024,16384,16384,1410,1215,81,75.0,549.756,603.98,910.2
21,bf16,2048,16384,16384,1410,1215,81,75.0,1099.512,671.09,1638.4
22,bf16,4096,16384,16384,1410,1215,81,75.0,2199.023,805.31,2730.7
23,bf16,8192,16384,16384,1410,1215,81,75.0,4398.047,1073.74,4096.0
24,bf16,1024,4096,4096,1410,1215,54,50.0,34.36,50.33,682.7
25,bf16,2048,4096,4096,1410,1215,54,50.0,68.719,67.11,1024.0
26,bf16,4096,4096,4096,1410,1215,54,50.0,137.439,100.66,1365.3
27,bf16,8192,4096,4096,1410,1215,54,50.0,274.878,167.77,1638.4
28,bf16,1024,8192,8192,1410,1215,54,50.0,137.439,167.77,819.2
29,bf16,2048,8192,8192,1410,1215,54,50.0,274.878,201.33,1365.3
30,bf16,4096,8192,8192,1410,1215,54,50.0,549.756,268.44,2048.0
31,bf16,8192,8192,8192,1410,1215,54,50.0,1099.512,402.65,2730.7
32,bf16,1024,16384,16384,1410,1215,54,50.0,549.756,603.98,910.2
33,bf16,2048,16384,16384,1410,1215,54,50.0,1099.512,671.09,1638.4
34,bf16,4096,16384,16384,1410,1215,54,50.0,2199.023,805.31,2730.7
35,bf16,8192,16384,16384,1410,1215,54,50.0,4398.047,1073.74,4096.0
36,bf16,1024,4096,4096,1410,1215,27,25.0,34.36,50.33,682.7
37,bf16,2048,4096,4096,1410,1215,27,25.0,68.719,67.11,1024.0
38,bf16,4096,4096,4096,1410,1215,27,25.0,137.439,100.66,1365.3
39,bf16,8192,4096,4096,1410,1215,27,25.0,274.878,167.77,1638.4
40,bf16,1024,8192,8192,1410,1215,27,25.0,137.439,167.77,819.2
41,bf16,2048,8192,8192,1410,1215,27,25.0,274.878,201.33,1365.3
42,bf16,4096,8192,8192,1410,1215,27,25.0,549.756,268.44,2048.0
43,bf16,8192,8192,8192,1410,1215,27,25.0,1099.512,402.65,2730.7
44,bf16,1024,16384,16384,1410,1215,27,25.0,549.756,603.98,910.2
45,bf16,2048,16384,16384,1410,1215,27,25.0,1099.512,671.09,1638.4
46,bf16,4096,16384,16384,1410,1215,27,25.0,2199.023,805.31,2730.7
47,bf16,8192,16384,16384,1410,1215,27,25.0,4398.047,1073.74,4096.0
48,bf16,1024,4096,4096,1410,1215,14,12.5,34.36,50.33,682.7
49,bf16,2048,4096,4096,1410,1215,14,12.5,68.719,67.11,1024.0
50,bf16,4096,4096,4096,1410,1215,14,12.5,137.439,100.66,1365.3
51,bf16,8192,4096,4096,1410,1215,14,12.5,274.878,167.77,1638.4
52,bf16,1024,8192,8192,1410,1215,14,12.5,137.439,167.77,819.2
53,bf16,2048,8192,8192,1410,1215,14,12.5,274.878,201.33,1365.3
54,bf16,4096,8192,8192,1410,1215,14,12.5,549.756,268.44,2048.0
55,bf16,8192,8192,8192,1410,1215,14,12.5,1099.512,402.65,2730.7
56,bf16,1024,16384,16384,1410,1215,14,12.5,549.756,603.98,910.2
57,bf16,2048,16384,16384,1410,1215,14,12.5,1099.512,671.09,1638.4
58,bf16,4096,16384,16384,1410,1215,14,12.5,2199.023,805.31,2730.7
59,bf16,8192,16384,16384,1410,1215,14,12.5,4398.047,1073.74,4096.0
60,bf16,1024,4096,4096,1200,1215,108,100.0,34.36,50.33,682.7
61,bf16,2048,4096,4096,1200,1215,108,100.0,68.719,67.11,1024.0
62,bf16,4096,4096,4096,1200,1215,108,100.0,137.439,100.66,1365.3
63,bf16,8192,4096,4096,1200,1215,108,100.0,274.878,167.77,1638.4
64,bf16,1024,8192,8192,1200,1215,108,100.0,137.439,167.77,819.2
65,bf16,2048,8192,8192,1200,1215,108,100.0,274.878,201.33,1365.3
66,bf16,4096,8192,8192,1200,1215,108,100.0,549.756,268.44,2048.0
67,bf16,8192,8192,8192,1200,1215,108,100.0,1099.512,402.65,2730.7
68,bf16,1024,16384,16384,1200,1215,108,100.0,549.756,603.98,910.2
69,bf16,2048,16384,16384,1200,1215,108,100.0,1099.512,671.09,1638.4
70,bf16,4096,16384,16384,1200,1215,108,100.0,2199.023,805.31,2730.7
71,bf16,8192,16384,16384,1200,1215,108,100.0,4398.047,1073.74,4096.0
72,bf16,1024,4096,4096,1200,1215,81,75.0,34.36,50.33,682.7
73,bf16,2048,4096,4096,1200,1215,81,75.0,68.719,67.11,1024.0
74,bf16,4096,4096,4096,1200,1215,81,75.0,137.439,100.66,1365.3
75,bf16,8192,4096,4096,1200,1215,81,75.0,274.878,167.77,1638.4
76,bf16,1024,8192,8192,1200,1215,81,75.0,137.439,167.77,819.2
77,bf16,2048,8192,8192,1200,1215,81,75.0,274.878,201.33,1365.3
78,bf16,4096,8192,8192,1200,1215,81,75.0,549.756,268.44,2048.0
79,bf16,8192,8192,8192,1200,1215,81,75.0,1099.512,402.65,2730.7
80,bf16,1024,16384,16384,1200,1215,81,75.0,549.756,603.98,910.2
81,bf16,2048,16384,16384,1200,1215,81,75.0,1099.512,671.09,1638.4
82,bf16,4096,16384,16384,1200,1215,81,75.0,2199.023,805.31,2730.7
83,bf16,8192,16384,16384,1200,1215,81,75.0,4398.047,1073.74,4096.0
84,bf16,1024,4096,4096,1200,1215,54,50.0,34.36,50.33,682.7
85,bf16,2048,4096,4096,1200,1215,54,50.0,68.719,67.11,1024.0
86,bf16,4096,4096,4096,1200,1215,54,50.0,137.439,100.66,1365.3
87,bf16,8192,4096,4096,1200,1215,54,50.0,274.878,167.77,1638.4
88,bf16,1024,8192,8192,1200,1215,54,50.0,137.439,167.77,819.2
89,bf16,2048,8192,8192,1200,1215,54,50.0,274.878,201.33,1365.3
90,bf16,4096,8192,8192,1200,1215,54,50.0,549.756,268.44,2048.0
91,bf16,8192,8192,8192,1200,1215,54,50.0,1099.512,402.65,2730.7
92,bf16,1024,16384,16384,1200,1215,54,50.0,549.756,603.98,910.2
93,bf16,2048,16384,16384,1200,1215,54,50.0,1099.512,671.09,1638.4
94,bf16,4096,16384,16384,1200,1215,54,50.0,2199.023,805.31,2730.7
95,bf16,8192,16384,16384,1200,1215,54,50.0,4398.047,1073.74,4096.0
96,bf16,1024,4096,4096,1200,1215,27,25.0,34.36,50.33,682.7
97,bf16,2048,4096,4096,1200,1215,27,25.0,68.719,67.11,1024.0
98,bf16,4096,4096,4096,1200,1215,27,25.0,137.439,100.66,1365.3
99,bf16,8192,4096,4096,1200,1215,27,25.0,274.878,167.77,1638.4
100,bf16,1024,8192,8192,1200,1215,27,25.0,137.439,167.77,819.2
101,bf16,2048,8192,8192,1200,1215,27,25.0,274.878,201.33,1365.3
102,bf16,4096,8192,8192,1200,1215,27,25.0,549.756,268.44,2048.0
103,bf16,8192,8192,8192,1200,1215,27,25.0,1099.512,402.65,2730.7
104,bf16,1024,16384,16384,1200,1215,27,25.0,549.756,603.98,910.2
105,bf16,2048,16384,16384,1200,1215,27,25.0,1099.512,671.09,1638.4
106,bf16,4096,16384,16384,1200,1215,27,25.0,2199.023,805.31,2730.7
107,bf16,8192,16384,16384,1200,1215,27,25.0,4398.047,1073.74,4096.0
108,bf16,1024,4096,4096,1200,1215,14,12.5,34.36,50.33,682.7
109,bf16,2048,4096,4096,1200,1215,14,12.5,68.719,67.11,1024.0
110,bf16,4096,4096,4096,1200,1215,14,12.5,137.439,100.66,1365.3
111,bf16,8192,4096,4096,1200,1215,14,12.5,274.878,167.77,1638.4
112,bf16,1024,8192,8192,1200,1215,14,12.5,137.439,167.77,819.2
113,bf16,2048,8192,8192,1200,1215,14,12.5,274.878,201.33,1365.3
114,bf16,4096,8192,8192,1200,1215,14,12.5,549.756,268.44,2048.0
115,bf16,8192,8192,8192,1200,1215,14,12.5,1099.512,402.65,2730.7
116,bf16,1024,16384,16384,1200,1215,14,12.5,549.756,603.98,910.2
117,bf16,2048,16384,16384,1200,1215,14,12.5,1099.512,671.09,1638.4
118,bf16,4096,16384,16384,1200,1215,14,12.5,2199.023,805.31,2730.7
119,bf16,8192,16384,16384,1200,1215,14,12.5,4398.047,1073.74,4096.0
120,bf16,1024,4096,4096,900,1215,108,100.0,34.36,50.33,682.7
121,bf16,2048,4096,4096,900,1215,108,100.0,68.719,67.11,1024.0
122,bf16,4096,4096,4096,900,1215,108,100.0,137.439,100.66,1365.3
123,bf16,8192,4096,4096,900,1215,108,100.0,274.878,167.77,1638.4
124,bf16,1024,8192,8192,900,1215,108,100.0,137.439,167.77,819.2
125,bf16,2048,8192,8192,900,1215,108,100.0,274.878,201.33,1365.3
126,bf16,4096,8192,8192,900,1215,108,100.0,549.756,268.44,2048.0
127,bf16,8192,8192,8192,900,1215,108,100.0,1099.512,402.65,2730.7
128,bf16,1024,16384,16384,900,1215,108,100.0,549.756,603.98,910.2
129,bf16,2048,16384,16384,900,1215,108,100.0,1099.512,671.09,1638.4
130,bf16,4096,16384,16384,900,1215,108,100.0,2199.023,805.31,2730.7
131,bf16,8192,16384,16384,900,1215,108,100.0,4398.047,1073.74,4096.0
132,bf16,1024,4096,4096,900,1215,81,75.0,34.36,50.33,682.7
133,bf16,2048,4096,4096,900,1215,81,75.0,68.719,67.11,1024.0
134,bf16,4096,4096,4096,900,1215,81,75.0,137.439,100.66,1365.3
135,bf16,8192,4096,4096,900,1215,81,75.0,274.878,167.77,1638.4
136,bf16,1024,8192,8192,900,1215,81,75.0,137.439,167.77,819.2
137,bf16,2048,8192,8192,900,1215,81,75.0,274.878,201.33,1365.3
138,bf16,4096,8192,8192,900,1215,81,75.0,549.756,268.44,2048.0
139,bf16,8192,8192,8192,900,1215,81,75.0,1099.512,402.65,2730.7
140,bf16,1024,16384,16384,900,1215,81,75.0,549.756,603.98,910.2
141,bf16,2048,16384,16384,900,1215,81,75.0,1099.512,671.09,1638.4
142,bf16,4096,16384,16384,900,1215,81,75.0,2199.023,805.31,2730.7
143,bf16,8192,16384,16384,900,1215,81,75.0,4398.047,1073.74,4096.0
144,bf16,1024,4096,4096,900,1215,54,50.0,34.36,50.33,682.7
145,bf16,2048,4096,4096,900,1215,54,50.0,68.719,67.11,1024.0
146,bf16,4096,4096,4096,900,1215,54,50.0,137.439,100.66,1365.3
147,bf16,8192,4096,4096,900,1215,54,50.0,274.878,167.77,1638.4
148,bf16,1024,8192,8192,900,1215,54,50.0,137.439,167.77,819.2
149,bf16,2048,8192,8192,900,1215,54,50.0,274.878,201.33,1365.3
150,bf16,4096,8192,8192,900,1215,54,50.0,549.756,268.44,2048.0
151,bf16,8192,8192,8192,900,1215,54,50.0,1099.512,402.65,2730.7
152,bf16,1024,16384,16384,900,1215,54,50.0,549.756,603.98,910.2
153,bf16,2048,16384,16384,900,1215,54,50.0,1099.512,671.09,1638.4
154,bf16,4096,16384,16384,900,1215,54,50.0,2199.023,805.31,2730.7
155,bf16,8192,16384,16384,900,1215,54,50.0,4398.047,1073.74,4096.0
156,bf16,1024,4096,4096,900,1215,27,25.0,34.36,50.33,682.7
157,bf16,2048,4096,4096,900,1215,27,25.0,68.719,67.11,1024.0
158,bf16,4096,4096,4096,900,1215,27,25.0,137.439,100.66,1365.3
159,bf16,8192,4096,4096,900,1215,27,25.0,274.878,167.77,1638.4
160,bf16,1024,8192,8192,900,1215,27,25.0,137.439,167.77,819.2
161,bf16,2048,8192,8192,900,1215,27,25.0,274.878,201.33,1365.3
162,bf16,4096,8192,8192,900,1215,27,25.0,549.756,268.44,2048.0
163,bf16,8192,8192,8192,900,1215,27,25.0,1099.512,402.65,2730.7
164,bf16,1024,16384,16384,900,1215,27,25.0,549.756,603.98,910.2
165,bf16,2048,16384,16384,900,1215,27,25.0,1099.512,671.09,1638.4
166,bf16,4096,16384,16384,900,1215,27,25.0,2199.023,805.31,2730.7
167,bf16,8192,16384,16384,900,1215,27,25.0,4398.047,1073.74,4096.0
168,bf16,1024,4096,4096,900,1215,14,12.5,34.36,50.33,682.7
169,bf16,2048,4096,4096,900,1215,14,12.5,68.719,67.11,1024.0
170,bf16,4096,4096,4096,900,1215,14,12.5,137.439,100.66,1365.3
171,bf16,8192,4096,4096,900,1215,14,12.5,274.878,167.77,1638.4
172,bf16,1024,8192,8192,900,1215,14,12.5,137.439,167.77,819.2
173,bf16,2048,8192,8192,900,1215,14,12.5,274.878,201.33,1365.3
174,bf16,4096,8192,8192,900,1215,14,12.5,549.756,268.44,2048.0
175,bf16,8192,8192,8192,900,1215,14,12.5,1099.512,402.65,2730.7
176,bf16,1024,16384,16384,900,1215,14,12.5,549.756,603.98,910.2
177,bf16,2048,16384,16384,900,1215,14,12.5,1099.512,671.09,1638.4
178,bf16,4096,16384,16384,900,1215,14,12.5,2199.023,805.31,2730.7
179,bf16,8192,16384,16384,900,1215,14,12.5,4398.047,1073.74,4096.0
180,bf16,1024,4096,4096,705,1215,108,100.0,34.36,50.33,682.7
181,bf16,2048,4096,4096,705,1215,108,100.0,68.719,67.11,1024.0
182,bf16,4096,4096,4096,705,1215,108,100.0,137.439,100.66,1365.3
183,bf16,8192,4096,4096,705,1215,108,100.0,274.878,167.77,1638.4
184,bf16,1024,8192,8192,705,1215,108,100.0,137.439,167.77,819.2
185,bf16,2048,8192,8192,705,1215,108,100.0,274.878,201.33,1365.3
186,bf16,4096,8192,8192,705,1215,108,100.0,549.756,268.44,2048.0
187,bf16,8192,8192,8192,705,1215,108,100.0,1099.512,402.65,2730.7
188,bf16,1024,16384,16384,705,1215,108,100.0,549.756,603.98,910.2
189,bf16,2048,16384,16384,705,1215,108,100.0,1099.512,671.09,1638.4
190,bf16,4096,16384,16384,705,1215,108,100.0,2199.023,805.31,2730.7
191,bf16,8192,16384,16384,705,1215,108,100.0,4398.047,1073.74,4096.0
192,bf16,1024,4096,4096,705,1215,81,75.0,34.36,50.33,682.7
193,bf16,2048,4096,4096,705,1215,81,75.0,68.719,67.11,1024.0
194,bf16,4096,4096,4096,705,1215,81,75.0,137.439,100.66,1365.3
195,bf16,8192,4096,4096,705,1215,81,75.0,274.878,167.77,1638.4
196,bf16,1024,8192,8192,705,1215,81,75.0,137.439,167.77,819.2
197,bf16,2048,8192,8192,705,1215,81,75.0,274.878,201.33,1365.3
198,bf16,4096,8192,8192,705,1215,81,75.0,549.756,268.44,2048.0
199,bf16,8192,8192,8192,705,1215,81,75.0,1099.512,402.65,2730.7
200,bf16,1024,16384,16384,705,1215,81,75.0,549.756,603.98,910.2
201,bf16,2048,16384,16384,705,1215,81,75.0,1099.512,671.09,1638.4
202,bf16,4096,16384,16384,705,1215,81,75.0,2199.023,805.31,2730.7
203,bf16,8192,16384,16384,705,1215,81,75.0,4398.047,1073.74,4096.0
204,bf16,1024,4096,4096,705,1215,54,50.0,34.36,50.33,682.7
205,bf16,2048,4096,4096,705,1215,54,50.0,68.719,67.11,1024.0
206,bf16,4096,4096,4096,705,1215,54,50.0,137.439,100.66,1365.3
207,bf16,8192,4096,4096,705,1215,54,50.0,274.878,167.77,1638.4
208,bf16,1024,8192,8192,705,1215,54,50.0,137.439,167.77,819.2
209,bf16,2048,8192,8192,705,1215,54,50.0,274.878,201.33,1365.3
210,bf16,4096,8192,8192,705,1215,54,50.0,549.756,268.44,2048.0
211,bf16,8192,8192,8192,705,1215,54,50.0,1099.512,402.65,2730.7
212,bf16,1024,16384,16384,705,1215,54,50.0,549.756,603.98,910.2
213,bf16,2048,16384,16384,705,1215,54,50.0,1099.512,671.09,1638.4
214,bf16,4096,16384,16384,705,1215,54,50.0,2199.023,805.31,2730.7
215,bf16,8192,16384,16384,705,1215,54,50.0,4398.047,1073.74,4096.0
216,bf16,1024,4096,4096,705,1215,27,25.0,34.36,50.33,682.7
217,bf16,2048,4096,4096,705,1215,27,25.0,68.719,67.11,1024.0
218,bf16,4096,4096,4096,705,1215,27,25.0,137.439,100.66,1365.3
219,bf16,8192,4096,4096,705,1215,27,25.0,274.878,167.77,1638.4
220,bf16,1024,8192,8192,705,1215,27,25.0,137.439,167.77,819.2
221,bf16,2048,8192,8192,705,1215,27,25.0,274.878,201.33,1365.3
222,bf16,4096,8192,8192,705,1215,27,25.0,549.756,268.44,2048.0
223,bf16,8192,8192,8192,705,1215,27,25.0,1099.512,402.65,2730.7
224,bf16,1024,16384,16384,705,1215,27,25.0,549.756,603.98,910.2
225,bf16,2048,16384,16384,705,1215,27,25.0,1099.512,671.09,1638.4
226,bf16,4096,16384,16384,705,1215,27,25.0,2199.023,805.31,2730.7
227,bf16,8192,16384,16384,705,1215,27,25.0,4398.047,1073.74,4096.0
228,bf16,1024,4096,4096,705,1215,14,12.5,34.36,50.33,682.7
229,bf16,2048,4096,4096,705,1215,14,12.5,68.719,67.11,1024.0
230,bf16,4096,4096,4096,705,1215,14,12.5,137.439,100.66,1365.3
231,bf16,8192,4096,4096,705,1215,14,12.5,274.878,167.77,1638.4
232,bf16,1024,8192,8192,705,1215,14,12.5,137.439,167.77,819.2
233,bf16,2048,8192,8192,705,1215,14,12.5,274.878,201.33,1365.3
234,bf16,4096,8192,8192,705,1215,14,12.5,549.756,268.44,2048.0
235,bf16,8192,8192,8192,705,1215,14,12.5,1099.512,402.65,2730.7
236,bf16,1024,16384,16384,705,1215,14,12.5,549.756,603.98,910.2
237,bf16,2048,16384,16384,705,1215,14,12.5,1099.512,671.09,1638.4
238,bf16,4096,16384,16384,705,1215,14,12.5,2199.023,805.31,2730.7
239,bf16,8192,16384,16384,705,1215,14,12.5,4398.047,1073.74,4096.0
240,bf16,1024,4096,4096,510,1215,108,100.0,34.36,50.33,682.7
241,bf16,2048,4096,4096,510,1215,108,100.0,68.719,67.11,1024.0
242,bf16,4096,4096,4096,510,1215,108,100.0,137.439,100.66,1365.3
243,bf16,8192,4096,4096,510,1215,108,100.0,274.878,167.77,1638.4
244,bf16,1024,8192,8192,510,1215,108,100.0,137.439,167.77,819.2
245,bf16,2048,8192,8192,510,1215,108,100.0,274.878,201.33,1365.3
246,bf16,4096,8192,8192,510,1215,108,100.0,549.756,268.44,2048.0
247,bf16,8192,8192,8192,510,1215,108,100.0,1099.512,402.65,2730.7
248,bf16,1024,16384,16384,510,1215,108,100.0,549.756,603.98,910.2
249,bf16,2048,16384,16384,510,1215,108,100.0,1099.512,671.09,1638.4
250,bf16,4096,16384,16384,510,1215,108,100.0,2199.023,805.31,2730.7
251,bf16,8192,16384,16384,510,1215,108,100.0,4398.047,1073.74,4096.0
252,bf16,1024,4096,4096,510,1215,81,75.0,34.36,50.33,682.7
253,bf16,2048,4096,4096,510,1215,81,75.0,68.719,67.11,1024.0
254,bf16,4096,4096,4096,510,1215,81,75.0,137.439,100.66,1365.3
255,bf16,8192,4096,4096,510,1215,81,75.0,274.878,167.77,1638.4
256,bf16,1024,8192,8192,510,1215,81,75.0,137.439,167.77,819.2
257,bf16,2048,8192,8192,510,1215,81,75.0,274.878,201.33,1365.3
258,bf16,4096,8192,8192,510,1215,81,75.0,549.756,268.44,2048.0
259,bf16,8192,8192,8192,510,1215,81,75.0,1099.512,402.65,2730.7
260,bf16,1024,16384,16384,510,1215,81,75.0,549.756,603.98,910.2
261,bf16,2048,16384,16384,510,1215,81,75.0,1099.512,671.09,1638.4
262,bf16,4096,16384,16384,510,1215,81,75.0,2199.023,805.31,2730.7
263,bf16,8192,16384,16384,510,1215,81,75.0,4398.047,1073.74,4096.0
264,bf16,1024,4096,4096,510,1215,54,50.0,34.36,50.33,682.7
265,bf16,2048,4096,4096,510,1215,54,50.0,68.719,67.11,1024.0
266,bf16,4096,4096,4096,510,1215,54,50.0,137.439,100.66,1365.3
267,bf16,8192,4096,4096,510,1215,54,50.0,274.878,167.77,1638.4
268,bf16,1024,8192,8192,510,1215,54,50.0,137.439,167.77,819.2
269,bf16,2048,8192,8192,510,1215,54,50.0,274.878,201.33,1365.3
270,bf16,4096,8192,8192,510,1215,54,50.0,549.756,268.44,2048.0
271,bf16,8192,8192,8192,510,1215,54,50.0,1099.512,402.65,2730.7
272,bf16,1024,16384,16384,510,1215,54,50.0,549.756,603.98,910.2
273,bf16,2048,16384,16384,510,1215,54,50.0,1099.512,671.09,1638.4
274,bf16,4096,16384,16384,510,1215,54,50.0,2199.023,805.31,2730.7
275,bf16,8192,16384,16384,510,1215,54,50.0,4398.047,1073.74,4096.0
276,bf16,1024,4096,4096,510,1215,27,25.0,34.36,50.33,682.7
277,bf16,2048,4096,4096,510,1215,27,25.0,68.719,67.11,1024.0
278,bf16,4096,4096,4096,510,1215,27,25.0,137.439,100.66,1365.3
279,bf16,8192,4096,4096,510,1215,27,25.0,274.878,167.77,1638.4
280,bf16,1024,8192,8192,510,1215,27,25.0,137.439,167.77,819.2
281,bf16,2048,8192,8192,510,1215,27,25.0,274.878,201.33,1365.3
282,bf16,4096,8192,8192,510,1215,27,25.0,549.756,268.44,2048.0
283,bf16,8192,8192,8192,510,1215,27,25.0,1099.512,402.65,2730.7
284,bf16,1024,16384,16384,510,1215,27,25.0,549.756,603.98,910.2
285,bf16,2048,16384,16384,510,1215,27,25.0,1099.512,671.09,1638.4
286,bf16,4096,16384,16384,510,1215,27,25.0,2199.023,805.31,2730.7
287,bf16,8192,16384,16384,510,1215,27,25.0,4398.047,1073.74,4096.0
288,bf16,1024,4096,4096,510,1215,14,12.5,34.36,50.33,682.7
289,bf16,2048,4096,4096,510,1215,14,12.5,68.719,67.11,1024.0
290,bf16,4096,4096,4096,510,1215,14,12.5,137.439,100.66,1365.3
291,bf16,8192,4096,4096,510,1215,14,12.5,274.878,167.77,1638.4
292,bf16,1024,8192,8192,510,1215,14,12.5,137.439,167.77,819.2
293,bf16,2048,8192,8192,510,1215,14,12.5,274.878,201.33,1365.3
294,bf16,4096,8192,8192,510,1215,14,12.5,549.756,268.44,2048.0
295,bf16,8192,8192,8192,510,1215,14,12.5,1099.512,402.65,2730.7
296,bf16,1024,16384,16384,510,1215,14,12.5,549.756,603.98,910.2
297,bf16,2048,16384,16384,510,1215,14,12.5,1099.512,671.09,1638.4
298,bf16,4096,16384,16384,510,1215,14,12.5,2199.023,805.31,2730.7
299,bf16,8192,16384,16384,510,1215,14,12.5,4398.047,1073.74,4096.0
300,bf16,1024,4096,4096,300,1215,108,100.0,34.36,50.33,682.7
301,bf16,2048,4096,4096,300,1215,108,100.0,68.719,67.11,1024.0
302,bf16,4096,4096,4096,300,1215,108,100.0,137.439,100.66,1365.3
303,bf16,8192,4096,4096,300,1215,108,100.0,274.878,167.77,1638.4
304,bf16,1024,8192,8192,300,1215,108,100.0,137.439,167.77,819.2
305,bf16,2048,8192,8192,300,1215,108,100.0,274.878,201.33,1365.3
306,bf16,4096,8192,8192,300,1215,108,100.0,549.756,268.44,2048.0
307,bf16,8192,8192,8192,300,1215,108,100.0,1099.512,402.65,2730.7
308,bf16,1024,16384,16384,300,1215,108,100.0,549.756,603.98,910.2
309,bf16,2048,16384,16384,300,1215,108,100.0,1099.512,671.09,1638.4
310,bf16,4096,16384,16384,300,1215,108,100.0,2199.023,805.31,2730.7
311,bf16,8192,16384,16384,300,1215,108,100.0,4398.047,1073.74,4096.0
312,bf16,1024,4096,4096,300,1215,81,75.0,34.36,50.33,682.7
313,bf16,2048,4096,4096,300,1215,81,75.0,68.719,67.11,1024.0
314,bf16,4096,4096,4096,300,1215,81,75.0,137.439,100.66,1365.3
315,bf16,8192,4096,4096,300,1215,81,75.0,274.878,167.77,1638.4
316,bf16,1024,8192,8192,300,1215,81,75.0,137.439,167.77,819.2
317,bf16,2048,8192,8192,300,1215,81,75.0,274.878,201.33,1365.3
318,bf16,4096,8192,8192,300,1215,81,75.0,549.756,268.44,2048.0
319,bf16,8192,8192,8192,300,1215,81,75.0,1099.512,402.65,2730.7
320,bf16,1024,16384,16384,300,1215,81,75.0,549.756,603.98,910.2
321,bf16,2048,16384,16384,300,1215,81,75.0,1099.512,671.09,1638.4
322,bf16,4096,16384,16384,300,1215,81,75.0,2199.023,805.31,2730.7
323,bf16,8192,16384,16384,300,1215,81,75.0,4398.047,1073.74,4096.0
324,bf16,1024,4096,4096,300,1215,54,50.0,34.36,50.33,682.7
325,bf16,2048,4096,4096,300,1215,54,50.0,68.719,67.11,1024.0
326,bf16,4096,4096,4096,300,1215,54,50.0,137.439,100.66,1365.3
327,bf16,8192,4096,4096,300,1215,54,50.0,274.878,167.77,1638.4
328,bf16,1024,8192,8192,300,1215,54,50.0,137.439,167.77,819.2
329,bf16,2048,8192,8192,300,1215,54,50.0,274.878,201.33,1365.3
330,bf16,4096,8192,8192,300,1215,54,50.0,549.756,268.44,2048.0
331,bf16,8192,8192,8192,300,1215,54,50.0,1099.512,402.65,2730.7
332,bf16,1024,16384,16384,300,1215,54,50.0,549.756,603.98,910.2
333,bf16,2048,16384,16384,300,1215,54,50.0,1099.512,671.09,1638.4
334,bf16,4096,16384,16384,300,1215,54,50.0,2199.023,805.31,2730.7
335,bf16,8192,16384,16384,300,1215,54,50.0,4398.047,1073.74,4096.0
336,bf16,1024,4096,4096,300,1215,27,25.0,34.36,50.33,682.7
337,bf16,2048,4096,4096,300,1215,27,25.0,68.719,67.11,1024.0
338,bf16,4096,4096,4096,300,1215,27,25.0,137.439,100.66,1365.3
339,bf16,8192,4096,4096,300,1215,27,25.0,274.878,167.77,1638.4
340,bf16,1024,8192,8192,300,1215,27,25.0,137.439,167.77,819.2
341,bf16,2048,8192,8192,300,1215,27,25.0,274.878,201.33,1365.3
342,bf16,4096,8192,8192,300,1215,27,25.0,549.756,268.44,2048.0
343,bf16,8192,8192,8192,300,1215,27,25.0,1099.512,402.65,2730.7
344,bf16,1024,16384,16384,300,1215,27,25.0,549.756,603.98,910.2
345,bf16,2048,16384,16384,300,1215,27,25.0,1099.512,671.09,1638.4
346,bf16,4096,16384,16384,300,1215,27,25.0,2199.023,805.31,2730.7
347,bf16,8192,16384,16384,300,1215,27,25.0,4398.047,1073.74,4096.0
348,bf16,1024,4096,4096,300,1215,14,12.5,34.36,50.33,682.7
349,bf16,2048,4096,4096,300,1215,14,12.5,68.719,67.11,1024.0
350,bf16,4096,4096,4096,300,1215,14,12.5,137.439,100.66,1365.3
351,bf16,8192,4096,4096,300,1215,14,12.5,274.878,167.77,1638.4
352,bf16,1024,8192,8192,300,1215,14,12.5,137.439,167.77,819.2
353,bf16,2048,8192,8192,300,1215,14,12.5,274.878,201.33,1365.3
354,bf16,4096,8192,8192,300,1215,14,12.5,549.756,268.44,2048.0
355,bf16,8192,8192,8192,300,1215,14,12.5,1099.512,402.65,2730.7
356,bf16,1024,16384,16384,300,1215,14,12.5,549.756,603.98,910.2
357,bf16,2048,16384,16384,300,1215,14,12.5,1099.512,671.09,1638.4
358,bf16,4096,16384,16384,300,1215,14,12.5,2199.023,805.31,2730.7
359,bf16,8192,16384,16384,300,1215,14,12.5,4398.047,1073.74,4096.0
