clock_req_mhz,t_since_heat_s,temp_c,power_w,clock_sm,throttle
1200,1.2,44,71.912,1200,0
1200,1.26,44,71.912,1200,0
1200,1.31,44,71.912,1200,0
1200,1.36,44,71.912,1200,0
1200,1.41,44,71.912,1200,0
1200,1.46,43,71.912,1200,0
1200,1.51,43,71.912,1200,0
1200,1.56,43,71.912,1200,0
1200,1.61,43,71.912,1200,0
1200,1.66,43,71.912,1200,0
1200,1.71,43,71.912,1200,0
1200,1.76,43,71.713,1200,0
1200,1.81,43,71.713,1200,0
1200,1.86,43,71.64,1200,0
1200,1.91,43,71.64,1200,0
1200,1.96,43,71.64,1200,0
1200,2.01,43,71.64,1200,0
1200,2.06,43,71.64,1200,0
1200,2.11,43,71.64,1200,0
1200,2.16,43,71.64,1200,0
1200,2.21,43,71.64,1200,0
1200,2.26,43,71.64,1200,0
1200,2.31,43,71.64,1200,0
1200,2.37,43,71.312,1200,0
1200,2.42,43,71.312,1200,0
1200,2.47,42,71.64,1200,0
1200,2.52,42,71.64,1200,0
1200,2.57,42,71.312,1200,0
1200,2.62,42,71.312,1200,0
1200,2.67,42,71.312,1200,0
1200,2.72,42,71.312,1200,0
1200,2.77,42,71.312,1200,0
1200,2.82,42,71.312,1200,0
1200,2.87,42,71.386,1200,0
1200,2.92,42,71.312,1200,0
1200,2.97,42,71.312,1200,0
1200,3.02,42,71.312,1200,0
1200,3.07,42,71.312,1200,0
1200,3.12,42,71.312,1200,0
1200,3.17,42,71.312,1200,0
1200,3.22,42,71.312,1200,0
1200,3.27,42,71.312,1200,0
1200,3.32,42,71.312,1200,0
1200,3.37,42,71.312,1200,0
1200,3.42,42,71.312,1200,0
1200,3.47,42,71.312,1200,0
1200,3.52,42,71.04,1200,0
1200,3.57,42,71.04,1200,0
1200,3.62,42,71.04,1200,0
1200,3.67,42,71.04,1200,0
1200,3.72,42,71.312,1200,0
1200,3.77,42,71.312,1200,0
1200,3.82,42,71.04,1200,0
1200,3.87,42,71.04,1200,0
1200,3.92,42,71.04,1200,0
1200,3.98,42,71.04,1200,0
1200,4.03,42,71.04,1200,0
1200,4.08,42,71.04,1200,0
1200,4.13,41,71.04,1200,0
1200,4.18,41,71.04,1200,0
1200,4.23,41,71.04,1200,0
1200,4.28,41,71.04,1200,0
1200,4.33,41,71.113,1200,0
1200,4.38,41,71.113,1200,0
1200,4.43,41,71.04,1200,0
1200,4.48,41,71.04,1200,0
1200,4.53,41,71.04,1200,0
1200,4.58,41,71.04,1200,0
1200,4.63,41,71.04,1200,0
1200,4.68,41,71.04,1200,0
1200,4.73,41,71.04,1200,0
1200,4.78,41,71.04,1200,0
1200,4.83,41,71.113,1200,0
1200,4.88,41,71.113,1200,0
1200,4.93,41,71.04,1200,0
1200,4.98,41,71.04,1200,0
1200,5.03,41,70.767,1200,0
1200,5.08,41,70.767,1200,0
1200,5.13,41,70.84,1200,0
1200,5.18,41,70.84,1200,0
1200,5.23,41,70.84,1200,0
1200,5.28,41,70.84,1200,0
1200,5.33,41,71.113,1200,0
1200,5.38,41,71.113,1200,0
1200,5.43,41,70.767,1200,0
1200,5.48,41,70.767,1200,0
1200,5.53,41,70.767,1200,0
1200,5.58,41,70.767,1200,0
1200,5.63,41,70.84,1200,0
1200,5.69,41,70.84,1200,0
1200,5.74,41,70.767,1200,0
1200,5.79,41,70.767,1200,0
1200,5.84,41,70.767,1200,0
1200,5.89,41,70.767,1200,0
1200,5.94,41,70.767,1200,0
1200,5.99,41,70.767,1200,0
1200,6.04,41,70.767,1200,0
1200,6.09,41,70.767,1200,0
1200,6.14,41,70.767,1200,0
1200,6.19,41,70.767,1200,0
1200,6.24,41,70.767,1200,0
1200,6.29,41,70.767,1200,0
1200,6.34,41,70.84,1200,0
1200,6.39,41,70.84,1200,0
1200,6.44,41,70.767,1200,0
1200,6.49,41,70.767,1200,0
1200,6.54,40,70.767,1200,0
1200,6.59,40,70.767,1200,0
1200,6.64,40,70.767,1200,0
1200,6.69,40,70.767,1200,0
1200,6.74,40,70.767,1200,0
1200,6.79,40,70.767,1200,0
1200,6.84,40,70.767,1200,0
1200,6.89,40,70.767,1200,0
1200,6.94,40,70.767,1200,0
1200,6.99,40,70.767,1200,0
1200,7.04,40,70.767,1200,0
1200,7.09,40,70.767,1200,0
1200,7.14,40,70.767,1200,0
1200,7.19,40,70.767,1200,0
1200,7.24,40,70.767,1200,0
1200,7.3,40,70.767,1200,0
1200,7.35,40,70.767,1200,0
1200,7.4,40,70.767,1200,0
1200,7.45,40,70.767,1200,0
1200,7.5,40,70.767,1200,0
1200,7.55,40,70.84,1200,0
1200,7.6,40,70.84,1200,0
1200,7.65,40,70.84,1200,0
1200,7.7,40,70.84,1200,0
1200,7.75,40,70.767,1200,0
1200,7.8,40,70.767,1200,0
1200,7.85,40,70.432,1200,0
1200,7.9,40,70.432,1200,0
1200,7.95,40,70.767,1200,0
1200,8.0,40,70.767,1200,0
1200,8.05,40,70.432,1200,0
1200,8.1,40,70.432,1200,0
1200,8.15,40,70.767,1200,0
1200,8.2,40,70.767,1200,0
1200,8.25,40,70.432,1200,0
1200,8.3,40,70.432,1200,0
1200,8.35,40,70.432,1200,0
1200,8.4,40,70.432,1200,0
1200,8.45,40,70.432,1200,0
1200,8.5,40,70.432,1200,0
1200,8.55,40,70.432,1200,0
1200,8.6,40,70.432,1200,0
1200,8.65,40,70.432,1200,0
1200,8.7,40,70.432,1200,0
1200,8.75,40,70.432,1200,0
1200,8.8,40,70.432,1200,0
1200,8.85,40,70.432,1200,0
1200,8.9,40,70.432,1200,0
1200,8.95,40,70.432,1200,0
1200,9.01,40,70.432,1200,0
1200,9.06,40,70.432,1200,0
1200,9.11,40,70.432,1200,0
1200,9.16,40,70.432,1200,0
1200,9.21,40,70.432,1200,0
1200,9.26,40,70.432,1200,0
1200,9.31,40,70.432,1200,0
1200,9.36,40,70.432,1200,0
1200,9.41,40,70.432,1200,0
1200,9.46,40,70.432,1200,0
1200,9.51,40,70.432,1200,0
1200,9.56,40,70.432,1200,0
1200,9.61,40,70.432,1200,0
1200,9.66,40,70.432,1200,0
1200,9.71,40,70.432,1200,0
1200,9.76,40,70.432,1200,0
1200,9.81,40,70.432,1200,0
1200,9.86,40,70.432,1200,0
1200,9.91,40,70.432,1200,0
1200,9.96,40,70.432,1200,0
1200,10.01,40,70.432,1200,0
1200,10.06,40,70.432,1200,0
1200,10.11,40,70.432,1200,0
1200,10.16,39,70.432,1200,0
1200,10.21,39,70.432,1200,0
1200,10.26,39,70.504,1200,0
1200,10.31,39,70.504,1200,0
1200,10.36,39,70.432,1200,0
1200,10.41,39,70.432,1200,0
1200,10.46,39,70.432,1200,0
1200,10.51,39,70.432,1200,0
1200,10.56,39,70.432,1200,0
1200,10.61,39,70.432,1200,0
1200,10.66,39,70.432,1200,0
1200,10.71,39,70.432,1200,0
1200,10.77,39,70.159,1200,0
1200,10.82,39,70.159,1200,0
1200,10.87,39,70.432,1200,0
1200,10.92,39,70.432,1200,0
1200,10.97,39,70.231,1200,0
1200,11.02,39,70.231,1200,0
1200,11.07,39,70.432,1200,0
1200,11.12,39,70.432,1200,0
1200,11.17,39,70.231,1200,0
1200,11.22,39,70.231,1200,0
1200,11.27,39,70.231,1200,0
1200,11.32,39,70.231,1200,0
1200,11.37,39,70.159,1200,0
1200,11.42,39,70.159,1200,0
1200,11.47,39,70.231,1200,0
1200,11.52,39,70.231,1200,0
1200,11.57,39,70.231,1200,0
1200,11.62,39,70.231,1200,0
1200,11.67,39,70.231,1200,0
1200,11.72,39,70.159,1200,0
1200,11.77,39,70.159,1200,0
1200,11.82,39,70.231,1200,0
1200,11.87,39,70.231,1200,0
1200,11.92,39,70.159,1200,0
1200,11.97,39,70.159,1200,0
1200,12.02,39,70.159,1200,0
1200,12.07,39,70.159,1200,0
1200,12.12,39,70.159,1200,0
1200,12.17,39,70.159,1200,0
1200,12.22,39,70.159,1200,0
1200,12.27,39,70.159,1200,0
1200,12.32,39,70.159,1200,0
1200,12.37,39,70.159,1200,0
1200,12.43,39,70.159,1200,0
1200,12.48,39,70.159,1200,0
1200,12.53,39,70.159,1200,0
1200,12.58,39,70.159,1200,0
1200,12.63,39,70.159,1200,0
1200,12.68,39,70.159,1200,0
1200,12.73,39,70.159,1200,0
1200,12.78,39,70.159,1200,0
1200,12.83,39,70.159,1200,0
1200,12.88,39,70.159,1200,0
1200,12.93,39,70.159,1200,0
1200,12.98,39,70.159,1200,0
1200,13.03,39,70.231,1200,0
1200,13.08,39,70.231,1200,0
1200,13.13,39,70.159,1200,0
1200,13.18,39,70.159,1200,0
1200,13.23,39,70.231,1200,0
1200,13.28,39,70.231,1200,0
1200,13.33,39,69.904,1200,0
1200,13.38,39,69.904,1200,0
1200,13.43,39,70.159,1200,0
1200,13.48,39,70.159,1200,0
1200,13.53,39,70.159,1200,0
1200,13.58,39,70.159,1200,0
1200,13.63,39,70.231,1200,0
1200,13.68,39,70.231,1200,0
1200,13.73,39,70.159,1200,0
1200,13.78,39,70.159,1200,0
1200,13.83,39,70.159,1200,0
1200,13.88,39,70.159,1200,0
1200,13.93,39,70.159,1200,0
1200,13.98,39,70.159,1200,0
1200,14.03,39,70.159,1200,0
1200,14.08,39,70.159,1200,0
1200,14.14,39,70.159,1200,0
1200,14.19,39,70.159,1200,0
1200,14.24,39,69.832,1200,0
1200,14.29,39,69.832,1200,0
1200,14.34,39,70.159,1200,0
1200,14.39,39,70.159,1200,0
1200,14.44,39,69.832,1200,0
1200,14.49,39,69.832,1200,0
1200,14.54,39,69.904,1200,0
1200,14.59,39,69.904,1200,0
1200,14.64,39,69.832,1200,0
1200,14.69,39,69.832,1200,0
1200,14.74,39,69.832,1200,0
1200,14.79,39,69.832,1200,0
1200,14.84,39,69.832,1200,0
1200,14.89,39,69.832,1200,0
1200,14.94,39,69.904,1200,0
1200,14.99,39,69.904,1200,0
1200,15.04,38,69.832,1200,0
1200,15.09,38,69.832,1200,0
1200,15.14,38,69.832,1200,0
1200,15.19,38,69.832,1200,0
1200,15.24,38,69.832,1200,0
1200,15.29,38,69.832,1200,0
1200,15.34,38,69.832,1200,0
1200,15.39,38,69.832,1200,0
1200,15.44,38,69.832,1200,0
1200,15.49,38,69.832,1200,0
1200,15.54,38,69.832,1200,0
1200,15.59,38,69.832,1200,0
1200,15.64,38,69.832,1200,0
1200,15.69,38,69.832,1200,0
1200,15.74,38,69.832,1200,0
1200,15.79,38,69.832,1200,0
1200,15.85,38,69.832,1200,0
1200,15.9,38,69.832,1200,0
1200,15.95,38,69.832,1200,0
1200,16.0,38,69.832,1200,0
1200,16.05,38,69.832,1200,0
1200,16.1,38,69.832,1200,0
1200,16.15,38,69.904,1200,0
1200,16.2,38,69.904,1200,0
1200,16.25,38,69.904,1200,0
1200,16.3,38,69.904,1200,0
1200,16.35,38,69.832,1200,0
1200,16.4,38,69.832,1200,0
1200,16.45,38,69.832,1200,0
1200,16.5,38,69.832,1200,0
1200,16.55,38,69.832,1200,0
1200,16.6,38,69.832,1200,0
1200,16.65,38,69.832,1200,0
1200,16.7,38,69.832,1200,0
1200,16.75,38,69.832,1200,0
1200,16.8,38,69.832,1200,0
1200,16.85,38,69.832,1200,0
1200,16.9,38,69.832,1200,0
1200,16.95,38,69.904,1200,0
1200,17.0,38,69.904,1200,0
1200,17.05,38,69.904,1200,0
1200,17.1,38,69.904,1200,0
1200,17.15,38,69.832,1200,0
1200,17.2,38,69.832,1200,0
1200,17.25,38,69.904,1200,0
1200,17.3,38,69.904,1200,0
1200,17.35,38,69.904,1200,0
1200,17.4,38,69.904,1200,0
1200,17.45,38,69.832,1200,0
1200,17.51,38,69.832,1200,0
1200,17.56,38,69.832,1200,0
1200,17.61,38,69.832,1200,0
1200,17.66,38,69.832,1200,0
1200,17.71,38,69.832,1200,0
1200,17.76,38,69.904,1200,0
1200,17.81,38,69.904,1200,0
1200,17.86,38,69.832,1200,0
1200,17.91,38,69.832,1200,0
1200,17.96,38,69.832,1200,0
1200,18.01,38,69.832,1200,0
1200,18.06,38,69.904,1200,0
1200,18.11,38,69.904,1200,0
1200,18.16,38,69.904,1200,0
1200,18.21,38,69.904,1200,0
1200,18.26,38,69.832,1200,0
1200,18.31,38,69.832,1200,0
1200,18.36,38,69.904,1200,0
1200,18.41,38,69.904,1200,0
1200,18.46,38,69.904,1200,0
1200,18.51,38,69.904,1200,0
1200,18.56,38,69.631,1200,0
1200,18.61,38,69.631,1200,0
1200,18.66,38,69.832,1200,0
1200,18.71,38,69.832,1200,0
1200,18.76,38,69.631,1200,0
1200,18.81,38,69.631,1200,0
1200,18.86,38,69.904,1200,0
1200,18.91,38,69.904,1200,0
1200,18.96,38,69.832,1200,0
1200,19.01,38,69.832,1200,0
1200,19.06,38,69.832,1200,0
1200,19.11,38,69.832,1200,0
1200,19.17,38,69.832,1200,0
1200,19.22,38,69.832,1200,0
1200,19.27,38,69.832,1200,0
1200,19.32,38,69.832,1200,0
1200,19.37,38,69.559,1200,0
1200,19.42,38,69.559,1200,0
1200,19.47,38,69.832,1200,0
1200,19.52,38,69.832,1200,0
1200,19.57,38,69.559,1200,0
1200,19.62,38,69.559,1200,0
1200,19.67,38,69.832,1200,0
1200,19.72,38,69.832,1200,0
1200,19.77,38,69.559,1200,0
1200,19.82,38,69.559,1200,0
1200,19.87,38,69.631,1200,0
1200,19.92,38,69.631,1200,0
1200,19.97,38,69.631,1200,0
1200,20.02,38,69.631,1200,0
1200,20.07,38,69.904,1200,0
1200,20.12,38,69.904,1200,0
1200,20.17,38,69.559,1200,0
1200,20.22,38,69.631,1200,0
1200,20.27,38,69.631,1200,0
1200,20.32,38,69.559,1200,0
1200,20.37,38,69.559,1200,0
1200,20.42,38,69.832,1200,0
1200,20.47,38,69.832,1200,0
1200,20.52,38,69.631,1200,0
1200,20.57,38,69.631,1200,0
1200,20.62,38,69.832,1200,0
1200,20.67,38,69.832,1200,0
1200,20.72,38,69.559,1200,0
1200,20.77,38,69.559,1200,0
1200,20.82,38,69.832,1200,0
1200,20.87,38,69.832,1200,0
1200,20.92,38,69.559,1200,0
1200,20.97,38,69.559,1200,0
1200,21.02,38,69.904,1200,0
1200,21.08,38,69.904,1200,0
1200,21.13,38,69.631,1200,0
1200,21.18,38,69.631,1200,0
1200,21.23,38,69.559,1200,0
1200,21.28,38,69.559,1200,0
1200,21.33,38,69.559,1200,0
1200,21.38,38,69.559,1200,0
1200,21.43,38,69.559,1200,0
1200,21.48,38,69.559,1200,0
1200,21.53,38,69.631,1200,0
1200,21.58,38,69.631,1200,0
1200,21.63,37,69.559,1200,0
1200,21.68,37,69.559,1200,0
1200,21.73,37,69.559,1200,0
1200,21.78,37,69.559,1200,0
1200,21.83,37,69.631,1200,0
1200,21.88,37,69.631,1200,0
1200,21.93,37,69.631,1200,0
1200,21.98,37,69.631,1200,0
1200,22.03,37,69.559,1200,0
1200,22.08,37,69.559,1200,0
1200,22.13,37,69.559,1200,0
1200,22.18,37,69.559,1200,0
1200,22.23,37,69.559,1200,0
1200,22.28,37,69.559,1200,0
1200,22.33,37,69.631,1200,0
1200,22.38,37,69.631,1200,0
1200,22.43,37,69.559,1200,0
1200,22.48,37,69.559,1200,0
1200,22.53,37,69.559,1200,0
1200,22.58,37,69.559,1200,0
1200,22.63,37,69.559,1200,0
1200,22.68,37,69.559,1200,0
1200,22.73,37,69.559,1200,0
1200,22.78,37,69.559,1200,0
1200,22.84,37,69.559,1200,0
1200,22.89,37,69.559,1200,0
1200,22.94,37,69.559,1200,0
1200,22.99,37,69.559,1200,0
1200,23.04,37,69.631,1200,0
1200,23.09,37,69.631,1200,0
1200,23.14,37,69.559,1200,0
1200,23.19,37,69.559,1200,0
1200,23.24,37,69.559,1200,0
1200,23.29,37,69.559,1200,0
1200,23.34,37,69.559,1200,0
1200,23.39,37,69.559,1200,0
1200,23.44,37,69.559,1200,0
1200,23.49,37,69.559,1200,0
1200,23.54,37,69.559,1200,0
1200,23.59,37,69.559,1200,0
1200,23.64,37,69.559,1200,0
1200,23.69,37,69.559,1200,0
1200,23.74,37,69.559,1200,0
1200,23.79,37,69.559,1200,0
1200,23.84,37,69.631,1200,0
1200,23.89,37,69.631,1200,0
1200,23.94,37,69.631,1200,0
1200,23.99,37,69.631,1200,0
1200,24.04,37,69.559,1200,0
1200,24.09,37,69.559,1200,0
1200,24.14,37,69.559,1200,0
1200,24.19,37,69.559,1200,0
1200,24.24,37,69.559,1200,0
1200,24.29,37,69.559,1200,0
1200,24.34,37,69.559,1200,0
1200,24.39,37,69.559,1200,0
1200,24.44,37,69.559,1200,0
1200,24.49,37,69.559,1200,0
1200,24.54,37,69.631,1200,0
1200,24.6,37,69.631,1200,0
1200,24.65,37,69.559,1200,0
1200,24.7,37,69.559,1200,0
1200,24.75,37,69.559,1200,0
1200,24.8,37,69.559,1200,0
1200,24.85,37,69.631,1200,0
1200,24.9,37,69.631,1200,0
1200,24.95,37,69.631,1200,0
1200,25.0,37,69.631,1200,0
1200,25.05,37,69.559,1200,0
1200,25.1,37,69.559,1200,0
1200,25.15,37,69.559,1200,0
1200,25.2,37,69.559,1200,0
1200,25.25,37,69.631,1200,0
1200,25.3,37,69.631,1200,0
1200,25.35,37,69.631,1200,0
1200,25.4,37,69.631,1200,0
1200,25.45,37,69.631,1200,0
1200,25.5,37,69.631,1200,0
1200,25.55,37,69.559,1200,0
1200,25.6,37,69.559,1200,0
1200,25.65,37,69.631,1200,0
1200,25.7,37,69.631,1200,0
1200,25.75,37,69.559,1200,0
1200,25.8,37,69.559,1200,0
1200,25.85,37,69.559,1200,0
1200,25.9,37,69.559,1200,0
1200,25.95,37,69.559,1200,0
1200,26.0,37,69.559,1200,0
1200,26.05,37,69.358,1200,0
1200,26.1,37,69.358,1200,0
1200,26.15,37,69.631,1200,0
1200,26.21,37,69.631,1200,0
1200,26.26,37,69.559,1200,0
1200,26.31,37,69.559,1200,0
1200,26.36,37,69.559,1200,0
1200,26.41,37,69.559,1200,0
1200,26.46,37,69.559,1200,0
1200,26.51,37,69.559,1200,0
1200,26.56,37,69.559,1200,0
1200,26.61,37,69.559,1200,0
1200,26.66,37,69.358,1200,0
1200,26.71,37,69.358,1200,0
1200,26.76,37,69.631,1200,0
1200,26.81,37,69.631,1200,0
1200,26.86,37,69.631,1200,0
1200,26.91,37,69.631,1200,0
1200,26.96,37,69.358,1200,0
1200,27.01,37,69.358,1200,0
1200,27.06,37,69.286,1200,0
1200,27.11,37,69.286,1200,0
1200,27.16,37,69.286,1200,0
1200,27.21,37,69.286,1200,0
1200,27.26,37,69.286,1200,0
1200,27.31,37,69.286,1200,0
1200,27.36,37,69.286,1200,0
1200,27.41,37,69.286,1200,0
1200,27.46,37,69.286,1200,0
1200,27.51,37,69.286,1200,0
1200,27.56,37,69.358,1200,0
1200,27.61,37,69.358,1200,0
1200,27.66,37,69.631,1200,0
1200,27.71,37,69.631,1200,0
1200,27.76,37,69.559,1200,0
1200,27.81,37,69.559,1200,0
1200,27.86,37,69.286,1200,0
1200,27.92,37,69.286,1200,0
1200,27.97,37,69.358,1200,0
1200,28.02,37,69.358,1200,0
1200,28.07,37,69.286,1200,0
1200,28.12,37,69.286,1200,0
1200,28.17,37,69.559,1200,0
1200,28.22,37,69.559,1200,0
1200,28.27,37,69.358,1200,0
1200,28.32,37,69.358,1200,0
1200,28.37,37,69.559,1200,0
1200,28.42,37,69.559,1200,0
1200,28.47,37,69.358,1200,0
1200,28.52,37,69.358,1200,0
1200,28.57,37,69.286,1200,0
1200,28.62,37,69.286,1200,0
1200,28.67,37,69.286,1200,0
1200,28.72,37,69.286,1200,0
1200,28.77,37,69.358,1200,0
1200,28.82,37,69.358,1200,0
1200,28.87,37,69.286,1200,0
1200,28.92,37,69.631,1200,0
1200,28.97,37,69.631,1200,0
1200,29.02,37,69.358,1200,0
1200,29.07,37,69.358,1200,0
1200,29.12,37,69.358,1200,0
1200,29.18,37,69.358,1200,0
1200,29.23,37,69.358,1200,0
1200,29.28,37,69.358,1200,0
1200,29.33,37,69.358,1200,0
1200,29.38,37,69.358,1200,0
1200,29.43,37,69.286,1200,0
1200,29.48,37,69.286,1200,0
1200,29.53,37,69.286,1200,0
1200,29.58,37,69.286,1200,0
1200,29.63,37,69.286,1200,0
1200,29.68,37,69.286,1200,0
1200,29.73,37,69.358,1200,0
1200,29.78,37,69.358,1200,0
1200,29.83,37,69.286,1200,0
1200,29.88,37,69.286,1200,0
1200,29.93,37,69.286,1200,0
1200,29.98,37,69.286,1200,0
1200,30.03,37,69.286,1200,0
1200,30.08,37,69.286,1200,0
1200,30.13,37,69.358,1200,0
1200,30.18,37,69.358,1200,0
1200,30.23,37,69.358,1200,0
1200,30.28,37,69.358,1200,0
1200,30.33,37,69.358,1200,0
1200,30.38,37,69.358,1200,0
1200,30.43,37,69.358,1200,0
1200,30.48,37,69.358,1200,0
1200,30.53,37,69.286,1200,0
1200,30.58,37,69.286,1200,0
1200,30.63,37,69.286,1200,0
1200,30.68,37,69.286,1200,0
1200,30.73,37,69.286,1200,0
1200,30.78,37,69.286,1200,0
1200,30.83,37,69.358,1200,0
1200,30.88,37,69.358,1200,0
1200,30.93,37,69.358,1200,0
1200,30.99,37,69.358,1200,0
1200,31.04,37,69.286,1200,0
1200,31.09,37,69.286,1200,0
1200,31.14,37,69.358,1200,0
1200,31.19,37,69.358,1200,0
1200,31.24,37,69.286,1200,0
1200,31.29,37,69.286,1200,0
1200,31.34,37,69.358,1200,0
1200,31.39,37,69.358,1200,0
1200,31.44,37,69.286,1200,0
1200,31.49,37,69.286,1200,0
1200,31.54,37,69.286,1200,0
1200,31.59,37,69.286,1200,0
1200,31.64,36,69.286,1200,0
1200,31.69,36,69.286,1200,0
1200,31.74,36,69.358,1200,0
1200,31.79,36,69.358,1200,0
1200,31.84,36,69.358,1200,0
1200,31.89,36,69.358,1200,0
1200,31.94,36,69.286,1200,0
1200,31.99,36,69.286,1200,0
1200,32.04,36,69.286,1200,0
1200,32.09,36,69.286,1200,0
1200,32.14,36,69.286,1200,0
1200,32.19,36,69.286,1200,0
1200,32.24,36,69.358,1200,0
1200,32.29,36,69.358,1200,0
1200,32.34,36,69.358,1200,0
1200,32.39,36,69.358,1200,0
1200,32.44,36,69.286,1200,0
1200,32.49,36,69.286,1200,0
1200,32.54,36,69.358,1200,0
1200,32.59,36,69.358,1200,0
1200,32.64,36,69.358,1200,0
1200,32.69,36,69.358,1200,0
1200,32.74,36,69.286,1200,0
1200,32.79,36,69.286,1200,0
1200,32.85,36,69.358,1200,0
1200,32.9,36,69.358,1200,0
1200,32.95,36,69.358,1200,0
1200,33.0,36,69.358,1200,0
1200,33.05,36,69.286,1200,0
1200,33.1,36,69.286,1200,0
1200,33.15,36,69.286,1200,0
1200,33.2,36,69.286,1200,0
1200,33.25,36,69.286,1200,0
1200,33.3,36,69.286,1200,0
1200,33.35,36,69.286,1200,0
1200,33.4,36,69.286,1200,0
1200,33.45,36,69.358,1200,0
1200,33.5,36,69.358,1200,0
1200,33.55,36,69.022,1200,0
1200,33.6,36,69.022,1200,0
1200,33.65,36,69.358,1200,0
1200,33.7,36,69.358,1200,0
1200,33.75,36,69.358,1200,0
1200,33.8,36,69.358,1200,0
1200,33.85,36,69.358,1200,0
1200,33.9,36,69.358,1200,0
1200,33.95,36,69.358,1200,0
1200,34.0,36,69.358,1200,0
1200,34.05,36,69.358,1200,0
1200,34.1,36,69.358,1200,0
1200,34.15,36,69.022,1200,0
1200,34.2,36,69.022,1200,0
1200,34.25,36,69.286,1200,0
1200,34.3,36,69.286,1200,0
1200,34.35,36,69.358,1200,0
1200,34.4,36,69.358,1200,0
1200,34.45,36,69.358,1200,0
1200,34.5,36,69.358,1200,0
1200,34.55,36,69.286,1200,0
1200,34.6,36,69.286,1200,0
1200,34.66,36,69.286,1200,0
1200,34.71,36,69.286,1200,0
1200,34.76,36,69.286,1200,0
1200,34.81,36,69.286,1200,0
1200,34.86,36,69.358,1200,0
1200,34.91,36,69.358,1200,0
1200,34.96,36,69.286,1200,0
1200,35.01,36,69.286,1200,0
1200,35.06,36,69.286,1200,0
1200,35.11,36,69.286,1200,0
1200,35.16,36,69.286,1200,0
1200,35.21,36,69.286,1200,0
1200,35.26,36,68.951,1200,0
1200,35.31,36,68.951,1200,0
1200,35.36,36,69.358,1200,0
1200,35.41,36,69.358,1200,0
1200,35.46,36,68.951,1200,0
1200,35.51,36,68.951,1200,0
1200,35.56,36,69.358,1200,0
1200,35.61,36,69.358,1200,0
1200,35.66,36,69.286,1200,0
1200,35.71,36,69.286,1200,0
1200,35.76,36,69.286,1200,0
1200,35.81,36,69.286,1200,0
1200,35.86,36,69.286,1200,0
1200,35.91,36,69.286,1200,0
1200,35.96,36,69.286,1200,0
1200,36.01,36,69.286,1200,0
1200,36.06,36,68.951,1200,0
1200,36.11,36,68.951,1200,0
1200,36.16,36,68.951,1200,0
1200,36.21,36,69.286,1200,0
1200,36.26,36,69.286,1200,0
1200,36.31,36,69.286,1200,0
1200,36.36,36,69.358,1200,0
1200,36.42,36,69.358,1200,0
1200,36.47,36,68.951,1200,0
1200,36.52,36,68.951,1200,0
1200,36.57,36,69.358,1200,0
1200,36.62,36,69.358,1200,0
1200,36.67,36,68.951,1200,0
1200,36.72,36,68.951,1200,0
1200,36.77,36,69.286,1200,0
1200,36.82,36,69.286,1200,0
1200,36.87,36,68.951,1200,0
1200,36.92,36,68.951,1200,0
1200,36.97,36,69.358,1200,0
1200,37.02,36,69.358,1200,0
1200,37.07,36,68.951,1200,0
1200,37.12,36,68.951,1200,0
1200,37.17,36,69.286,1200,0
1200,37.22,36,69.286,1200,0
1200,37.27,36,69.022,1200,0
1200,37.32,36,69.022,1200,0
1200,37.37,36,69.358,1200,0
1200,37.42,36,69.358,1200,0
1200,37.47,36,68.951,1200,0
1200,37.52,36,68.951,1200,0
1200,37.57,36,69.286,1200,0
1200,37.62,36,69.286,1200,0
1200,37.67,36,69.358,1200,0
1200,37.72,36,69.286,1200,0
1200,37.77,36,69.286,1200,0
1200,37.82,36,69.022,1200,0
1200,37.87,36,69.022,1200,0
1200,37.92,36,69.286,1200,0
1200,37.97,36,69.286,1200,0
1200,38.02,36,68.951,1200,0
1200,38.07,36,68.951,1200,0
1200,38.12,36,68.951,1200,0
1200,38.17,36,68.951,1200,0
1200,38.23,36,69.286,1200,0
1200,38.28,36,69.286,1200,0
1200,38.33,36,68.951,1200,0
1200,38.38,36,68.951,1200,0
1200,38.43,36,69.022,1200,0
1200,38.48,36,69.022,1200,0
1200,38.53,36,69.286,1200,0
1200,38.58,36,69.286,1200,0
1200,38.63,36,68.951,1200,0
1200,38.68,36,68.951,1200,0
1200,38.73,36,69.286,1200,0
1200,38.78,36,69.286,1200,0
1200,38.83,36,68.951,1200,0
1200,38.88,36,68.951,1200,0
1200,38.93,36,69.286,1200,0
1200,38.98,36,69.286,1200,0
1200,39.03,36,68.951,1200,0
1200,39.08,36,68.951,1200,0
1200,39.13,36,68.951,1200,0
1200,39.18,36,68.951,1200,0
1200,39.23,36,68.951,1200,0
1200,39.28,36,68.951,1200,0
1200,39.33,36,68.951,1200,0
1200,39.38,36,68.951,1200,0
1200,39.43,36,69.022,1200,0
1200,39.48,36,69.022,1200,0
1200,39.53,36,69.022,1200,0
1200,39.58,36,69.022,1200,0
1200,39.63,36,68.951,1200,0
1200,39.68,36,68.951,1200,0
1200,39.73,36,68.951,1200,0
1200,39.78,36,68.951,1200,0
1200,39.83,36,68.951,1200,0
1200,39.88,36,68.951,1200,0
1200,39.93,36,69.022,1200,0
1200,39.99,36,69.022,1200,0
1200,40.04,36,69.022,1200,0
1200,41.04,36,68.951,1200,0
1200,42.04,36,68.951,1200,0
1200,43.04,36,68.951,1200,0
1200,44.04,36,69.022,1200,0
1200,45.04,36,69.022,1200,0
1200,46.04,36,68.951,1200,0
1200,47.04,36,68.951,1200,0
1200,48.04,36,68.951,1200,0
1200,49.04,36,68.951,1200,0
1200,50.04,35,68.951,1200,0
1200,51.04,35,69.022,1200,0
1200,52.04,35,68.749,1200,0
1200,53.04,35,68.951,1200,0
1200,54.04,35,68.951,1200,0
1200,55.04,35,68.951,1200,0
1200,56.04,35,68.951,1200,0
1200,57.04,35,68.951,1200,0
1200,58.04,35,68.749,1200,0
1200,59.04,35,68.749,1200,0
1200,60.04,35,68.749,1200,0
1200,61.04,35,69.022,1200,0
1200,62.04,35,69.022,1200,0
1200,63.04,35,68.749,1200,0
1200,64.04,35,68.679,1200,0
1200,65.04,35,68.749,1200,0
1200,66.04,35,68.679,1200,0
1200,67.04,35,68.749,1200,0
1200,68.05,35,68.749,1200,0
1200,69.05,35,68.749,1200,0
1200,70.05,35,68.679,1200,0
1200,71.05,35,68.749,1200,0
1200,72.05,35,68.749,1200,0
1200,73.05,35,68.749,1200,0
1200,74.05,35,68.749,1200,0
1200,75.05,35,68.679,1200,0
1200,76.05,35,68.749,1200,0
1200,77.05,35,68.749,1200,0
1200,78.05,35,68.679,1200,0
1200,79.05,35,68.679,1200,0
1200,80.05,35,68.749,1200,0
1200,81.05,35,68.679,1200,0
1200,82.05,35,68.679,1200,0
1200,83.05,35,68.749,1200,0
1200,84.05,35,68.679,1200,0
1200,85.05,35,68.749,1200,0
1200,86.05,35,68.679,1200,0
1200,87.05,35,68.749,1200,0
1200,88.05,35,68.679,1200,0
1200,89.05,35,68.679,1200,0
1200,90.05,35,68.749,1200,0
1200,91.05,35,68.749,1200,0
1200,92.05,35,68.679,1200,0
1200,93.05,35,68.749,1200,0
1200,94.06,35,68.679,1200,0
1200,95.06,35,68.749,1200,0
1200,96.06,35,68.679,1200,0
1200,97.06,35,68.679,1200,0
1200,98.06,35,68.406,1200,0
1200,99.06,35,68.476,1200,0
1200,100.06,35,68.749,1200,0
1200,101.06,35,68.679,1200,0
1200,102.06,35,68.679,1200,0
1200,103.06,35,68.679,1200,0
1200,104.06,35,68.749,1200,0
1200,105.06,35,68.679,1200,0
1200,106.06,34,68.476,1200,0
1200,107.06,35,68.406,1200,0
1200,108.06,35,68.476,1200,0
1200,109.06,34,68.679,1200,0
1200,110.06,34,68.749,1200,0
1200,111.06,34,68.749,1200,0
1200,112.06,34,68.406,1200,0
1200,113.06,34,68.406,1200,0
1200,114.06,34,68.406,1200,0
1200,115.06,34,68.476,1200,0
1200,116.06,34,68.476,1200,0
1200,117.06,34,68.679,1200,0
1200,118.06,34,68.476,1200,0
1200,119.06,34,68.406,1200,0
1200,120.06,34,68.679,1200,0
1200,121.07,34,68.406,1200,0
1200,122.07,34,68.406,1200,0
1200,123.07,34,68.406,1200,0
1200,124.07,34,68.406,1200,0
1200,125.07,34,68.476,1200,0
1200,126.07,34,68.406,1200,0
1200,127.07,34,68.679,1200,0
1200,128.07,34,68.406,1200,0
1200,129.07,34,68.476,1200,0
1200,130.07,34,68.476,1200,0
1200,131.07,34,68.476,1200,0
1200,132.07,34,68.476,1200,0
1200,133.07,34,68.476,1200,0
1200,134.07,34,68.406,1200,0
1200,135.07,34,68.406,1200,0
1200,136.07,34,68.476,1200,0
1200,137.07,34,68.679,1200,0
1200,138.07,34,68.406,1200,0
1200,139.07,34,68.406,1200,0
1200,140.07,34,68.406,1200,0
1200,141.07,34,68.476,1200,0
1200,142.07,34,68.476,1200,0
1200,143.07,34,68.476,1200,0
1200,144.07,34,68.476,1200,0
1200,145.07,34,68.476,1200,0
1200,146.07,34,68.476,1200,0
1200,147.07,34,68.476,1200,0
1200,148.07,34,68.476,1200,0
1200,149.08,34,68.406,1200,0
1200,150.08,34,68.406,1200,0
1200,151.08,34,68.406,1200,0
1200,152.08,34,68.406,1200,0
1200,153.08,34,68.476,1200,0
1200,154.08,34,68.406,1200,0
1200,155.08,34,68.476,1200,0
1200,156.08,34,68.406,1200,0
1200,157.08,34,68.476,1200,0
1200,158.08,34,68.406,1200,0
1200,159.08,34,68.406,1200,0
1200,160.08,34,68.476,1200,0
1200,161.08,34,68.476,1200,0
1200,162.08,34,68.476,1200,0
1200,163.08,34,68.476,1200,0
1200,164.08,34,68.406,1200,0
1200,165.08,34,68.406,1200,0
1200,166.08,34,68.476,1200,0
1200,167.08,34,68.406,1200,0
1200,168.08,34,68.476,1200,0
1200,169.08,34,68.476,1200,0
1200,170.08,34,68.406,1200,0
1200,171.08,34,68.679,1200,0
1200,172.08,34,68.406,1200,0
1200,173.08,34,68.406,1200,0
1200,174.08,34,68.476,1200,0
1200,175.09,34,68.476,1200,0
1200,176.09,34,68.406,1200,0
1200,177.09,34,68.406,1200,0
1200,178.09,34,68.476,1200,0
1200,179.09,34,68.406,1200,0
1200,180.09,34,68.406,1200,0
1200,181.09,34,68.476,1200,0
1200,182.09,34,68.476,1200,0
1200,183.09,34,68.476,1200,0
1200,184.09,34,68.476,1200,0
1200,185.09,34,68.476,1200,0
1200,186.09,34,68.406,1200,0
1200,187.09,34,68.406,1200,0
1200,188.09,34,68.476,1200,0
1200,189.09,34,68.476,1200,0
1200,190.09,34,68.476,1200,0
1200,191.09,34,68.476,1200,0
1200,192.09,34,68.406,1200,0
1200,193.09,34,68.476,1200,0
1200,194.09,34,68.406,1200,0
1200,195.09,34,68.406,1200,0
1200,196.09,34,68.476,1200,0
1200,197.09,34,68.406,1200,0
1200,198.09,34,68.476,1200,0
1200,199.09,34,68.476,1200,0
1200,200.1,34,68.476,1200,0
1200,201.1,34,68.406,1200,0
1200,202.1,34,68.406,1200,0
1200,203.1,34,68.476,1200,0
1200,204.1,34,68.406,1200,0
1200,205.1,34,68.476,1200,0
1200,206.1,34,68.476,1200,0
1200,207.1,34,68.476,1200,0
1200,208.1,34,68.476,1200,0
1200,209.1,34,68.406,1200,0
1200,210.1,34,68.476,1200,0
1200,211.1,34,68.476,1200,0
1200,212.1,34,68.476,1200,0
1200,213.1,34,68.406,1200,0
1200,214.1,34,68.476,1200,0
1200,215.1,34,68.679,1200,0
1200,216.1,34,68.476,1200,0
1200,217.1,34,68.406,1200,0
1200,218.1,34,68.476,1200,0
1200,219.1,34,68.476,1200,0
1200,220.1,34,68.406,1200,0
1200,221.1,34,68.406,1200,0
1200,222.1,34,68.406,1200,0
1200,223.1,34,68.406,1200,0
1200,224.1,34,68.476,1200,0
1200,225.1,34,68.406,1200,0
1200,226.1,34,68.476,1200,0
1200,227.1,34,68.406,1200,0
1200,228.11,34,68.476,1200,0
1200,229.11,34,68.406,1200,0
1200,230.11,34,68.406,1200,0
1200,231.11,34,68.406,1200,0
1200,232.11,34,68.476,1200,0
1200,233.11,34,68.476,1200,0
1200,234.11,34,68.476,1200,0
1200,235.11,34,68.406,1200,0
1200,236.11,34,68.476,1200,0
1200,237.11,34,68.406,1200,0
1200,238.11,34,68.406,1200,0
1200,239.11,34,68.476,1200,0
300,1.2,44,59.243,300,0
300,1.25,43,59.243,300,0
300,1.3,43,59.243,300,0
300,1.35,43,59.243,300,0
300,1.4,43,59.243,300,0
300,1.45,43,58.97,300,0
300,1.5,43,58.97,300,0
300,1.55,43,59.03,300,0
300,1.6,43,59.03,300,0
300,1.65,43,59.03,300,0
300,1.7,43,59.03,300,0
300,1.75,43,59.03,300,0
300,1.8,43,59.03,300,0
300,1.85,43,58.97,300,0
300,1.9,43,58.97,300,0
300,1.95,42,58.643,300,0
300,2.0,42,58.643,300,0
300,2.06,42,58.703,300,0
300,2.11,42,58.703,300,0
300,2.16,42,58.643,300,0
300,2.21,42,58.643,300,0
300,2.26,42,58.643,300,0
300,2.31,42,58.643,300,0
300,2.36,42,58.643,300,0
300,2.41,42,58.703,300,0
300,2.46,42,58.703,300,0
300,2.51,42,58.643,300,0
300,2.56,42,58.643,300,0
300,2.61,42,58.643,300,0
300,2.66,42,58.643,300,0
300,2.71,42,58.643,300,0
300,2.76,42,58.643,300,0
300,2.81,42,58.643,300,0
300,2.86,42,58.643,300,0
300,2.91,42,58.703,300,0
300,2.96,42,58.703,300,0
300,3.01,41,58.37,300,0
300,3.06,41,58.37,300,0
300,3.11,41,58.37,300,0
300,3.16,41,58.37,300,0
300,3.21,41,58.37,300,0
300,3.26,41,58.37,300,0
300,3.31,41,58.37,300,0
300,3.36,41,58.37,300,0
300,3.41,41,58.37,300,0
300,3.46,41,58.37,300,0
300,3.51,41,58.37,300,0
300,3.56,41,58.37,300,0
300,3.62,41,58.37,300,0
300,3.67,41,58.37,300,0
300,3.72,41,58.37,300,0
300,3.77,41,58.37,300,0
300,3.82,41,58.37,300,0
300,3.87,41,58.37,300,0
300,3.92,41,58.37,300,0
300,3.97,41,58.37,300,0
300,4.02,41,58.37,300,0
300,4.07,41,58.37,300,0
300,4.12,41,58.37,300,0
300,4.17,41,58.37,300,0
300,4.22,41,58.37,300,0
300,4.27,41,58.37,300,0
300,4.32,41,58.37,300,0
300,4.37,41,58.37,300,0
300,4.42,41,58.37,300,0
300,4.47,41,58.43,300,0
300,4.52,41,58.703,300,0
300,4.57,41,58.703,300,0
300,4.62,41,58.37,300,0
300,4.67,41,58.37,300,0
300,4.72,40,58.37,300,0
300,4.77,40,58.37,300,0
300,4.82,40,58.37,300,0
300,4.87,40,58.37,300,0
300,4.92,40,58.37,300,0
300,4.97,40,58.37,300,0
300,5.02,40,58.37,300,0
300,5.07,40,58.37,300,0
300,5.12,40,58.37,300,0
300,5.17,40,58.37,300,0
300,5.22,40,58.43,300,0
300,5.27,40,58.43,300,0
300,5.32,40,58.43,300,0
300,5.38,40,58.43,300,0
300,5.43,40,58.43,300,0
300,5.48,40,58.43,300,0
300,5.53,40,58.43,300,0
300,5.58,40,58.43,300,0
300,5.63,40,58.37,300,0
300,5.68,40,58.37,300,0
300,5.73,40,58.37,300,0
300,5.78,40,58.37,300,0
300,5.83,40,58.37,300,0
300,5.88,40,58.37,300,0
300,5.93,40,58.37,300,0
300,5.98,40,58.37,300,0
300,6.03,40,58.37,300,0
300,6.08,40,58.37,300,0
300,6.13,40,58.43,300,0
300,6.18,40,58.43,300,0
300,6.23,40,58.37,300,0
300,6.28,40,58.37,300,0
300,6.33,40,58.37,300,0
300,6.38,40,58.37,300,0
300,6.43,40,58.37,300,0
300,6.48,40,58.37,300,0
300,6.53,40,58.37,300,0
300,6.58,40,58.37,300,0
300,6.63,40,58.094,300,0
300,6.68,40,58.094,300,0
300,6.73,40,58.094,300,0
300,6.78,40,58.094,300,0
300,6.83,40,58.035,300,0
300,6.88,40,58.035,300,0
300,6.93,40,58.035,300,0
300,6.98,40,58.035,300,0
300,7.03,40,58.035,300,0
300,7.08,40,58.035,300,0
300,7.13,40,58.094,300,0
300,7.18,40,58.094,300,0
300,7.24,39,58.094,300,0
300,7.29,39,58.094,300,0
300,7.34,39,58.035,300,0
300,7.39,39,58.035,300,0
300,7.44,39,58.035,300,0
300,7.49,39,58.035,300,0
300,7.54,39,58.035,300,0
300,7.59,39,58.035,300,0
300,7.64,39,58.035,300,0
300,7.69,39,58.035,300,0
300,7.74,39,58.035,300,0
300,7.79,39,58.035,300,0
300,7.84,39,58.035,300,0
300,7.89,39,58.035,300,0
300,7.94,39,58.035,300,0
300,7.99,39,58.035,300,0
300,8.04,39,58.094,300,0
300,8.09,39,58.094,300,0
300,8.14,39,58.094,300,0
300,8.19,39,58.094,300,0
300,8.24,39,58.035,300,0
300,8.29,39,58.035,300,0
300,8.34,39,58.094,300,0
300,8.39,39,58.094,300,0
300,8.44,39,58.094,300,0
300,8.49,39,58.094,300,0
300,8.54,39,58.094,300,0
300,8.59,39,58.094,300,0
300,8.64,39,58.035,300,0
300,8.69,39,58.035,300,0
300,8.74,39,58.094,300,0
300,8.79,39,58.094,300,0
300,8.84,39,58.094,300,0
300,8.89,39,58.094,300,0
300,8.94,39,58.035,300,0
300,8.99,39,58.035,300,0
300,9.05,39,57.821,300,0
300,9.1,39,57.821,300,0
300,9.15,39,58.094,300,0
300,9.2,39,58.094,300,0
300,9.25,39,58.094,300,0
300,9.3,39,58.094,300,0
300,9.35,39,58.094,300,0
300,9.4,39,58.094,300,0
300,9.45,39,58.035,300,0
300,9.5,39,58.035,300,0
300,9.55,39,57.762,300,0
300,9.6,39,57.762,300,0
300,9.65,39,58.094,300,0
300,9.7,39,58.094,300,0
300,9.75,39,57.821,300,0
300,9.8,39,57.821,300,0
300,9.85,39,58.094,300,0
300,9.9,39,58.094,300,0
300,9.95,39,57.762,300,0
300,10.0,39,57.762,300,0
300,10.05,39,57.821,300,0
300,10.1,39,57.821,300,0
300,10.15,39,57.821,300,0
300,10.2,39,57.821,300,0
300,10.25,39,57.821,300,0
300,10.3,39,57.821,300,0
300,10.35,39,57.821,300,0
300,10.4,39,57.821,300,0
300,10.45,39,57.821,300,0
300,10.5,39,57.821,300,0
300,10.55,38,57.821,300,0
300,10.6,38,57.821,300,0
300,10.65,38,57.762,300,0
300,10.7,38,57.762,300,0
300,10.75,38,57.762,300,0
300,10.81,38,57.762,300,0
300,10.86,38,57.762,300,0
300,10.91,38,57.762,300,0
300,10.96,38,57.821,300,0
300,11.01,38,57.821,300,0
300,11.06,38,57.762,300,0
300,11.11,38,57.762,300,0
300,11.16,38,57.821,300,0
300,11.21,38,57.821,300,0
300,11.26,38,57.762,300,0
300,11.31,38,57.821,300,0
300,11.36,38,57.821,300,0
300,11.41,38,57.762,300,0
300,11.46,38,57.762,300,0
300,11.51,38,57.762,300,0
300,11.56,38,57.762,300,0
300,11.61,38,57.821,300,0
300,11.66,38,57.821,300,0
300,11.71,38,57.821,300,0
300,11.76,38,57.821,300,0
300,11.81,38,57.762,300,0
300,11.86,38,57.762,300,0
300,11.91,38,57.821,300,0
300,11.96,38,57.821,300,0
300,12.01,38,57.821,300,0
300,12.06,38,57.821,300,0
300,12.11,38,57.821,300,0
300,12.16,38,57.821,300,0
300,12.21,38,57.821,300,0
300,12.26,38,57.821,300,0
300,12.31,38,57.762,300,0
300,12.36,38,57.762,300,0
300,12.41,38,57.821,300,0
300,12.47,38,57.821,300,0
300,12.52,38,57.762,300,0
300,12.57,38,57.762,300,0
300,12.62,38,57.821,300,0
300,12.67,38,57.821,300,0
300,12.72,38,57.762,300,0
300,12.77,38,57.762,300,0
300,12.82,38,57.821,300,0
300,12.87,38,57.821,300,0
300,12.92,38,57.821,300,0
300,12.97,38,57.821,300,0
300,13.02,38,57.821,300,0
300,13.07,38,57.821,300,0
300,13.12,38,57.762,300,0
300,13.17,38,57.762,300,0
300,13.22,38,57.548,300,0
300,13.27,38,57.548,300,0
300,13.32,38,57.821,300,0
300,13.37,38,57.821,300,0
300,13.42,38,57.821,300,0
300,13.47,38,57.821,300,0
300,13.52,38,57.821,300,0
300,13.57,38,57.821,300,0
300,13.62,38,57.489,300,0
300,13.67,38,57.489,300,0
300,13.72,38,57.548,300,0
300,13.77,38,57.548,300,0
300,13.82,38,57.548,300,0
300,13.87,38,57.548,300,0
300,13.92,38,57.762,300,0
300,13.97,38,57.762,300,0
300,14.02,38,57.548,300,0
300,14.07,38,57.548,300,0
300,14.13,38,57.821,300,0
300,14.18,38,57.821,300,0
300,14.23,38,57.548,300,0
300,14.28,38,57.548,300,0
300,14.33,38,57.489,300,0
300,14.38,38,57.489,300,0
300,14.43,38,57.548,300,0
300,14.48,38,57.548,300,0
300,14.53,38,57.548,300,0
300,14.58,38,57.548,300,0
300,14.63,38,57.548,300,0
300,14.68,38,57.548,300,0
300,14.73,38,57.489,300,0
300,14.78,38,57.489,300,0
300,14.83,38,57.548,300,0
300,14.88,38,57.548,300,0
300,14.93,38,57.548,300,0
300,14.98,38,57.548,300,0
300,15.03,38,57.548,300,0
300,15.08,38,57.548,300,0
300,15.13,37,57.548,300,0
300,15.18,37,57.548,300,0
300,15.23,37,57.548,300,0
300,15.28,37,57.548,300,0
300,15.33,37,57.548,300,0
300,15.38,37,57.548,300,0
300,15.43,37,57.489,300,0
300,15.48,37,57.489,300,0
300,15.53,37,57.548,300,0
300,15.58,37,57.548,300,0
300,15.63,37,57.489,300,0
300,15.68,37,57.489,300,0
300,15.73,37,57.548,300,0
300,15.78,37,57.548,300,0
300,15.83,37,57.489,300,0
300,15.88,37,57.489,300,0
300,15.93,37,57.548,300,0
300,15.99,37,57.548,300,0
300,16.04,37,57.489,300,0
300,16.09,37,57.489,300,0
300,16.14,37,57.548,300,0
300,16.19,37,57.548,300,0
300,16.24,37,57.489,300,0
300,16.29,37,57.489,300,0
300,16.34,37,57.489,300,0
300,16.39,37,57.489,300,0
300,16.44,37,57.489,300,0
300,16.49,37,57.489,300,0
300,16.54,37,57.548,300,0
300,16.59,37,57.548,300,0
300,16.64,37,57.548,300,0
300,16.69,37,57.548,300,0
300,16.74,37,57.548,300,0
300,16.79,37,57.548,300,0
300,16.84,37,57.548,300,0
300,16.89,37,57.548,300,0
300,16.94,37,57.489,300,0
300,16.99,37,57.489,300,0
300,17.04,37,57.548,300,0
300,17.09,37,57.548,300,0
300,17.14,37,57.489,300,0
300,17.19,37,57.489,300,0
300,17.24,37,57.489,300,0
300,17.29,37,57.489,300,0
300,17.34,37,57.548,300,0
300,17.39,37,57.548,300,0
300,17.44,37,57.548,300,0
300,17.49,37,57.548,300,0
300,17.54,37,57.548,300,0
300,17.59,37,57.548,300,0
300,17.64,37,57.548,300,0
300,17.69,37,57.548,300,0
300,17.75,37,57.548,300,0
300,17.8,37,57.548,300,0
300,17.85,37,57.548,300,0
300,17.9,37,57.548,300,0
300,17.95,37,57.489,300,0
300,18.0,37,57.489,300,0
300,18.05,37,57.489,300,0
300,18.1,37,57.489,300,0
300,18.15,37,57.489,300,0
300,18.2,37,57.489,300,0
300,18.25,37,57.548,300,0
300,18.3,37,57.548,300,0
300,18.35,37,57.548,300,0
300,18.4,37,57.548,300,0
300,18.45,37,57.162,300,0
300,18.5,37,57.162,300,0
300,18.55,37,57.548,300,0
300,18.6,37,57.548,300,0
300,18.65,37,57.489,300,0
300,18.7,37,57.489,300,0
300,18.75,37,57.162,300,0
300,18.8,37,57.162,300,0
300,18.85,37,57.489,300,0
300,18.9,37,57.489,300,0
300,18.95,37,57.162,300,0
300,19.0,37,57.162,300,0
300,19.05,37,57.162,300,0
300,19.1,37,57.162,300,0
300,19.15,37,57.162,300,0
300,19.2,37,57.162,300,0
300,19.25,37,57.162,300,0
300,19.3,37,57.162,300,0
300,19.35,37,57.221,300,0
300,19.4,37,57.221,300,0
300,19.46,37,57.162,300,0
300,19.51,37,57.162,300,0
300,19.56,37,57.162,300,0
300,19.61,37,57.162,300,0
300,19.66,37,57.221,300,0
300,19.71,37,57.221,300,0
300,19.76,37,57.221,300,0
300,19.81,37,57.221,300,0
300,19.86,37,57.221,300,0
300,19.91,37,57.221,300,0
300,19.96,37,57.221,300,0
300,20.01,37,57.221,300,0
300,20.06,37,57.221,300,0
300,20.11,37,57.221,300,0
300,20.16,37,57.162,300,0
300,20.21,37,57.162,300,0
300,20.26,37,57.162,300,0
300,20.31,37,57.221,300,0
300,20.36,37,57.221,300,0
300,20.41,37,57.548,300,0
300,20.46,37,57.548,300,0
300,20.51,37,57.221,300,0
300,20.56,37,57.221,300,0
300,20.61,37,57.489,300,0
300,20.66,37,57.489,300,0
300,20.71,37,57.162,300,0
300,20.76,37,57.162,300,0
300,20.81,37,57.162,300,0
300,20.86,37,57.162,300,0
300,20.91,37,57.162,300,0
300,20.96,37,57.162,300,0
300,21.01,37,57.162,300,0
300,21.06,37,57.162,300,0
300,21.11,36,57.162,300,0
300,21.16,36,57.162,300,0
300,21.21,36,57.162,300,0
300,21.26,36,57.162,300,0
300,21.32,36,57.162,300,0
300,21.37,36,57.162,300,0
300,21.42,36,57.162,300,0
300,21.47,36,57.162,300,0
300,21.52,36,57.162,300,0
300,21.57,36,57.162,300,0
300,21.62,36,57.162,300,0
300,21.67,36,57.162,300,0
300,21.72,36,57.221,300,0
300,21.77,36,57.221,300,0
300,21.82,36,57.162,300,0
300,21.87,36,57.162,300,0
300,21.92,36,57.162,300,0
300,21.97,36,57.162,300,0
300,22.02,36,57.221,300,0
300,22.07,36,57.221,300,0
300,22.12,36,57.221,300,0
300,22.17,36,57.221,300,0
300,22.22,36,57.221,300,0
300,22.27,36,57.221,300,0
300,22.32,36,57.221,300,0
300,22.37,36,57.221,300,0
300,22.42,36,57.162,300,0
300,22.47,36,57.162,300,0
300,22.52,36,57.162,300,0
300,22.57,36,57.162,300,0
300,22.62,36,57.162,300,0
300,22.67,36,57.162,300,0
300,22.72,36,57.162,300,0
300,22.77,36,57.162,300,0
300,22.82,36,57.162,300,0
300,22.87,36,57.162,300,0
300,22.92,36,57.162,300,0
300,22.98,36,57.162,300,0
300,23.03,36,57.162,300,0
300,23.08,36,57.162,300,0
300,23.13,36,57.221,300,0
300,23.18,36,57.221,300,0
300,23.23,36,57.221,300,0
300,23.28,36,57.221,300,0
300,23.33,36,57.162,300,0
300,23.38,36,57.162,300,0
300,23.43,36,57.162,300,0
300,23.48,36,57.162,300,0
300,23.53,36,57.162,300,0
300,23.58,36,57.162,300,0
300,23.63,36,57.221,300,0
300,23.68,36,57.221,300,0
300,23.73,36,57.221,300,0
300,23.78,36,57.221,300,0
300,23.83,36,57.221,300,0
300,23.88,36,57.221,300,0
300,23.93,36,57.162,300,0
300,23.98,36,57.162,300,0
300,24.03,36,57.221,300,0
300,24.08,36,57.221,300,0
300,24.13,36,57.162,300,0
300,24.18,36,57.162,300,0
300,24.23,36,57.162,300,0
300,24.28,36,57.162,300,0
300,24.33,36,57.221,300,0
300,24.38,36,57.221,300,0
300,24.43,36,57.162,300,0
300,24.48,36,57.162,300,0
300,24.53,36,57.162,300,0
300,24.59,36,57.162,300,0
300,24.64,36,57.162,300,0
300,24.69,36,57.162,300,0
300,24.74,36,57.221,300,0
300,24.79,36,57.221,300,0
300,24.84,36,57.162,300,0
300,24.89,36,57.162,300,0
300,24.94,36,57.162,300,0
300,24.99,36,57.162,300,0
300,25.04,36,57.162,300,0
300,25.09,36,57.162,300,0
300,25.14,36,57.162,300,0
300,25.19,36,57.162,300,0
300,25.24,36,57.162,300,0
300,25.29,36,57.162,300,0
300,25.34,36,57.162,300,0
300,25.39,36,57.162,300,0
300,25.44,36,57.162,300,0
300,25.49,36,57.162,300,0
300,25.54,36,57.162,300,0
300,25.59,36,57.162,300,0
300,25.64,36,56.889,300,0
300,25.69,36,56.889,300,0
300,25.74,36,57.162,300,0
300,25.79,36,57.162,300,0
300,25.84,36,56.889,300,0
300,25.89,36,56.889,300,0
300,25.94,36,57.162,300,0
300,25.99,36,57.162,300,0
300,26.04,36,57.162,300,0
300,26.09,36,57.162,300,0
300,26.14,36,56.889,300,0
300,26.19,36,56.889,300,0
300,26.24,36,56.889,300,0
300,26.29,36,56.889,300,0
300,26.34,36,57.221,300,0
300,26.4,36,57.221,300,0
300,26.45,36,56.948,300,0
300,26.5,36,56.948,300,0
300,26.55,36,56.948,300,0
300,26.6,36,56.948,300,0
300,26.65,36,56.889,300,0
300,26.7,36,56.889,300,0
300,26.75,36,56.889,300,0
300,26.8,36,56.889,300,0
300,26.85,36,56.889,300,0
300,26.9,36,56.889,300,0
300,26.95,36,56.889,300,0
300,27.0,36,56.889,300,0
300,27.05,36,56.889,300,0
300,27.1,36,56.889,300,0
300,27.15,36,56.889,300,0
300,27.2,36,56.889,300,0
300,27.25,36,56.889,300,0
300,27.3,36,56.889,300,0
300,27.35,36,57.221,300,0
300,27.4,36,57.221,300,0
300,27.45,36,57.221,300,0
300,27.5,36,57.221,300,0
300,27.55,36,56.948,300,0
300,27.6,36,56.948,300,0
300,27.65,36,56.889,300,0
300,27.7,36,56.889,300,0
300,27.75,36,56.889,300,0
300,27.8,36,56.889,300,0
300,27.85,36,56.889,300,0
300,27.9,36,56.889,300,0
300,27.95,36,56.889,300,0
300,28.0,36,56.889,300,0
300,28.05,36,56.948,300,0
300,28.1,36,56.948,300,0
300,28.15,36,56.889,300,0
300,28.2,36,56.889,300,0
300,28.25,36,56.948,300,0
300,28.3,36,56.948,300,0
300,28.35,36,56.889,300,0
300,28.41,36,56.889,300,0
300,28.46,36,56.948,300,0
300,28.51,36,56.948,300,0
300,28.56,36,56.948,300,0
300,28.61,36,56.948,300,0
300,28.66,36,56.948,300,0
300,28.71,36,56.948,300,0
300,28.76,36,56.948,300,0
300,28.81,36,56.948,300,0
300,28.86,36,56.889,300,0
300,28.91,36,56.889,300,0
300,28.96,36,56.889,300,0
300,29.01,36,56.889,300,0
300,29.06,36,56.889,300,0
300,29.11,36,56.889,300,0
300,29.16,36,56.948,300,0
300,29.21,36,56.948,300,0
300,29.26,36,56.889,300,0
300,29.31,36,56.889,300,0
300,29.36,36,56.948,300,0
300,29.41,36,56.948,300,0
300,29.46,35,56.948,300,0
300,29.51,35,56.948,300,0
300,29.56,35,56.948,300,0
300,29.61,35,56.889,300,0
300,29.66,36,56.889,300,0
300,29.71,35,56.948,300,0
300,29.76,35,56.948,300,0
300,29.81,35,56.889,300,0
300,29.86,35,56.889,300,0
300,29.91,35,56.889,300,0
300,29.96,35,56.889,300,0
300,30.01,35,56.948,300,0
300,30.06,35,56.948,300,0
300,30.12,35,56.889,300,0
300,30.17,35,56.889,300,0
300,30.22,35,56.948,300,0
300,30.27,35,56.948,300,0
300,30.32,35,56.889,300,0
300,30.37,35,56.889,300,0
300,30.42,35,56.889,300,0
300,30.47,35,56.889,300,0
300,30.52,35,56.948,300,0
300,30.57,35,56.948,300,0
300,30.62,35,56.948,300,0
300,30.67,35,56.948,300,0
300,30.72,35,56.889,300,0
300,30.77,35,56.889,300,0
300,30.82,35,56.889,300,0
300,30.87,35,56.889,300,0
300,30.92,35,56.889,300,0
300,30.97,35,56.889,300,0
300,31.02,35,56.948,300,0
300,31.07,35,56.948,300,0
300,31.12,35,56.889,300,0
300,31.17,35,56.889,300,0
300,31.22,35,56.889,300,0
300,31.27,35,56.889,300,0
300,31.32,35,56.889,300,0
300,31.37,35,56.889,300,0
300,31.42,35,56.889,300,0
300,31.47,35,56.889,300,0
300,31.52,35,56.948,300,0
300,31.57,35,56.948,300,0
300,31.62,35,56.889,300,0
300,31.67,35,56.889,300,0
300,31.72,35,56.889,300,0
300,31.77,35,56.889,300,0
300,31.83,35,56.948,300,0
300,31.88,35,56.948,300,0
300,31.93,35,56.948,300,0
300,31.98,35,56.948,300,0
300,32.03,35,56.889,300,0
300,32.08,35,56.889,300,0
300,32.13,35,56.948,300,0
300,32.18,35,56.948,300,0
300,32.23,35,56.889,300,0
300,32.28,35,56.889,300,0
300,32.33,35,56.948,300,0
300,32.38,35,56.948,300,0
300,32.43,35,56.889,300,0
300,32.48,35,56.889,300,0
300,32.53,35,56.889,300,0
300,32.58,35,56.889,300,0
300,32.63,35,56.948,300,0
300,32.68,35,56.948,300,0
300,32.73,35,56.948,300,0
300,32.78,35,56.948,300,0
300,32.83,35,56.889,300,0
300,32.88,35,56.889,300,0
300,32.93,35,56.889,300,0
300,32.98,35,56.889,300,0
300,33.03,35,56.889,300,0
300,33.08,35,56.889,300,0
300,33.13,35,56.889,300,0
300,33.18,35,56.889,300,0
300,33.23,35,56.889,300,0
300,33.28,35,56.889,300,0
300,33.33,35,56.889,300,0
300,33.38,35,56.889,300,0
300,33.43,35,56.948,300,0
300,33.48,35,56.948,300,0
300,33.53,35,56.889,300,0
300,33.58,35,56.889,300,0
300,33.64,35,56.889,300,0
300,33.69,35,56.889,300,0
300,33.74,35,56.889,300,0
300,33.79,35,56.889,300,0
300,33.84,35,56.948,300,0
300,33.89,35,56.948,300,0
300,33.94,35,56.889,300,0
300,33.99,35,56.889,300,0
300,34.04,35,56.889,300,0
300,34.09,35,56.889,300,0
300,34.14,35,56.889,300,0
300,34.19,35,56.889,300,0
300,34.24,35,56.889,300,0
300,34.29,35,56.889,300,0
300,34.34,35,56.948,300,0
300,34.39,35,56.948,300,0
300,34.44,35,56.948,300,0
300,34.49,35,56.948,300,0
300,34.54,35,56.889,300,0
300,34.59,35,56.889,300,0
300,34.64,35,56.948,300,0
300,34.69,35,56.948,300,0
300,34.74,35,56.948,300,0
300,34.79,35,56.948,300,0
300,34.84,35,56.889,300,0
300,34.89,35,56.889,300,0
300,34.94,35,56.948,300,0
300,34.99,35,56.948,300,0
300,35.04,35,56.889,300,0
300,35.09,35,56.889,300,0
300,35.14,35,56.889,300,0
300,35.19,35,56.889,300,0
300,35.24,35,56.889,300,0
300,35.29,35,56.889,300,0
300,35.34,35,56.889,300,0
300,35.4,35,56.889,300,0
300,35.45,35,56.889,300,0
300,35.5,35,56.889,300,0
300,35.55,35,56.889,300,0
300,35.6,35,56.889,300,0
300,35.65,35,56.889,300,0
300,35.7,35,56.889,300,0
300,35.75,35,56.889,300,0
300,35.8,35,56.889,300,0
300,35.85,35,56.948,300,0
300,35.9,35,56.948,300,0
300,35.95,35,56.889,300,0
300,36.0,35,56.889,300,0
300,36.05,35,56.889,300,0
300,36.1,35,56.889,300,0
300,36.15,35,56.889,300,0
300,36.2,35,56.889,300,0
300,36.25,35,56.948,300,0
300,36.3,35,56.948,300,0
300,36.35,35,56.667,300,0
300,36.4,35,56.667,300,0
300,36.45,35,56.948,300,0
300,36.5,35,56.948,300,0
300,36.55,35,56.948,300,0
300,36.6,35,56.948,300,0
300,36.65,35,56.889,300,0
300,36.7,35,56.889,300,0
300,36.75,35,56.889,300,0
300,36.8,35,56.889,300,0
300,36.85,35,56.667,300,0
300,36.9,35,56.667,300,0
300,36.95,35,56.948,300,0
300,37.0,35,56.948,300,0
300,37.05,35,56.889,300,0
300,37.1,35,56.889,300,0
300,37.15,35,56.948,300,0
300,37.21,35,56.948,300,0
300,37.26,35,56.609,300,0
300,37.31,35,56.609,300,0
300,37.36,35,56.609,300,0
300,37.41,35,56.609,300,0
300,37.46,35,56.667,300,0
300,37.51,35,56.667,300,0
300,37.56,35,56.667,300,0
300,37.61,35,56.667,300,0
300,37.66,35,56.948,300,0
300,37.71,35,56.948,300,0
300,37.76,35,56.667,300,0
300,37.81,35,56.667,300,0
300,37.86,35,56.889,300,0
300,37.91,35,56.889,300,0
300,37.96,35,56.889,300,0
300,38.01,35,56.889,300,0
300,38.06,35,56.948,300,0
300,38.11,35,56.948,300,0
300,38.16,35,56.667,300,0
300,38.21,35,56.667,300,0
300,38.26,35,56.667,300,0
300,38.31,35,56.667,300,0
300,38.36,35,56.667,300,0
300,38.41,35,56.667,300,0
300,38.46,35,56.609,300,0
300,38.51,35,56.609,300,0
300,38.56,35,56.889,300,0
300,38.61,35,56.889,300,0
300,38.66,35,56.609,300,0
300,38.71,35,56.609,300,0
300,38.76,35,56.948,300,0
300,38.81,35,56.667,300,0
300,38.86,35,56.667,300,0
300,38.91,35,56.948,300,0
300,38.96,35,56.948,300,0
300,39.01,35,56.667,300,0
300,39.06,35,56.667,300,0
300,39.12,35,56.889,300,0
300,39.17,35,56.889,300,0
300,39.22,35,56.667,300,0
300,39.27,35,56.667,300,0
300,39.32,35,56.609,300,0
300,39.37,35,56.609,300,0
300,39.42,35,56.609,300,0
300,39.47,35,56.609,300,0
300,39.52,35,56.948,300,0
300,39.57,35,56.948,300,0
300,39.62,35,56.609,300,0
300,39.67,35,56.609,300,0
300,39.72,35,56.948,300,0
300,39.77,35,56.948,300,0
300,39.82,35,56.609,300,0
300,39.87,35,56.609,300,0
300,39.92,35,56.667,300,0
300,39.97,35,56.667,300,0
300,40.02,35,56.667,300,0
300,41.02,35,56.667,300,0
300,42.02,35,56.609,300,0
300,43.02,35,56.667,300,0
300,44.02,34,56.667,300,0
300,45.02,34,56.667,300,0
300,46.02,34,56.667,300,0
300,47.02,34,56.609,300,0
300,48.02,34,56.609,300,0
300,49.02,34,56.667,300,0
300,50.02,34,56.609,300,0
300,51.02,34,56.667,300,0
300,52.02,34,56.609,300,0
300,53.02,34,56.609,300,0
300,54.02,34,56.609,300,0
300,55.03,34,56.609,300,0
300,56.03,34,56.609,300,0
