m,n,k,freq_mhz,sm_count,gflop,latency_ms,power_w,energy_mj,gflops,throttled
1024,4096,4096,300,14,34.36,5.334186553955078,53.644,0.286,6441.4,False
1024,4096,4096,300,27,34.36,2.364586671193441,56.597,0.134,14531.0,False
1024,4096,4096,300,54,34.36,1.4399147033691406,54.248,0.078,23862.3,False
1024,4096,4096,300,81,34.36,0.9770666758219401,49.83,0.049,35166.2,False
1024,4096,4096,300,108,34.36,0.9705813725789388,49.551,0.048,35401.2,False
1024,4096,4096,510,14,34.36,3.152554512023926,56.318,0.178,10899.0,False
1024,4096,4096,510,27,34.36,1.399295965830485,57.135,0.08,24555.0,False
1024,4096,4096,510,54,34.36,0.8552107016245524,53.047,0.045,40176.9,False
1024,4096,4096,510,81,34.36,0.579584002494812,50.427,0.029,59283.4,False
1024,4096,4096,510,108,34.36,0.577023983001709,50.104,0.029,59546.5,False
1024,4096,4096,705,14,34.36,2.282837390899658,57.737,0.132,15051.3,False
1024,4096,4096,705,27,34.36,1.016319990158081,51.024,0.052,33808.0,False
1024,4096,4096,705,54,34.36,0.6231040159861246,51.303,0.032,55142.9,False
1024,4096,4096,705,81,34.36,0.4230826695760091,57.194,0.024,81212.8,False
1024,4096,4096,705,108,34.36,0.4222293297449748,51.303,0.022,81377.0,False
1024,4096,4096,900,14,34.36,1.7916587193806965,58.342,0.105,19177.6,False
1024,4096,4096,900,27,34.36,0.7980373700459799,53.977,0.043,43055.3,False
1024,4096,4096,900,54,34.36,0.4901546637217204,52.504,0.026,70099.8,False
1024,4096,4096,900,81,34.36,0.3331413269042969,53.977,0.018,103138.6,False
1024,4096,4096,900,108,34.36,0.33177600304285687,58.07,0.019,103563.1,False
1024,4096,4096,1200,14,34.36,1.3460480372111003,66.513,0.09,25526.4,False
1024,4096,4096,1200,27,34.36,0.6010880072911581,63.907,0.038,57162.6,False
1024,4096,4096,1200,54,34.36,0.3686399857203166,63.032,0.023,93206.8,False
1024,4096,4096,1200,81,34.36,0.2525866627693176,62.163,0.016,136031.5,False
1024,4096,4096,1200,108,34.36,0.2510506709416707,60.953,0.015,136863.8,False
1024,4096,4096,1410,14,34.36,1.1494399706522624,78.78,0.091,29892.6,False
1024,4096,4096,1410,27,34.36,0.5128533442815145,83.194,0.043,66997.2,False
1024,4096,4096,1410,54,34.36,0.31470932563145954,76.162,0.024,109179.3,False
1024,4096,4096,1410,81,34.36,0.21555199225743613,74.42,0.016,159403.5,False
1024,4096,4096,1410,108,34.36,0.21708800395329794,72.073,0.016,158275.6,False
1024,8192,8192,300,14,137.439,20.279125213623047,58.20709090909091,1.18,6777.4,False
1024,8192,8192,300,27,137.439,9.210880279541016,68.34100000000001,0.629,14921.4,False
1024,8192,8192,300,54,137.439,4.6373545328776045,79.16689999999998,0.367,29637.4,False
1024,8192,8192,300,81,137.439,3.3868799209594727,88.06460000000001,0.298,40579.8,False
1024,8192,8192,300,108,137.439,2.4415574073791504,100.91959999999999,0.246,56291.5,False
1024,8192,8192,510,14,137.439,11.948885599772135,64.9494,0.776,11502.2,False
1024,8192,8192,510,27,137.439,5.427541097005208,80.2488,0.436,25322.5,False
1024,8192,8192,510,54,137.439,2.7386881510416665,97.02529999999999,0.266,50184.2,False
1024,8192,8192,510,81,137.439,2.0019200642903647,110.2807,0.221,68653.6,False
1024,8192,8192,510,108,137.439,1.4501546223958333,134.5712,0.195,94775.4,False
1024,8192,8192,705,14,137.439,8.643754959106445,70.5545,0.61,15900.4,False
1024,8192,8192,705,27,137.439,3.932842572530111,91.37729999999999,0.359,34946.5,False
1024,8192,8192,705,54,137.439,1.9824639956156414,113.11770000000001,0.224,69327.3,False
1024,8192,8192,705,81,137.439,1.4564693768819172,124.98910000000001,0.182,94364.5,False
1024,8192,8192,705,108,137.439,1.0567680199940999,164.9664,0.174,130055.9,False
1024,8192,8192,900,14,137.439,6.771029154459636,77.3972,0.524,20298.1,False
1024,8192,8192,900,27,137.439,3.082922617594401,101.2797,0.312,44580.7,False
1024,8192,8192,900,54,137.439,1.5552852948506672,134.4821,0.209,88369.0,False
1024,8192,8192,900,81,137.439,1.1461973190307617,158.76500000000001,0.182,119908.6,False
1024,8192,8192,900,108,137.439,0.8304639657338461,205.78988888888887,0.171,165496.6,False
1024,8192,8192,1200,14,137.439,5.086037317911784,101.27250000000001,0.515,27022.8,False
1024,8192,8192,1200,27,137.439,2.316117286682129,142.90119999999996,0.331,59340.2,False
1024,8192,8192,1200,54,137.439,1.1682133674621582,188.8922,0.221,117648.8,False
1024,8192,8192,1200,81,137.439,0.8639146486918131,250.4258888888889,0.216,159088.6,False
1024,8192,8192,1200,108,137.439,0.6273706754048666,316.03200000000004,0.198,219071.4,False
1024,8192,8192,1410,14,137.439,4.334591865539551,136.8011,0.593,31707.5,False
1024,8192,8192,1410,27,137.439,1.976319948832194,210.62959999999998,0.416,69542.9,False
1024,8192,8192,1410,54,137.439,0.9960107008616129,312.5726,0.311,137989.4,False
1024,8192,8192,1410,81,137.439,0.7374506791432699,387.4154444444445,0.286,186370.4,False
1024,8192,8192,1410,108,137.439,0.5357226530710856,399.04375,0.214,256548.7,False
1024,16384,16384,300,14,549.756,78.40238952636719,60.75209090909091,4.763,7012.0,False
1024,16384,16384,300,27,549.756,36.49740854899088,68.34918181818183,2.495,15062.9,False
1024,16384,16384,300,54,549.756,18.218495686848957,79.31036363636363,1.445,30175.7,False
1024,16384,16384,300,81,549.756,12.760917663574219,82.97500000000001,1.059,43081.2,False
1024,16384,16384,300,108,549.756,9.13322639465332,101.43560000000002,0.926,60192.9,False
1024,16384,16384,510,14,549.756,46.130859375,68.15472727272727,3.144,11917.3,False
1024,16384,16384,510,27,549.756,21.482666015625,77.19172727272726,1.658,25590.7,False
1024,16384,16384,510,54,549.756,10.728277842203775,98.9117,1.061,51243.6,False
1024,16384,16384,510,81,549.756,7.51803716023763,117.87869999999998,0.886,73124.9,False
1024,16384,16384,510,108,549.756,5.379413604736328,135.6127,0.73,102196.2,False
1024,16384,16384,705,14,549.756,33.3851318359375,74.79027272727272,2.497,16467.1,False
1024,16384,16384,705,27,549.756,15.543807983398438,90.6071,1.408,35368.2,False
1024,16384,16384,705,54,549.756,7.760213216145833,110.42159999999998,0.857,70842.9,False
1024,16384,16384,705,81,549.756,5.445632298787435,128.00690000000003,0.697,100953.5,False
1024,16384,16384,705,108,549.756,3.902463912963867,166.90829999999997,0.651,140874.0,False
1024,16384,16384,900,14,549.756,26.1572265625,82.53581818181816,2.159,21017.4,False
1024,16384,16384,900,27,549.756,12.183211008707682,103.6241,1.262,45124.0,False
1024,16384,16384,900,54,549.756,6.081194559733073,136.14499999999998,0.828,90402.6,False
1024,16384,16384,900,81,549.756,4.263423919677734,168.0142,0.716,128947.0,False
1024,16384,16384,900,108,549.756,3.0532267888387046,203.0867,0.62,180057.3,False
1024,16384,16384,1200,14,549.756,19.62086359659831,107.8134,2.115,28018.9,False
1024,16384,16384,1200,27,549.756,9.137834548950195,148.0226,1.353,60162.6,False
1024,16384,16384,1200,54,549.756,4.563797314961751,196.0294,0.895,120460.2,False
1024,16384,16384,1200,81,549.756,3.2006826400756836,241.7114,0.774,171762.1,False
1024,16384,16384,1200,108,549.756,2.2951253255208335,320.4612,0.735,239531.9,False
1024,16384,16384,1410,14,549.756,16.714239756266277,138.99009090909092,2.323,32891.5,False
1024,16384,16384,1410,27,549.756,7.779669443766276,220.60260000000002,1.716,70665.7,False
1024,16384,16384,1410,54,549.756,3.8896640141805015,325.4259,1.266,141337.6,False
1024,16384,16384,1410,81,549.756,2.7351039250691733,338.05280000000005,0.925,201000.0,False
1024,16384,16384,1410,108,549.756,1.9819520314534504,372.7601,0.739,277381.0,True
2048,4096,4096,300,14,68.719,10.366634368896484,58.047399999999996,0.602,6628.9,False
2048,4096,4096,300,27,68.719,4.690090815226237,63.68029999999999,0.299,14652.1,False
2048,4096,4096,300,54,68.719,2.3935999870300293,77.0171,0.184,28709.7,False
2048,4096,4096,300,81,68.719,1.9114665985107422,77.5348,0.148,35951.2,False
2048,4096,4096,300,108,68.719,1.4453760782877605,91.90490000000001,0.133,47544.4,False
2048,4096,4096,510,14,68.719,6.107818603515625,63.5261,0.388,11251.1,False
2048,4096,4096,510,27,68.719,2.7677014668782554,76.8828,0.213,24829.1,False
2048,4096,4096,510,54,68.719,1.4134613672892253,91.6076,0.129,48617.9,False
2048,4096,4096,510,81,68.719,1.1306666533152263,101.87400000000001,0.115,60777.8,False
2048,4096,4096,510,108,68.719,0.854528029759725,119.17469999999999,0.102,80418.0,False
2048,4096,4096,705,14,68.719,4.4212907155354815,70.0082,0.31,15542.9,False
2048,4096,4096,705,27,68.719,2.0061866442362466,81.77470000000001,0.164,34253.8,False
2048,4096,4096,705,54,68.719,1.0255359808603923,104.8919,0.108,67008.4,False
2048,4096,4096,705,81,68.719,0.8212479750315348,121.60855555555557,0.1,83676.9,False
2048,4096,4096,705,108,68.719,0.6219093402226766,132.0271111111111,0.082,110497.6,False
2048,4096,4096,900,14,68.719,3.468458811442057,72.17249999999999,0.25,19812.7,False
2048,4096,4096,900,27,68.719,1.5737172762552898,91.535,0.144,43667.0,False
2048,4096,4096,900,54,68.719,0.8053759733835856,124.82722222222225,0.101,85326.0,False
2048,4096,4096,900,81,68.719,0.6451199849446615,141.56011111111113,0.091,106522.0,False
2048,4096,4096,900,108,68.719,0.4882773160934448,155.89266666666668,0.076,140738.6,False
2048,4096,4096,1200,14,68.719,2.603007952372233,95.3432,0.248,26400.0,False
2048,4096,4096,1200,27,68.719,1.182207981745402,124.39349999999999,0.147,58128.1,False
2048,4096,4096,1200,54,68.719,0.6056960026423136,165.50411111111111,0.1,113455.4,False
2048,4096,4096,1200,81,68.719,0.48657067616780597,210.322,0.102,141232.3,False
2048,4096,4096,1200,108,68.719,0.3696639935175578,251.8141111111111,0.093,185897.1,False
2048,4096,4096,1410,14,68.719,2.2203733126322427,129.2738,0.287,30949.5,False
2048,4096,4096,1410,27,68.719,1.008128007253011,194.67510000000001,0.196,68165.4,False
2048,4096,4096,1410,54,68.719,0.5171200037002563,269.9255555555556,0.14,132888.8,False
2048,4096,4096,1410,81,68.719,0.4203519821166992,272.4008888888889,0.115,163480.8,False
2048,4096,4096,1410,108,68.719,0.31539199749628705,279.133125,0.088,217885.9,False
2048,8192,8192,300,14,274.878,39.47281138102213,58.62590909090909,2.314,6963.7,False
2048,8192,8192,300,27,274.878,18.385237375895183,66.54172727272727,1.223,14951.0,False
2048,8192,8192,300,54,274.878,9.237674713134766,77.07119999999999,0.712,29756.2,False
2048,8192,8192,300,81,274.878,6.478848139444987,88.23850000000002,0.572,42427.0,False
2048,8192,8192,300,108,274.878,4.643669446309407,102.5413,0.476,59194.1,False
2048,8192,8192,510,14,274.878,23.233535766601562,64.5618,1.5,11831.1,False
2048,8192,8192,510,27,274.878,10.823509216308594,80.5652,0.872,25396.4,False
2048,8192,8192,510,54,274.878,5.440511703491211,97.3714,0.53,50524.3,False
2048,8192,8192,510,81,274.878,3.817983945210775,111.82419999999999,0.427,71995.6,False
2048,8192,8192,510,108,274.878,2.7388585408528647,131.3398,0.36,100362.2,False
2048,8192,8192,705,14,274.878,16.81066640218099,68.03945454545455,1.144,16351.4,False
2048,8192,8192,705,27,274.878,7.83735466003418,88.96790000000001,0.697,35072.8,False
2048,8192,8192,705,54,274.878,3.9401814142862954,117.23060000000001,0.462,69762.8,False
2048,8192,8192,705,81,274.878,2.765141487121582,133.3074,0.369,99408.3,False
2048,8192,8192,705,108,274.878,1.9850239753723145,172.6522,0.343,138475.9,False
2048,8192,8192,900,14,274.878,13.182122548421225,77.651,1.024,20852.3,False
2048,8192,8192,900,27,274.878,6.143317540486653,105.85889999999999,0.65,44744.2,False
2048,8192,8192,900,54,274.878,3.0885547002156577,136.6012,0.422,88998.9,False
2048,8192,8192,900,81,274.878,2.1695146560668945,166.8076,0.362,126700.2,False
2048,8192,8192,900,108,274.878,1.5561386744181316,204.01800000000003,0.317,176641.0,False
2048,8192,8192,1200,14,274.878,9.878186543782553,97.9626,0.968,27826.8,False
2048,8192,8192,1200,27,274.878,4.608170509338379,138.51190000000003,0.638,59650.1,False
2048,8192,8192,1200,54,274.878,2.318847974141439,188.2911,0.437,118540.7,False
2048,8192,8192,1200,81,274.878,1.6305492719014485,235.64270000000002,0.384,168579.9,False
2048,8192,8192,1200,108,274.878,1.1731626987457275,315.7232,0.37,234305.0,False
2048,8192,8192,1410,14,274.878,8.425642649332682,141.2893,1.19,32624.0,False
2048,8192,8192,1410,27,274.878,3.9297707875569663,212.2407,0.834,69947.6,False
2048,8192,8192,1410,54,274.878,1.976319948832194,299.017,0.591,139085.7,False
2048,8192,8192,1410,81,274.878,1.388543923695882,391.62379999999996,0.544,197961.3,False
2048,8192,8192,1410,108,274.878,0.9992533524831136,406.90950000000004,0.407,275083.3,False
2048,16384,16384,300,14,1099.512,158.17642211914062,58.862833333333334,9.311,6951.2,False
2048,16384,16384,300,27,1099.512,72.02543131510417,69.96490909090907,5.039,15265.6,False
2048,16384,16384,300,54,1099.512,34.60027821858724,78.72009090909091,2.724,31777.5,False
2048,16384,16384,300,81,1099.512,23.681195576985676,93.07372727272727,2.204,46429.7,False
2048,16384,16384,300,108,1099.512,18.22105662027995,100.2630909090909,1.827,60342.9,False
2048,16384,16384,510,14,1099.512,93.03774007161458,65.331,6.078,11817.9,False
2048,16384,16384,510,27,1099.512,42.38080088297526,82.15709090909091,3.482,25943.6,False
2048,16384,16384,510,54,1099.512,20.363946278889973,97.06850000000001,1.977,53993.1,False
2048,16384,16384,510,81,1099.512,13.945685068766275,115.75963636363636,1.614,78842.4,False
2048,16384,16384,510,108,1099.512,10.724180857340494,124.4212,1.334,102526.4,False
2048,16384,16384,705,14,1099.512,67.31178792317708,71.95663636363636,4.844,16334.6,False
2048,16384,16384,705,27,1099.512,30.674603780110676,91.20536363636364,2.798,35844.4,False
2048,16384,16384,705,54,1099.512,14.7324587504069,119.96336363636365,1.767,74631.9,False
2048,16384,16384,705,81,1099.512,10.089813232421875,139.66479999999999,1.409,108972.4,False
2048,16384,16384,705,108,1099.512,7.76362673441569,174.6011,1.356,141623.5,False
2048,16384,16384,900,14,1099.512,52.732076009114586,78.30263636363637,4.129,20850.9,False
2048,16384,16384,900,27,1099.512,24.03839874267578,107.56809090909093,2.586,45739.8,False
2048,16384,16384,900,54,1099.512,11.546112060546875,140.28849999999997,1.62,95227.9,False
2048,16384,16384,900,81,1099.512,7.911935806274414,172.22190000000003,1.363,138968.7,False
2048,16384,16384,900,108,1099.512,6.083413441975911,214.2657,1.303,180739.3,False
2048,16384,16384,1200,14,1099.512,39.568214416503906,102.30409090909092,4.048,27787.7,False
2048,16384,16384,1200,27,1099.512,18.02444839477539,151.27254545454545,2.727,61001.1,False
2048,16384,16384,1200,54,1099.512,8.662186940511068,208.61470000000003,1.807,126932.3,False
2048,16384,16384,1200,81,1099.512,5.93783442179362,266.0869,1.58,185170.5,False
2048,16384,16384,1200,108,1099.512,4.569258689880371,332.9134,1.521,240632.4,False
2048,16384,16384,1410,14,1099.512,33.69642639160156,138.2870909090909,4.66,32629.9,False
2048,16384,16384,1410,27,1099.512,15.35436757405599,223.217,3.427,71609.0,False
2048,16384,16384,1410,54,1099.512,7.384917577107747,329.85769999999997,2.436,148886.1,False
2048,16384,16384,1410,81,1099.512,5.065727869669597,362.62589999999994,1.837,217049.1,False
2048,16384,16384,1410,108,1099.512,3.971242586771647,345.7858,1.373,276868.4,True
4096,4096,4096,300,14,137.439,20.023807525634766,57.0952,1.143,6863.8,False
4096,4096,4096,300,27,137.439,9.336661020914713,66.31139999999999,0.619,14720.4,False
4096,4096,4096,300,54,137.439,4.739583969116211,77.7769,0.369,28998.1,False
4096,4096,4096,300,81,137.439,3.3310718536376953,86.43739999999998,0.288,41259.7,False
4096,4096,4096,300,108,137.439,2.3980372746785483,101.3895,0.243,57313.1,False
4096,4096,4096,510,14,137.439,11.789141337076822,63.4345,0.748,11658.1,False
4096,4096,4096,510,27,137.439,5.502805074055989,76.1184,0.419,24976.2,False
4096,4096,4096,510,54,137.439,2.79859193166097,95.20460000000001,0.266,49110.0,False
4096,4096,4096,510,81,137.439,1.9676159222920735,111.80220000000001,0.22,69850.5,False
4096,4096,4096,510,108,137.439,1.4173866907755535,129.24609999999998,0.183,96966.4,False
4096,4096,4096,705,14,137.439,8.533503850301107,70.7073,0.603,16105.8,False
4096,4096,4096,705,27,137.439,3.9850667317708335,85.7698,0.342,34488.5,False
4096,4096,4096,705,54,137.439,2.029226620992025,115.19419999999998,0.234,67729.7,False
4096,4096,4096,705,81,137.439,1.4272853533426921,133.76919999999998,0.191,96294.0,False
4096,4096,4096,705,108,137.439,1.0316800276438396,161.31029999999998,0.166,133218.6,False
4096,4096,4096,900,14,137.439,6.687231699625651,76.3458,0.511,20552.4,False
4096,4096,4096,900,27,137.439,3.1266132990519204,97.21920000000001,0.304,43957.8,False
4096,4096,4096,900,54,137.439,1.592149257659912,127.26960000000001,0.203,86322.9,False
4096,4096,4096,900,81,137.439,1.1195733547210693,157.1524,0.176,122760.1,False
4096,4096,4096,900,108,137.439,0.807423988978068,189.70044444444443,0.153,170219.1,False
4096,4096,4096,1200,14,137.439,5.014357248942058,99.35469999999998,0.498,27409.1,False
4096,4096,4096,1200,27,137.439,2.3483732541402182,132.4328,0.311,58525.2,False
4096,4096,4096,1200,54,137.439,1.1963733037312825,186.04000000000002,0.223,114879.7,False
4096,4096,4096,1200,81,137.439,0.8444586594899496,232.36377777777776,0.196,162753.9,False
4096,4096,4096,1200,108,137.439,0.609279990196228,303.8531111111111,0.185,225576.0,False
4096,4096,4096,1410,14,137.439,4.278784116109212,139.6986,0.598,32121.0,False
4096,4096,4096,1410,27,137.439,2.0008959770202637,206.54039999999995,0.413,68688.7,False
4096,4096,4096,1410,54,137.439,1.0202453136444092,304.4634,0.311,134711.7,False
4096,4096,4096,1410,81,137.439,0.7188479900360107,391.36733333333336,0.281,191193.3,False
4096,4096,4096,1410,108,137.439,0.5195093154907227,380.75,0.198,264555.3,False
4096,8192,8192,300,14,549.756,80.9497578938802,58.61672727272728,4.745,6791.3,False
4096,8192,8192,300,27,549.756,36.263936360677086,67.763,2.457,15159.8,False
4096,8192,8192,300,54,549.756,17.540607452392578,80.732,1.416,31341.9,False
4096,8192,8192,300,81,549.756,12.024319966634115,89.6944,1.079,45720.3,False
4096,8192,8192,300,108,549.756,9.24996248881022,100.8058,0.932,59433.3,False
4096,8192,8192,510,14,549.756,47.66088358561198,64.66159999999999,3.082,11534.7,False
4096,8192,8192,510,27,549.756,21.347157796223957,78.64218181818183,1.679,25753.1,False
4096,8192,8192,510,54,549.756,10.335061391194662,99.7616,1.031,53193.3,False
4096,8192,8192,510,81,549.756,7.080618540445964,114.0642,0.808,77642.3,False
4096,8192,8192,510,108,549.756,5.444949467976888,138.8079,0.756,100966.2,False
4096,8192,8192,705,14,549.756,34.45777130126953,69.5412,2.396,15954.5,False
4096,8192,8192,705,27,549.756,15.454719543457031,90.04436363636364,1.392,35572.0,False
4096,8192,8192,705,54,549.756,7.475370407104492,108.6249,0.812,73542.3,False
4096,8192,8192,705,81,549.756,5.131946563720703,144.9386,0.744,107124.2,False
4096,8192,8192,705,108,549.756,3.9490559895833335,168.28820000000002,0.665,139212.0,False
4096,8192,8192,900,14,549.756,26.994517008463543,77.3106,2.087,20365.5,False
4096,8192,8192,900,27,549.756,12.110506693522135,105.85230000000001,1.282,45394.9,False
4096,8192,8192,900,54,549.756,5.860181172688802,132.8422,0.778,93812.1,False
4096,8192,8192,900,81,549.756,4.019712130228679,178.3817,0.717,136765.0,False
4096,8192,8192,900,108,549.756,3.0912853876749673,214.8165,0.664,177840.5,False
4096,8192,8192,1200,14,549.756,20.262229919433594,101.09909090909092,2.048,27132.0,False
4096,8192,8192,1200,27,549.756,9.084245045979818,146.2329,1.328,60517.5,False
4096,8192,8192,1200,54,549.756,4.396714528401692,199.7919,0.878,125037.9,False
4096,8192,8192,1200,81,549.756,3.0202881495157876,249.3553,0.753,182021.0,False
4096,8192,8192,1200,108,549.756,2.3237973848978677,329.63929999999993,0.766,236576.5,False
4096,8192,8192,1410,14,549.756,17.25610605875651,134.352,2.318,31858.6,False
4096,8192,8192,1410,27,549.756,7.7414398193359375,222.2062,1.72,71014.7,False
4096,8192,8192,1410,54,549.756,3.7481813430786133,312.2175,1.17,146672.7,False
4096,8192,8192,1410,81,549.756,2.5758719444274902,396.7075000000001,1.022,213425.1,False
4096,8192,8192,1410,108,549.756,1.9819520314534504,394.7059,0.782,277381.0,False
4096,16384,16384,300,14,2199.023,311.6153157552083,60.84915789473684,18.962,7056.9,False
4096,16384,16384,300,27,2199.023,143.99590047200522,69.81372727272725,10.053,15271.4,False
4096,16384,16384,300,54,2199.023,69.14201354980469,81.08354545454546,5.606,31804.4,False
4096,16384,16384,300,81,2199.023,47.315287272135414,92.99654545454547,4.4,46476.0,False
4096,16384,16384,300,108,2199.023,34.62058766682943,103.05236363636364,3.568,63517.8,False
4096,16384,16384,510,14,2199.023,183.32928466796875,68.43645454545457,12.546,11994.9,False
4096,16384,16384,510,27,2199.023,84.72336832682292,82.65109090909091,7.002,25955.3,False
4096,16384,16384,510,54,2199.023,40.68488566080729,102.03745454545455,4.151,54050.1,False
4096,16384,16384,510,81,2199.023,27.843584696451824,110.99318181818181,3.09,78977.7,False
4096,16384,16384,510,108,2199.023,20.37623469034831,144.8723,2.952,107921.0,False
4096,16384,16384,705,14,2199.023,132.65851847330728,75.60427272727271,10.03,16576.6,False
4096,16384,16384,705,27,2199.023,61.306365966796875,94.69845454545454,5.806,35869.4,False
4096,16384,16384,705,54,2199.023,29.436075846354168,117.67269999999999,3.464,74705.0,False
4096,16384,16384,705,81,2199.023,20.149247487386067,144.6201818181818,2.914,109136.7,False
4096,16384,16384,705,108,2199.023,14.748330434163412,178.0456363636364,2.626,149103.2,False
4096,16384,16384,900,14,2199.023,103.9470926920573,82.7548181818182,8.602,21155.2,False
4096,16384,16384,900,27,2199.023,48.03840128580729,107.76254545454545,5.177,45776.4,False
4096,16384,16384,900,54,2199.023,23.067476908365887,140.96790909090907,3.252,95330.0,False
4096,16384,16384,900,81,2199.023,15.791615804036459,177.4716,2.803,139252.6,False
4096,16384,16384,900,108,2199.023,11.553109486897787,216.175,2.497,190340.4,False
4096,16384,16384,1200,14,2199.023,77.97811381022136,108.65981818181818,8.473,28200.5,False
4096,16384,16384,1200,27,2199.023,36.03268178304037,146.27772727272725,5.271,61028.6,False
4096,16384,16384,1200,54,2199.023,17.30406443277995,211.179,3.654,127081.3,False
4096,16384,16384,1200,81,2199.023,11.849386850992838,263.3753,3.121,185581.2,False
4096,16384,16384,1200,108,2199.023,8.68130111694336,344.32150000000007,2.989,253305.7,False
4096,16384,16384,1410,14,2199.023,66.38728332519531,151.82363636363633,10.079,33124.2,False
4096,16384,16384,1410,27,2199.023,30.689961751302082,224.37927272727268,6.886,71652.9,False
4096,16384,16384,1410,54,2199.023,14.743722279866537,332.2132727272727,4.898,149149.8,False
4096,16384,16384,1410,81,2199.023,10.112682978312174,397.984,4.025,217452.0,False
4096,16384,16384,1410,108,2199.023,7.794517517089844,384.78799999999995,2.999,282124.4,False
8192,4096,4096,300,14,274.878,41.095680236816406,58.102909090909094,2.388,6688.7,False
8192,4096,4096,300,27,274.878,18.393258412679035,65.83436363636363,1.211,14944.5,False
8192,4096,4096,300,54,274.878,8.989184061686197,79.83039999999998,0.718,30578.7,False
8192,4096,4096,300,81,274.878,6.170282363891602,91.7874,0.566,44548.7,False
8192,4096,4096,300,108,274.878,4.748799959818522,98.7793,0.469,57883.7,False
8192,4096,4096,510,14,274.878,24.16503397623698,63.764363636363626,1.541,11375.0,False
8192,4096,4096,510,27,274.878,10.832555135091146,77.26820000000001,0.837,25375.2,False
8192,4096,4096,510,54,274.878,5.3000532786051435,98.8149,0.524,51863.2,False
8192,4096,4096,510,81,274.878,3.6365652084350586,119.81009999999999,0.436,75587.2,False
8192,4096,4096,510,108,274.878,2.7997865676879883,132.13739999999999,0.37,98178.2,False
8192,4096,4096,705,14,274.878,17.491626739501953,70.217,1.228,15714.8,False
8192,4096,4096,705,27,274.878,7.843498865763347,88.9854,0.698,35045.3,False
8192,4096,4096,705,54,274.878,3.841024080912272,116.47380000000001,0.447,71563.7,False
8192,4096,4096,705,81,274.878,2.6362880071004233,141.70739999999998,0.374,104267.0,False
8192,4096,4096,705,108,274.878,2.0305919647216797,167.8936,0.341,135368.4,False
8192,4096,4096,900,14,274.878,13.705387115478516,75.8068,1.039,20056.2,False
8192,4096,4096,900,27,274.878,6.146730422973633,100.9114,0.62,44719.4,False
8192,4096,4096,900,54,274.878,3.011413256327311,131.66339999999997,0.396,91278.7,False
8192,4096,4096,900,81,274.878,2.066773255666097,177.0653,0.366,132998.6,False
8192,4096,4096,900,108,274.878,1.5924906730651855,208.75609999999998,0.332,172608.8,False
8192,4096,4096,1200,14,274.878,10.275840123494467,99.06779999999999,1.018,26749.9,False
8192,4096,4096,1200,27,274.878,4.614997227986653,136.7659,0.631,59561.9,False
8192,4096,4096,1200,54,274.878,2.270378589630127,190.75199999999998,0.433,121071.4,False
8192,4096,4096,1200,81,274.878,1.55511474609375,257.49719999999996,0.4,176757.3,False
8192,4096,4096,1200,108,274.878,1.1989333629608154,286.6782,0.344,229268.7,False
8192,4096,4096,1410,14,274.878,8.760661443074545,136.45229999999998,1.195,31376.4,False
8192,4096,4096,1410,27,274.878,3.9342079162597656,201.3863,0.792,69868.7,False
8192,4096,4096,1410,54,274.878,1.9292160669962566,323.6916,0.624,142481.7,False
8192,4096,4096,1410,81,274.878,1.3264213403065999,386.84970000000004,0.513,207232.7,False
8192,4096,4096,1410,108,274.878,1.0222933292388916,396.8524,0.406,268883.6,False
8192,8192,8192,300,14,1099.512,156.8143310546875,58.86409090909091,9.231,7011.6,False
8192,8192,8192,300,27,1099.512,72.47837829589844,69.19554545454545,5.015,15170.2,False
8192,8192,8192,300,54,1099.512,35.02660369873047,81.06172727272728,2.839,31390.8,False
8192,8192,8192,300,81,1099.512,23.97644805908203,92.94727272727273,2.229,45858.0,False
8192,8192,8192,300,108,1099.512,17.555967966715496,106.16760000000002,1.864,62628.9,False
8192,8192,8192,510,14,1099.512,92.26854451497395,65.07436363636364,6.004,11916.4,False
8192,8192,8192,510,27,1099.512,42.64738210042318,81.55490909090912,3.478,25781.5,False
8192,8192,8192,510,54,1099.512,20.61346181233724,97.68654545454547,2.014,53339.5,False
8192,8192,8192,510,81,1099.512,14.115669250488281,116.99563636363634,1.651,77893.0,False
8192,8192,8192,510,108,1099.512,10.338303883870443,143.71550000000002,1.486,106353.2,False
8192,8192,8192,705,14,1099.512,66.77060445149739,71.66981818181819,4.785,16467.0,False
8192,8192,8192,705,27,1099.512,30.87291717529297,89.99136363636366,2.778,35614.1,False
8192,8192,8192,705,54,1099.512,14.921557108561197,108.6799,1.622,73686.1,False
8192,8192,8192,705,81,1099.512,10.22003173828125,143.23229999999998,1.464,107584.0,False
8192,8192,8192,705,108,1099.512,7.485269546508789,177.579,1.329,146890.1,False
8192,8192,8192,900,14,1099.512,52.322306315104164,77.87754545454546,4.075,21014.2,False
8192,8192,8192,900,27,1099.512,24.196266174316406,101.94936363636366,2.467,45441.4,False
8192,8192,8192,900,54,1099.512,11.690155029296875,131.17749999999998,1.533,94054.5,False
8192,8192,8192,900,81,1099.512,8.007509231567383,121.05099999999999,0.969,137310.1,False
8192,8192,8192,900,108,1099.512,5.867178599039714,219.79479999999998,1.29,187400.4,False
8192,8192,8192,1200,14,1099.512,39.23336537679037,98.32754545454546,3.858,28024.9,False
8192,8192,8192,1200,27,1099.512,18.148863474527996,137.7222,2.5,60582.9,False
8192,8192,8192,1200,54,1099.512,8.776533126831055,195.04180000000002,1.712,125278.6,False
8192,8192,8192,1200,81,1099.512,6.011221567789714,264.61289999999997,1.591,182909.8,False
8192,8192,8192,1200,108,1099.512,4.412927945454915,291.1873,1.285,249156.9,False
8192,8192,8192,1410,14,1099.512,33.42711385091146,137.2873636363636,4.589,32892.8,False
8192,8192,8192,1410,27,1099.512,15.459157307942709,210.0788181818182,3.248,71123.6,False
8192,8192,8192,1410,54,1099.512,7.478613535563151,318.5458,2.382,147020.8,False
8192,8192,8192,1410,81,1099.512,5.133141199747722,368.1755,1.89,214198.6,False
8192,8192,8192,1410,108,1099.512,3.7626880009969077,401.0548,1.509,292214.4,False
8192,16384,16384,300,14,4398.047,632.4589029947916,58.78192105263158,37.177,6953.9,False
8192,16384,16384,300,27,4398.047,287.927978515625,69.96555555555555,20.145,15274.8,False
8192,16384,16384,300,54,4398.047,138.2301025390625,81.53525,11.271,31816.9,False
8192,16384,16384,300,81,4398.047,94.5662333170573,93.87481818181818,8.877,46507.6,False
8192,16384,16384,300,108,4398.047,69.17051696777344,106.68818181818183,7.38,63582.7,False
8192,16384,16384,510,14,4398.047,371.9727783203125,65.23926086956523,24.267,11823.6,False
8192,16384,16384,510,27,4398.047,169.39775594075522,82.70936363636363,14.011,25962.8,False
8192,16384,16384,510,54,4398.047,81.32778422037761,102.23545454545456,8.315,54078.0,False
8192,16384,16384,510,81,4398.047,55.65337626139323,121.5340909090909,6.764,79025.7,False
8192,16384,16384,510,108,4398.047,40.70451100667318,141.37727272727273,5.755,108048.1,False
8192,16384,16384,705,14,4398.047,269.0952555338542,71.91629411764706,19.352,16343.8,False
8192,16384,16384,705,27,4398.047,122.57143147786458,94.99783333333335,11.644,35881.5,False
8192,16384,16384,705,54,4398.047,58.8385264078776,122.15869999999998,7.188,74747.7,False
8192,16384,16384,705,81,4398.047,40.27118937174479,147.0054545454545,5.92,109210.7,False
8192,16384,16384,705,108,4398.047,29.458773295084637,180.53436363636365,5.318,149295.0,False
8192,16384,16384,900,14,4398.047,210.7926228841146,78.15661538461539,16.475,20864.3,False
8192,16384,16384,900,27,4398.047,96.05086263020833,107.73781818181818,10.348,45788.7,False
8192,16384,16384,900,54,4398.047,46.10252888997396,141.77818181818182,6.536,95397.1,False
8192,16384,16384,900,81,4398.047,31.550804138183594,175.27572727272727,5.53,139395.7,False
8192,16384,16384,900,108,4398.047,23.07481638590495,218.65545454545455,5.045,190599.4,False
8192,16384,16384,1200,14,4398.047,158.12488810221353,101.83541666666667,16.103,27813.8,False
8192,16384,16384,1200,27,4398.047,71.9095458984375,152.15009090909092,10.941,61160.8,False
8192,16384,16384,1200,54,4398.047,34.579968770345054,212.47145454545452,7.347,127184.8,False
8192,16384,16384,1200,81,4398.047,23.67163848876953,268.556,6.357,185793.9,False
8192,16384,16384,1200,108,4398.047,17.32693354288737,349.3404545454545,6.053,253827.2,False
8192,16384,16384,1410,14,4398.047,134.66828409830728,143.5901818181818,19.337,32658.4,False
8192,16384,16384,1410,27,4398.047,61.34971618652344,224.40663636363635,13.767,71688.1,False
8192,16384,16384,1410,54,4398.047,29.45416514078776,319.17781818181817,9.401,149318.3,False
8192,16384,16384,1410,81,4398.047,20.39347203572591,396.9735454545455,8.096,215659.5,False
8192,16384,16384,1410,108,4398.047,16.055296579996746,408.6865454545454,6.562,273931.2,False
